Participant,TaskKey,CognitiveLoad,EEG_Delta_Mean,EEG_Theta_Mean,EEG_Alpha_Mean,EEG_Beta_Mean,EEG_Gamma_Mean,EEG_Delta_Var,EEG_Theta_Var,EEG_Alpha_Var,EEG_Beta_Var,EEG_Gamma_Var,EEG_Theta_Alpha_Ratio,EEG_Theta_Beta_Ratio,GSR_Mean,GSR_Var
1,1spl1,0,0.2395370066748739,0.17661380678795713,0.4145014818096627,0.2677452511396595,-0.2078201775204918,0.2009584829002181,0.2410492168473911,0.3453180270148457,0.5108307159118007,0.7200611429266557,0.42608727377956673,0.6596337577475808,18.194720935294693,1.9607585969105414
1,1spl2,0,0.7250219007624428,0.41792052752846326,0.5979130730623807,0.3267721096033699,-0.053515171414246165,0.17005561341538517,0.318388635596865,0.3290530504612931,0.413482128911723,0.6797814194068159,0.6989653607822954,1.2789357291134544,18.06747552353186,0.16797256792424548
1,1Item1,0,0.8425284463275245,0.5153610190156612,0.6740775445267436,0.36351127719185916,-0.10401558410718874,0.1881226775857231,0.24592938295880473,0.21438236235002395,0.40751381337634307,0.6281493758564406,0.7645426293097233,1.4177304802731776,17.45508856023697,0.05633760597349271
1,1Item2,0,0.8435362331335127,0.5215880142675974,0.7171197509767585,0.298958851764925,-0.14232544213188844,0.2845339349932434,0.16637381559659029,0.22432545066101703,0.4416737828324383,0.7273021029094775,0.727337397735632,1.744681615692874,17.686396187150837,0.438448249081201
1,1Item3,0,0.7974707664949136,0.44903554320924827,0.6380487467344372,0.3082173006060561,-0.1567578993887465,0.11921635418868759,0.11965594032329217,0.1596699414422058,0.42662945277898057,0.7439334652054177,0.7037636932972114,1.45687974318579,16.48402198284366,0.09295843858612865
1,1Item4,0,0.8042233549404739,0.46350927643635464,0.6106958576301549,0.29032519605449714,-0.14570553418760127,0.18091858782398088,0.15767391406342068,0.19567034324638022,0.4353311331555786,0.7297691505803723,0.7589854587781997,1.5965175642310818,16.92872000284182,0.1418938194438449
1,1Item5,0,0.8244133401367448,0.51067927764053,0.7220349371465034,0.31851645635587716,-0.11355479814586632,0.1675542523138763,0.14593372490547724,0.18837977530689654,0.4564046669029564,0.6975838659362354,0.7072777931653378,1.603305781685089,16.696622405331407,0.17807665067101752
1,1Item6,0,0.8404479252301738,0.5083370489600887,0.7139343928272358,0.3218730258306448,-0.2008146773608648,0.09817454742834525,0.12046353868084396,0.16198550910413012,0.4982989763250217,0.7099537204872257,0.7120220756350066,1.5793092511214146,16.152070468314616,0.020948802444660894
1,1Item7,0,0.7010759868237251,0.5075476235859294,0.6892760254213045,0.33442954892510157,-0.19064236247736507,0.09870877905900367,0.19543663932447972,0.2180628659247473,0.46481597297450983,0.6985692361782261,0.736348870598471,1.5176518453575623,17.292230203990865,0.47361921802746626
1,1Item8,0,0.7102548224758394,0.4973458063796162,0.7123878683445838,0.3153882274352349,-0.1849857374583448,0.281173060483413,0.22043034783592877,0.24129990845374755,0.48865533283532925,0.6946316158033051,0.6981390725212486,1.5769320524331054,16.92716371459408,0.10960669811258793
1,1Item9,0,0.8789568491717584,0.7173777282190801,0.8408675135218092,0.33567379511456213,-0.1768475938847726,0.09192172575740429,0.11303146241587417,0.13471002734297222,0.48667639796591744,0.5910268769863657,0.8531400200744392,2.1371275819642657,17.431660526864114,0.3592328621655282
1,1Item10,0,0.9312561549226144,0.6164334233255371,0.7496496623093087,0.37551201881425905,-0.0812200681285998,0.1449758526449447,0.1779653789010085,0.18736558096571657,0.4191157372655057,0.6500720882210564,0.8222953380707302,1.641581070109143,16.535687677723164,0.13813029186504514
1,2spl1,1,0.35080730625555845,0.13077359352113774,0.3603746294708247,0.26663812027009387,-0.20638164652770097,0.44498525934895966,0.34433345486297157,0.3380047526796489,0.6460181799323192,0.75562175124075,0.3628823520409407,0.49045347641295917,17.754678986022267,0.35732971122143875
1,2spl2,1,0.8562981603315188,0.4059212766436549,0.5441405726885701,0.3254875507744459,-0.1583592254544437,0.4807783215852364,0.16762493858607597,0.1386984370650534,0.352591938932085,0.39034454832877585,0.7459860489579615,1.2471176683431118,17.709924379894026,0.08794594046111827
1,2Item1,1,0.9352409861549856,0.6658416312257948,0.779826999860549,0.44499001637252533,-0.13949952404154628,0.14822102575611934,0.14076936860495848,0.16367331427976584,0.469471147561412,0.5500843604542409,0.853832491682168,1.4963068950564402,17.883961519337493,0.14085782907899697
1,2Item2,1,1.1227470223395721,0.848656984764706,0.902279314946524,0.37097769380377016,-0.10661585844652402,0.028810686308905372,0.01540853628823545,0.056878503761431894,0.4913487177858691,0.5074492436043889,0.9405701424890072,2.287622670181305,18.13026247121754,0.10068684743095142
1,2Item3,1,1.0716091218188668,0.7541807733242917,0.8596021354701628,0.5152086765641954,-0.043558898661543104,0.030961999344379865,0.05119981705817553,0.08432419603493202,0.40720858199638355,0.49202764913573965,0.8773602825386528,1.4638355411440447,18.319724630352265,0.017828908460012574
1,2Item4,1,1.25404945934154,0.7553364751796449,0.8429766857400516,0.4784677954153593,-0.05553836622409817,0.14981370574401087,0.05236982274286305,0.1002048535672286,0.3417426228048566,0.5791364494497715,0.8960348335381281,1.5786568727060892,18.017841967669906,0.10185186858896937
1,2Item5,1,0.9545801325137061,0.7150956399188684,0.8321780726145834,0.40337237600491227,-0.09647062709372801,0.18042986845294048,0.11963519932919303,0.09829893556745886,0.41008411710382536,0.5731966199722502,0.8593060338790651,1.7727927857344576,18.544337302070147,0.23407747241689555
1,2Item6,1,0.9711984101424036,0.6647608985978296,0.7896215565408627,0.3963201709825964,-0.11478261380158092,0.14311735408561801,0.14527476520319327,0.12602268711922665,0.42976842033365636,0.6748126110069883,0.8418727835497682,1.677332988811433,18.25298495425842,0.13345952067731462
1,2Item7,1,1.0052717569524414,0.6902764732410586,0.677293512673439,0.41741427602273085,-0.056965949928896406,0.12367683546219238,0.09253428712666527,0.09261426346926444,0.45963845837407,0.6831985054070335,1.0191688821840386,1.6536963665080113,18.26150116598479,0.4799783204792226
1,2Item8,1,0.885625619269424,0.6109495274213762,0.851539496285456,0.38927884214287783,-0.16225658137504825,0.11367701553074783,0.07323968011428632,0.16760726150607022,0.492704290417574,0.6263663997997404,0.717464697021061,1.5694393316852775,18.52219350363986,0.11143336555819375
1,2Item9,1,0.8345938413650841,0.6152391202870879,0.7304278729296018,0.4100168799367101,-0.07281633805917324,0.09185633614735564,0.07289993774108448,0.11093871094829144,0.4334686721432079,0.6322166778100473,0.8422996195054632,1.5005214392186348,18.391955380498747,0.13116296095260296
1,2Item10,1,0.8397702538108691,0.5807250783975785,0.795795751501631,0.4575574901865103,0.005135433484022564,0.12426840193873463,0.06862263974964117,0.09331350900974701,0.4465687594647339,0.6792000144107272,0.7297413646303526,1.2691849430585813,19.762596288625062,1.1513206232559041
1,3spl1,2,0.46294889345135604,0.279924121812648,0.551843416816568,0.26477305861489153,-0.17108444078402366,0.14216597751187565,0.10103480283499046,0.24072463528839325,0.4514419758485112,0.7101914390477854,0.5072528053704074,1.0572228240282202,19.368087159968866,0.1417989371778463
1,3spl2,2,0.5334716716235259,0.40544097719398586,0.529846927704602,0.21469629819280667,-0.20104365554245282,0.16184119074534115,0.06677828086131311,0.19699126546137377,0.5770613066403406,0.8042967773451662,0.7652039772793052,1.8884395246602836,19.39181972816616,0.026905901228101454
1,3Item15,2,0.8014624870369412,0.5353992275387939,0.6341067227625151,0.2974929276047081,-0.17844170263038664,0.30726435165908145,0.18645015739457815,0.18381518715684006,0.492485629430455,0.8199293225061441,0.844336146385527,1.799704046916027,19.035641341977094,0.04030958278331346
1,3Item2,2,1.0977409743947657,0.7422061834768813,0.8802324015212649,0.4373126091082333,-0.10653607863331521,0.06530685415139248,0.08036099880099377,0.1323788206246226,0.32561726401693114,0.7302138424899133,0.8431934354506461,1.6971982200403228,18.807727996160825,0.0747936080932965
1,3Item5,2,1.0568748675908417,0.7161448534101484,0.827985018391708,0.3700412829222524,-0.12463711257222777,0.11199127372814588,0.0945753111638174,0.12570557611460012,0.3550966379460002,0.585700747604884,0.8649248919216864,1.935310692416185,19.197587981029262,0.021842434774497335
1,3Item12,2,1.1492248819590465,0.7819423242036471,0.871570292769356,0.4098258429969641,-0.16889015247504077,0.05743915291738806,0.09654938028006198,0.13183364265711978,0.3674095677006792,0.6282434934835178,0.8971649559347794,1.9079868574843695,19.501809761039922,0.19640824146324057
1,3Item6,2,1.107019372522163,0.8079426232347074,0.9253238733843085,0.4425244601729388,-0.11051981527526596,0.04733985906040481,0.12727168253438484,0.12984218894489352,0.3505197975585142,0.5888672662277912,0.8731457661484158,1.8257581085872743,19.220851000120955,0.013626723087793696
1,3Item8,2,1.0007902469141174,0.6369963129729862,0.8336054010440639,0.41765988751599287,-0.06334890584148883,0.12361461188040553,0.08470465874903482,0.12060827889857735,0.35110243626651233,0.6542841994963186,0.7641460952760416,1.525155588285789,19.476311328133654,0.1351059128230348
1,3Item7,2,0.6887107862268067,0.5499908615545166,0.820305627753662,0.3951278412747803,-0.11820022243603523,0.10961859253313763,0.08424098753446393,0.17646325534449686,0.3588217676094646,0.7526039361430135,0.6704706663907082,1.3919314275303365,19.078088388115667,0.036044973466732355
1,3Item9,2,1.0763759471674417,0.7374168571535858,0.8276644480598645,0.42026962000028006,-0.05504822818704809,0.13236665905015427,0.10261908546732365,0.1347584844979593,0.39671848887406735,0.638335922446597,0.8909611352658798,1.7546280299738686,18.75943293853741,0.05334284554729962
1,3Item17,2,1.0971539460681752,0.7841326916447987,0.9319864417976785,0.42215309779297683,-0.11242567995320307,0.09826948382898305,0.06507974414996447,0.08086601796823584,0.43373583725710935,0.6719174512420714,0.8413563284149866,1.8574604660887164,18.20903027099731,0.02004980215847909
1,3Item19,2,1.0886530498329896,0.7383272782802425,0.8607316654610524,0.45764608523226086,-0.04849576114546355,0.11575657582080752,0.06019796234358258,0.08393129761001225,0.37455573644332196,0.5787613774118928,0.8577903045160606,1.6133149621332772,19.166797738554337,0.3637484348976582
1,3Item11,2,1.1054504426481706,0.5969882844690806,0.8346514975408982,0.38709516487613704,-0.08183669720222256,0.14849259501390438,0.06465680274918226,0.10141447087025271,0.37717279661161274,0.5515342567268358,0.7152545529633744,1.5422261425504478,19.590297060193432,0.037214417145487406
1,3Item4,2,0.7059365383336027,0.6067610519326893,0.8246871841618693,0.3815613295541963,-0.09417205683453027,0.07185891282854348,0.07186810990403314,0.12106972905729736,0.428743082226073,0.6175488248138907,0.7357469145268632,1.5902058289067265,18.92399556555556,0.025926203242662094
1,3Item13,2,0.9286657244577331,0.6562180607273305,0.7282566139867584,0.3886947635353813,-0.021002943337076252,0.16721173606894368,0.1379208712589702,0.14931814906111726,0.4662179051697932,0.5760339785735286,0.9010808102845207,1.6882606111552028,18.75776045010035,0.021834564375963792
1,3Item10,2,1.099889666910828,0.7737622814092355,0.9344783565764332,0.424641479701433,0.03356567403343948,0.033987094702654264,0.023971331536738028,0.1596868052196317,0.31321298020379607,0.6083700482539101,0.8280151970731411,1.8221542561765665,18.62596358865015,0.0008704927250218914
2,1spl1,0,0.8284408218948321,0.4928881667089982,0.6425194000051375,0.3716009392385917,0.12585327531331217,0.09969004018219658,0.08940813323575007,0.07035769411306249,0.018770031672154793,0.01567830122305526,0.7671179515170113,1.3263910645450259,7.17608270667262,0.02364936714220243
2,1spl2,0,0.6156691734875447,0.3404176583763383,0.5261380851924518,0.3145461085938615,0.05522365256879016,0.209022989107487,0.16064493036975241,0.13805793705993274,0.01647327030016372,0.02073796695565282,0.6470120056121915,1.0822504173263559,7.134386004940209,0.022989756544951008
2,1Item1,0,0.4443991059367681,0.30784139365388646,0.5117155616543325,0.3509328938488291,0.0639337158338993,0.0801107514222233,0.08755081308333319,0.060647979388188646,0.021480946481830628,0.02074884319303686,0.6015869285996985,0.8772087147501373,7.179513331007552,0.019990819943770055
2,1Item2,0,0.47862280276403657,0.25722271211393877,0.48696386437927425,0.3927940564597272,0.11883989029018144,0.13102419033546445,0.13107544971572027,0.11735182007529828,0.030682869312424536,0.029540433313644615,0.5282172464965127,0.6548538788428884,7.00535304998038,0.0069844858456939935
2,1Item3,0,0.31090235563607166,0.15735504722156965,0.35971733534398553,0.32386979111582137,0.091214112126529,0.1128716712737425,0.10914668857157642,0.11134277239969759,0.016340833075922524,0.013585627272545931,0.43744082178762805,0.48585898114664794,6.947140668302926,0.037187979058340086
2,1Item4,0,0.36522895361692936,0.21670069073349976,0.4244236954464068,0.3294530310735927,0.08929778403773841,0.14827717479735766,0.11570921254500664,0.11186067912678978,0.018754241565555118,0.02020890110367658,0.5105763239608917,0.657758981210692,6.830469970506244,0.0498736791258542
2,1Item5,0,0.4062048685026838,0.22032305194152382,0.4311964221097437,0.3595152206350916,0.1251074633075633,0.160430288349574,0.1319127705979655,0.09544172034780192,0.020658922996928418,0.019405693795307818,0.5109575129417283,0.6128337235332749,6.605644937647712,0.05097914255302969
2,1Item6,0,0.5034490192671265,0.27893953419513545,0.5093631125572013,0.37166256012929394,0.12036636284256658,0.10915112912879882,0.07311211502893465,0.07800781871838677,0.015412704478631276,0.017222629799173047,0.5476241344747682,0.7505182479170883,6.556750972637575,0.03541030323096239
2,1Item7,0,0.2883860572374579,0.13306019958291895,0.3356188260419128,0.3965575550426703,0.1247674632580031,0.29047504402580876,0.18566108813584492,0.142722909388984,0.017981140728355938,0.014264662812843,0.39646226272729956,0.3355381773852808,6.279386034645294,0.011222646349770028
2,1Item8,0,0.5664628381817972,0.32071790434686426,0.5125743937637149,0.4066195290505646,0.16476661992693298,0.08542076600266821,0.06543145723464311,0.06952446865023137,0.012539883889091738,0.023648798454818064,0.6257002059080767,0.788742007318197,6.351662902827587,0.033840860588812915
2,1Item9,0,0.35903586066352244,0.16679851140241927,0.3791839580500075,0.390915012434461,0.171788829860283,0.09564560085657667,0.085157863931056,0.09377516783189238,0.01696600984009132,0.022016229491117582,0.43988810027805414,0.4266874017883786,6.439150375164222,0.04494194119673749
2,1Item10,0,0.29031517891697683,0.052850283620950705,0.342439365584956,0.3750274016634055,0.18652900849519616,0.16280095413916168,0.1065863259957458,0.06984222387423296,0.021387089321472243,0.032324190110609746,0.1543347195972547,0.1409237918232468,7.001227765088341,0.07092994739717205
2,2spl1,1,0.5367322856616393,0.28712500887298903,0.482933671215097,0.3417311514071704,0.133364357965326,0.15828329166445115,0.0981022499689613,0.08969074845727112,0.013040927995598372,0.019495679798942317,0.5945433615262689,0.8402072999504635,7.331602778667128,0.018865198165258373
2,2spl2,1,0.6244219050940549,0.39033414973539254,0.5304226599425914,0.3515284255969934,0.07735218979443743,0.10279019500678935,0.08160252305730292,0.06195646648138406,0.03249411484452736,0.020888688288963335,0.7358926729143631,1.1103914227195277,7.255546851365666,0.07806224241355803
2,2Item1,1,0.48230811892790204,0.27223887126677576,0.48350497167774,0.30132507056345914,0.04386213756466588,0.1501279988242129,0.12029754182782036,0.15657316341407218,0.03238741058350054,0.022028949768106685,0.5630528880790336,0.9034723524804412,7.07660454305869,0.05747794010032178
2,2Item2,1,0.48315243516866163,0.2761164967316526,0.5343592635706835,0.3399738299689123,0.13682343850814152,0.09866838372420642,0.09067647736556483,0.10419456655696549,0.036979556173317725,0.03468129392901952,0.5167244493337099,0.8121698542053406,7.092235717269219,0.05271640640229667
2,2Item3,1,0.42787196302179903,0.27566444771626963,0.4579205774716339,0.287699984803548,0.07054981803602049,0.14660862762196156,0.12417461764118878,0.11849531147377391,0.030826244251283053,0.025401642850440026,0.6019918315012912,0.9581663584248603,7.221563389004887,0.04199276985757922
2,2Item4,1,0.39536084700987806,0.2963645275707737,0.4673465486391148,0.33146326520529584,0.07809579531863373,0.2227609138085778,0.19109833836605086,0.11224240675063805,0.0334614386409402,0.033204124638256574,0.634142966925992,0.894109718291428,7.343559245006556,0.06723935694481462
2,2Item5,1,0.24982772118023108,0.16186101549290044,0.3640401562128063,0.2976814718359687,0.059271403986265694,0.2570489825340889,0.1819962510348136,0.15005682515043797,0.02593470470369239,0.0400264659823756,0.44462406766372653,0.5437389634997225,7.458669267396692,0.045219529876255396
2,2Item6,1,0.6435765798481036,0.371081390316753,0.5403091551102566,0.33986874491134306,0.0719115163728169,0.11084974516915089,0.11700688687749557,0.10595490256314548,0.02831673485066597,0.03359051521602859,0.686794562187707,1.0918373483319703,7.229880866527483,0.06753574577049663
2,2Item7,1,0.5154887871380317,0.2868389576204536,0.5066524030671402,0.39134024337074247,0.17349971720734225,0.18243740864656094,0.12290583372112644,0.1446211228000071,0.036312819753516135,0.05588267020894973,0.5661454585389523,0.732965652642441,7.50379940608183,0.063357056021679
2,2Item8,1,0.4741842167962196,0.27273826371229215,0.5069080734769332,0.3352768461134985,0.09272998803142016,0.11118258087589035,0.07000254315037774,0.11569731306635404,0.03061376614005741,0.044362108726329716,0.5380428473026879,0.8134718101186519,7.803158050918561,0.03417703450996894
2,2Item9,1,0.4560170948580959,0.23224728428078562,0.4078275801548416,0.33210610866308016,0.10841284148295266,0.21839986493175093,0.11009951676066393,0.08408916760472428,0.02881614897585585,0.05068945455447632,0.5694741969710168,0.6993165061503963,7.6601704552572025,0.07202302580853401
2,2Item10,1,0.47271349339997554,0.24801114088580892,0.4533247065193969,0.2830951856120036,0.0632126552532847,0.13557982893512635,0.09267521013276907,0.07365615328557364,0.021434792037342578,0.03210037527422565,0.5470938088570806,0.8760697907086666,7.367140283832854,0.07042224853673977
2,3spl1,2,0.6440630546364835,0.36515803180896084,0.45568568378352414,0.23651150723561748,-0.0272491402680527,0.13810648411821466,0.13542171204680864,0.18720023730662305,0.06108954359888363,0.043427964447242985,0.8013375096091312,1.5439334624054875,7.595207289389224,0.11521672606913408
2,3Item15,2,0.532560760900289,0.2672750947933446,0.3716210686122993,0.20721541679275532,-0.08099088848004979,0.049714882295802114,0.04822423493562109,0.07092506372154007,0.032328445241832954,0.04093521850114393,0.7192140506785161,1.2898417388066048,7.453892594227344,0.023139787986588924
2,3Item2,2,0.6009435222110946,0.33085691839387965,0.43904435781155227,0.22100954401541748,-0.043159012448495286,0.21318911940210394,0.13599397135510832,0.1588370717978404,0.03896293476345952,0.03695651206303835,0.7535842603455267,1.4970254717767928,7.032068045201253,0.021335426476083653
2,3Item5,2,0.48467509484166105,0.30320161384953037,0.5121614033920185,0.2524336117078016,0.026451785219751087,0.2643254659460346,0.20446640876434635,0.16024446314002005,0.06989964613402663,0.05981598700024425,0.5920040269521243,1.2011142676173399,6.9118780250050476,0.017146073449130425
2,3Item12,2,0.3745274746631935,0.14826026111016516,0.3626479546270701,0.2126405248204119,-0.05887246930156803,0.1859567211250196,0.1532627555296577,0.15818571145538005,0.03902758458748062,0.025910680853406837,0.40882695961652943,0.6972342667896717,6.7019554490996285,0.008141967199040558
2,3Item6,2,0.34765370602330753,0.16919200730019765,0.3305373236112186,0.18794201513085693,-0.03281090514888068,0.27904275714979093,0.20152657794650966,0.16204825475317886,0.02544273889348977,0.022054002524284744,0.5118695974779943,0.9002351405148046,6.642884630655614,0.01053978241639328
2,3Item8,2,0.44410954486373055,0.27218810086978784,0.400538848525356,0.19348559669287346,-0.07417332661468683,0.11601379844957715,0.14467540991199115,0.1041950273140988,0.02356900150407435,0.024774125264786152,0.6795548077104991,1.4067615580454813,6.322634834332196,0.01834890433681185
2,3Item7,2,0.34388273918611395,0.18038529493428113,0.3479981668734582,0.2053198719474377,-0.0576749391050818,0.11121724917187033,0.11273030033917228,0.12044324995349377,0.027252411526026372,0.0217522139024618,0.5183512776419967,0.8785574057921813,6.169775179818221,0.004290904560524271
2,3Item9,2,0.2857014787757207,0.05150636174136919,0.3415741351462466,0.17724464803884307,-0.054889434051985715,0.22509858899228674,0.1719924977457134,0.1860465607807114,0.03295017156441009,0.022181829232606,0.15079116446719631,0.2905947345698521,6.015315561809463,0.006851959154808916
3,1spl1,0,0.9262202200531342,0.6314775214579827,0.6482433528330768,0.38409072361711005,0.04655013354788352,0.18150403473586477,0.10968516080844112,0.13113764604097392,0.1621120490775762,0.31480866272986885,0.9741365148196934,1.6440842774515996,3.4087200708987724,0.008445080340919679
3,1spl2,0,0.841256917156852,0.5396740813484394,0.6102442428549021,0.37597319204413476,0.030074358492145476,0.2445324909381149,0.1787206139606646,0.13632542367606765,0.16370513445803378,0.32624218860927906,0.8843575122303945,1.4354057452311184,3.100387010903407,0.00557152773009347
3,1Item1,0,0.8661159790252884,0.5800536199526578,0.6400990490869207,0.3791255087003856,0.03338176751953517,0.20516880380721578,0.1441884435617543,0.13387281257435013,0.19347753673782828,0.3379972455688841,0.9061935334443799,1.5299778176653456,2.9076169129485927,0.0028699403708249234
3,1Item2,0,1.014486730466169,0.640355754071166,0.6986774766244921,0.21914998450044632,-0.22214871793491506,0.2280409004903886,0.15383456290945824,0.12207066661879099,0.08520056762675465,0.07561102539929752,0.9165255422979708,2.9219977022077503,2.71947762382545,0.006801513703609712
3,1Item3,0,0.7263097668518759,0.4517176943068777,0.6750186313346522,0.2307045669039713,-0.20406948825747362,0.24051672564159385,0.14209796734403946,0.11084015400584928,0.06751765599275072,0.0580077247631359,0.6691929269338017,1.9579919826073888,2.5549939633973247,0.002497524968051066
3,1Item4,0,1.019774409765508,0.6320382697533672,0.611294291823838,0.19414008600205132,-0.1951652127269932,0.21238341540112024,0.1580324813413806,0.1619523930482495,0.07531884575137729,0.06098182639305855,1.0339345175851449,3.2555783790634076,2.3155017221229484,0.006549713313712693
3,1Item5,0,0.8046975291386751,0.4445599548004445,0.5267640618386612,0.0995711389716897,-0.35333561015146336,1.175811409752305,1.078307009736881,0.7378621451296117,0.6776020949210507,0.5575467313338792,0.8439451097038972,4.464747063525062,1.8083521837480423,0.03547292655199615
3,1Item6,0,1.048556461576997,0.6852105851847198,0.7643473145049515,0.2892268298537065,-0.2256829476707639,0.23462478667458903,0.22118440546557358,0.1675127596219938,0.08128550027022889,0.04746735252867373,0.8964649594301884,2.3691114104531517,1.4882034310605738,0.0009001328105963115
3,1Item7,0,0.7455317247826254,0.43312892312450124,0.6060026016864962,0.22979858250780805,-0.2158087280719145,0.21322928371521016,0.16154847134677136,0.15185453251125344,0.05511443253556132,0.029082275761836925,0.7147311269033809,1.8848198126938607,1.3983507200273666,0.0004904090276402205
3,1Item8,0,1.0212858936895453,0.6290132108565957,0.6659643904899931,0.2656167794491181,-0.1862782954741775,0.1979679815555738,0.1592143650969331,0.1298599459048794,0.06124756113145679,0.031366008533134745,0.9445147802111088,2.368123014641728,1.3080013770751604,0.0009389658243309625
3,1Item9,0,0.5119744884338333,0.18208768884075707,0.3142894021689574,0.20219132554233973,-0.20085135445202287,0.1914717856965796,0.14971824659707564,0.1152569075023726,0.05298105388732976,0.021433582852845502,0.5793631188477245,0.9005712161576186,1.2269890820469582,0.00048101202016661594
3,1Item10,0,0.46923151563479565,0.2361643958225514,0.40835016837265903,0.20064841226201008,-0.216608138022145,0.20765961259835253,0.16146092648378702,0.17518198155879483,0.057146382458264686,0.0223797688090689,0.5783379401687685,1.1770060474595627,1.176771061696263,5.160860531669029e-05
3,2spl1,1,0.9256051174190078,0.5938252081785229,0.7352903847904508,0.29593503570367014,-0.21395451607623472,0.20989184796498153,0.17018933764832628,0.144631239983247,0.0762037908038822,0.026958587730052583,0.8076063819876412,2.006606634999898,0.9885890685890686,1.314648532655765e-05
3,2spl2,1,0.8755824769603441,0.49526007025892393,0.5729184225023911,0.23797230648410986,-0.24748570931075672,0.2544621425870424,0.22394804386901043,0.1582631524901,0.06241503043462584,0.03676448823569936,0.8644512899956637,2.0811668193451207,0.972588870743852,1.2382167605611067e-05
3,2Item1,1,0.9511661807063387,0.5229560615461474,0.5369780428858749,0.24685046292035456,-0.23325393554684837,0.28726893394086805,0.2082335492603844,0.12533100014402979,0.06108921136258476,0.02008314083497313,0.9738872333806117,2.1185135860829387,0.9705740183422248,1.3642775998213601e-05
3,2Item2,1,0.9054202764807686,0.5523248593245382,0.668540983939313,0.21277709916191231,-0.28435688572710904,0.24746034724020505,0.15940708414353602,0.15852164178786765,0.05970146315069237,0.04524661906420057,0.8261645460295537,2.5957908952807784,0.9918731493910492,5.540342323066727e-05
3,2Item3,1,0.9097722262158561,0.5603334320490526,0.63404815252193,0.24343727788125577,-0.23553083661109264,0.25966798709365313,0.20676866686503861,0.1805914805551344,0.0720168476903644,0.03514720504271084,0.8837395534338894,2.3017568822003347,0.9885134531152229,3.142752263915962e-05
3,2Item4,1,0.9049562600955364,0.582534081906032,0.6639793119650779,0.23018241810483214,-0.25008746086724815,0.30031467164915493,0.23421135231453014,0.22203934953508622,0.05408257708220706,0.04887058561898676,0.8773376979241377,2.5307496731135144,0.9864113090424758,2.5943612440900235e-05
3,2Item5,1,1.0716977011260609,0.6714192826216194,0.7261319596747937,0.2718733206862006,-0.18893279816887443,0.2345907717628591,0.1860303969931972,0.1711900105507712,0.07182621636758912,0.05277306611859155,0.92465188007655,2.469603411093713,1.0057551648920497,6.529907825179579e-05
3,2Item6,1,0.8305391075337605,0.49629342507322344,0.6114478081479262,0.1983260374049891,-0.3198730278497251,0.22968942628579772,0.1716818524388463,0.1612254156018499,0.07220286367711469,0.05564295392820788,0.8116693160857434,2.5024118318734017,1.0301485366646097,0.00010082116000512202
3,2Item7,1,0.9563018000392026,0.5879635729460139,0.6589467600641686,0.2015613085808123,-0.3228764575023408,0.2311214980565369,0.16637695739208788,0.15118379924128808,0.07072237302844865,0.05459291968062086,0.8922778101169809,2.9170458069001612,1.1099742980505118,0.00024509116311351923
3,2Item8,1,0.9370485023783518,0.5892794872606038,0.6663466156957197,0.20756522098261018,-0.3172113514374709,0.2649117220387361,0.20877224529201618,0.1581703264695631,0.07770446671652478,0.04046330108875584,0.8843437821936029,2.839008778214173,1.2038557695912646,0.0004701737395456081
3,2Item9,1,0.8325294418010388,0.5115854165682248,0.5993747587195126,0.19579259945248695,-0.31507916229620725,0.3397358879793183,0.21954605805704053,0.17849413299135586,0.08135572994923802,0.051614698144378024,0.8535317983820835,2.6128945393540106,1.2064521857664388,0.00023703047752217707
3,2Item10,1,0.4869840984266457,0.22545171371567901,0.37923108385644766,0.15763633591685725,-0.28579695143763445,0.23425701238250157,0.1680351659772881,0.13422787857279492,0.05284017540502816,0.04498866662776046,0.5944969247471378,1.4302014251611916,1.4300276251118726,0.005766315023891061
3,3spl1,2,1.0994479655741871,0.7275287717771848,0.7570573436064534,0.2131299817731199,-0.2355086149885324,0.19006627160763787,0.1334219293022314,0.10006809405193087,0.05751388988805725,0.0432973980212653,0.9609955929499387,3.413544928362567,1.9514809253624248,0.0006371393611239321
3,3Item15,2,0.9847082578959443,0.6146947665291074,0.6601515698245147,0.25881123982431886,-0.2204938915217429,0.2415391249593798,0.1865890573113754,0.179768653846478,0.0842407059169699,0.021417245045073283,0.9311418675583355,2.375069817567786,2.336283388742405,0.0201343855345108
3,3Item2,2,1.149875482404127,0.8158380667804966,0.7971577899657597,0.3150149817192294,-0.20904506975394452,0.19413084386506183,0.13734422428796345,0.1104167943050915,0.07507596645949087,0.03532833784924546,1.0234335987510148,2.5898389331774965,2.4583980122441655,0.012071592330859693
3,3Item5,2,1.1035049135357144,0.6490319381094372,0.7124111550644285,0.267353888647,-0.20017927084907716,0.16735527643362838,0.16115761604641943,0.09361399436368055,0.08766881071055393,0.04539239177540979,0.9110356183848706,2.4276135984645095,2.4158882783882776,0.0003246942428888212
3,3Item12,2,1.1541015052921544,0.7448102032651053,0.7790667940752342,0.3294602272977283,-0.17905007221769145,0.1522380536109192,0.15921110239773145,0.11915666600706269,0.0778550042344237,0.04198555193904943,0.9560286845406872,2.2606983765944317,2.361152526981672,0.00031059860347110727
3,3Item6,2,1.162759903154432,0.7709520332611958,0.8197205204838413,0.31873853334452906,-0.1756086185025162,0.14238018855364123,0.10823911923909066,0.08670281035632271,0.1025959481365029,0.04677557075269033,0.9405059566712253,2.418760049978339,2.3318503424463684,0.00013952609334888895
3,3Item8,2,1.1794845266379577,0.7973570260060041,0.8077981383940301,0.32517124596561753,-0.14290692995867516,0.21823088622095133,0.16913354859240198,0.13822398336399766,0.10667713997367298,0.057690104666727415,0.9870746008453815,2.452114181209613,2.374349421293186,0.0006634585780548272
3,3Item7,2,0.9717369718265771,0.5820993011293556,0.632519570523121,0.27020958501681863,-0.1754932910466178,0.2097347544509448,0.20377273779537405,0.11130519877132929,0.07082527253758356,0.05705657314751329,0.9202866240607349,2.154251111924371,2.3452134383351306,0.0005925564922884817
3,3Item9,2,0.5503315012274427,0.25645123978745327,0.3650116986823678,0.13119843472023493,-0.21322679266839298,0.2668161217088778,0.13937850869966562,0.13315257566887737,0.06286609746245263,0.04521000516267824,0.7025836158419481,1.9546821452528982,2.2837398941592073,0.00010365190690101066
3,3Item17,2,0.6058398018940564,0.23078352051929613,0.38988617699161693,0.2418896373397978,-0.2446568649135493,0.1261069512245429,0.12397033875015201,0.09594508992114355,0.05536766046852064,0.038363155881093125,0.5919253709072453,0.9540860125438685,2.220312093279126,0.0006343428532856399
3,3Item19,2,0.4943057992423517,0.22385812184297607,0.4154969597268471,0.20332989563059314,-0.317360722130333,0.16871322272987185,0.10413867645888171,0.11879275703688436,0.06170742111399067,0.01727395603870916,0.5387719839186578,1.1009601910617124,2.1671626793821304,4.475176952850757e-05
3,3Item11,2,0.8510945530636594,0.45847846612932125,0.6280134856553119,0.2867694314881956,-0.22290484138459954,0.24965774257505827,0.1544745367151356,0.19970064334390353,0.09896575649707776,0.03230765005023443,0.7300455736565404,1.5987703506307065,2.141175861175861,7.129263342679492e-05
3,3Item4,2,1.2294909227775952,0.8835785386907578,0.7988340926602058,0.3521413961638195,-0.19040014057193386,0.2521174354620813,0.19951666294521286,0.17609498581348615,0.12039962634239026,0.039302410414443475,1.106085162993305,2.509158382988151,2.0912423013369383,0.00039672727497834244
3,3Item13,2,0.7606503203715504,0.47037724750825394,0.5226758698660562,0.24071147696876566,-0.17978808991663325,0.2453399117477339,0.20175196728796915,0.138348823949055,0.08177677593051755,0.08657918760562494,0.899940620424767,1.954112248728286,2.0333946754999386,0.0001535249910143711
3,3Item10,2,0.7983938872664729,0.5145338950217054,0.5315920252961241,0.2195778055251938,-0.18990391073265506,0.3278737703230701,0.17947547009727172,0.11044668439214239,0.07749984748332696,0.0372001509189961,0.9679112356269309,2.3432873438539845,1.9965571843122858,7.004762682238369e-05
3,3Item14,2,0.9468985621669248,0.615587611598567,0.43742584855383426,0.2198982619892138,-0.20986346844715337,0.10498256672461066,0.04568150877907523,0.06409250764070454,0.0698555533847099,0.041129614437382174,1.407295915928275,2.7994200737673043,1.9624067290733953,7.669545633639014e-05
3,3Item3,2,1.0292302105742575,0.7564999102029704,0.36234033033069313,0.17933373851287127,-0.1629587017158416,0.07014403369826262,0.034361715070821634,0.04204476779255585,0.10200407957389378,0.09213718280307875,2.08781591446011,4.218391431851419,1.9411037619568423,7.758933269083075e-06
3,3Item20,2,1.0752424668327816,0.7611581258836921,0.48899637389900663,0.20720664527731797,-0.21454867680215234,0.09258133784935621,0.05984851777052021,0.03297551863122395,0.0831438048683981,0.1219195179888701,1.556572123956738,3.6734252474941624,1.9341174450549452,4.005853373769984e-06
4,1spl1,0,0.656449378123944,0.4070811647924444,0.7353387611408625,0.6174323216056911,0.29857139968333685,0.1491151551629013,0.1440712884979669,0.1012778973949348,0.06081444306708713,0.15047806790978097,0.5535967716529315,0.6593130127598088,1.6339553644781297,2.4625693302116653e-05
4,1spl2,0,0.6223054836966578,0.3465472133401917,0.6340460444598006,0.498060281434637,0.15940400589315207,0.07891565350549405,0.0934982504280085,0.08726983988140573,0.03786209900234065,0.10695524590921246,0.5465647421377431,0.6957937132553244,1.6184196755625324,4.259310830290738e-05
4,1Item1,0,0.7631002553342748,0.4609628596705577,0.7151459280756985,0.40088918887351066,0.013674461134172648,0.08782348266339741,0.06817287555735521,0.06654591203719293,0.015038102905916636,0.0766509023776863,0.6445717453308255,1.1498510593812759,1.589148037727861,7.666626037701792e-05
4,1Item2,0,0.7198525525662665,0.4029616136351813,0.6295580444951379,0.42403451888708804,0.0568416291950044,0.18407184245611719,0.1530091137802174,0.10234940216427853,0.027723190064699754,0.0715062231852353,0.6400706281471761,0.9503037954138308,1.5715901641087062,5.8384433864709095e-05
4,1Item3,0,0.7733386389421447,0.39710869645389957,0.6496167906993003,0.4098713776374058,0.0959498529497118,0.12500270717213105,0.10161594868127972,0.0844000060652051,0.04239255229182654,0.1331440544448845,0.611296846892031,0.9688617384655278,1.542805365627262,0.00011690344193849043
4,1Item4,0,0.6750184711925701,0.37604250357880736,0.7438519479435055,0.4164995818390271,0.012131572501323351,0.14453354222840967,0.09066387400882606,0.12460173736531557,0.028584274948095796,0.08316236184898856,0.5055340704731651,0.902864058147554,1.5164754983879405,4.886719073529585e-05
4,1Item5,0,0.9142521603491015,0.5335657220536643,0.7710964587256331,0.3989149855461138,0.04522631787896622,0.08330621864027377,0.08726429717685809,0.11069050552521416,0.02118453786840582,0.05027992413602521,0.6919571673867033,1.3375424339741746,1.5075784652449598,1.0706985488657437e-05
4,1Item6,0,0.6794681379383882,0.3556694322119461,0.7565989278198392,0.3774100073007386,0.0699854820451725,0.110980279465356,0.05266933396682154,0.09015665669940928,0.05175740546442695,0.13095149218142377,0.4700897908575256,0.9423953376682354,1.4931815803244375,1.9205535935743795e-05
4,1Item7,0,0.7257721906546076,0.4485910658456393,0.7556572638039952,0.39850198074435844,0.014633854501818398,0.09673813106172378,0.07724752187609411,0.11467169890122357,0.020805579473411325,0.061676239802868786,0.5936435560663819,1.1256934379147285,1.4798302844986457,4.3489341379423465e-05
4,1Item8,0,0.8370660032852665,0.48062669056102036,0.7475975227338405,0.35522654620285504,-0.03506069408891271,0.14715297191476698,0.1065515120472104,0.1349849311694059,0.01698773139594488,0.049652846847672585,0.6428949739701558,1.35301456027315,1.4613785291985986,4.1917421117531e-06
4,1Item9,0,0.6341914636775006,0.3169045632366773,0.7043423019724598,0.33594027307232166,-0.01881487276892867,0.13207359621800485,0.05637019094363617,0.1301462127707967,0.025912871989369368,0.06330045467096089,0.44992975986147526,0.9433360263570353,1.452854047199005,6.250308283876293e-06
4,1Item10,0,0.8413730554052874,0.5539254154376498,0.8055850870712414,0.39156854187876455,0.023831186143085634,0.0815854833654469,0.10556927168434875,0.1434084219296692,0.0156760200977843,0.03665934307816383,0.6876063418252645,1.414632062538163,1.445539107686923,1.1186541119147646e-05
4,2spl1,1,0.7295113504672459,0.404360877135043,0.8214162318049327,0.6188498306315396,0.3224393457900019,0.07867308221701337,0.07242447477376927,0.054943043062696414,0.05578555414267087,0.15009875552080376,0.4922728100396201,0.6534071053537873,1.3928581222698868,2.6314383237741404e-06
4,2spl2,1,0.7945650070322234,0.5381574755777356,0.8229040865318342,0.615981574137461,0.27895084077117793,0.11272804245649905,0.059893660353471496,0.08200983137782339,0.03415675758662006,0.0914080033200489,0.6539735112895729,0.8736583971000134,1.3854279425310063,2.4362736652451508e-06
4,2Item1,1,0.7722817401807143,0.5413201826986986,0.875696248659091,0.6682560741123377,0.2955724427656169,0.08965065893461686,0.058463969804788705,0.11223221005031603,0.056121214842368976,0.12774461724592223,0.6181597590596453,0.8100490259032807,1.381837634312882,1.0037289932182152e-06
4,2Item2,1,0.7884062692312693,0.5006588361044353,0.8436222798046354,0.5784998587683414,0.23723701214153514,0.09916937785511072,0.05118471657245247,0.10885278230756934,0.02534459741080042,0.09777997528277825,0.5934632684510344,0.8654433145496745,1.3804928934902407,7.078105471491809e-07
4,2Item3,1,0.695382652633083,0.43655259390278023,0.8015910286483803,0.5308855543003655,0.1676457997928798,0.1273360218440944,0.10624523653958247,0.12044316015493854,0.02647272259935351,0.09497721843178653,0.5446076337634106,0.8223101750353456,1.379828229076896,2.1941903700153475e-06
4,2Item4,1,0.6468398502680703,0.40224032384598263,0.7912508574094931,0.46299057268416977,0.07985130041427704,0.17057142363138605,0.14407617104353937,0.15220451701956694,0.022323045548126835,0.09085071825127712,0.5083600473489948,0.8687872857652862,1.3865432957015282,2.8445929938133395e-05
4,2Item5,1,0.918579344517101,0.4619483476445932,0.7290466987994707,0.3997054556565961,0.0649951159014658,0.1476305022613867,0.08228705434814942,0.07606894468342021,0.031927787082670835,0.05669925627798692,0.6336334116479168,1.155721894588676,1.3776525796767134,5.468649181025512e-06
4,2Item6,1,0.7565009992008591,0.4745962754545018,0.8530621223174399,0.4606930414150129,0.04382574906806377,0.09108662698249247,0.07135699779180778,0.14894510255351348,0.024138865906084682,0.07367582618390657,0.5563443300106479,1.0301789516216835,1.3720014553347886,8.368672354166674e-07
4,2Item7,1,0.9501131835572426,0.566911184754351,0.7968088229089403,0.4784790366862996,0.09639580605302525,0.19743275667879395,0.1366378377287111,0.16391218296891671,0.024770507067436817,0.05136216602442648,0.7114770415985477,1.184819271280238,1.368558336453699,3.891992322403236e-05
4,2Item8,1,0.8624880944667521,0.5818087058382694,0.8687212896205027,0.43097015273751116,0.038677828548206214,0.09619440545235489,0.0850450920277648,0.18306235598455553,0.02077481926100835,0.029387225635953876,0.6697299952470374,1.3499976756920125,1.3574814982064447,4.593204126961097e-07
4,2Item9,1,0.9665426242514562,0.5137965103099589,0.776890503640852,0.5343761069226816,0.14401900408373117,0.1174217885940375,0.061497876863189097,0.07542789352817952,0.03763318724144195,0.08983645067767711,0.6613499679050414,0.9614885521496775,1.3506733179579418,5.886913657156713e-06
4,2Item10,1,0.9063753746817435,0.5569276854626017,0.853812031014225,0.43781255526676893,0.07517905308566397,0.09593259618791786,0.09948003961780778,0.1414564117395073,0.02831316043762735,0.057468247586885644,0.652283716532731,1.2720687826121946,1.3502319660357807,8.803623624359378e-07
4,3spl1,2,0.7936234938247951,0.4955735098164959,0.9677063139528689,0.9220962881670084,0.7547431279400615,0.14526438412388118,0.10209522806350223,0.09237370946909373,0.12107055082992646,0.1666083834136506,0.512111476549197,0.5374422559103679,1.335310441192794,7.113094932618979e-06
4,3Item15,2,0.9302144553408913,0.6092088993182173,0.9943286398182173,0.7660477672859656,0.42426861716776787,0.13764448929629763,0.08290909740005631,0.10709430516874452,0.06882472744464681,0.13110285211470243,0.6126836483528313,0.7952622859032985,1.3299950695299532,5.522804339276049e-07
4,3Item2,2,0.7307477144476081,0.5651961641336846,1.0316144812585422,0.7077003677847381,0.38880415259282464,0.08107070189750604,0.11553171150522944,0.17744294001631508,0.015957305890816443,0.08772856815312169,0.5478753680311708,0.798637656645903,1.3314825400386898,3.378136107408291e-07
4,3Item5,2,0.906351044939394,0.5924297926738843,0.8969915530495867,0.6620452000027548,0.3538707201925344,0.08831389666829104,0.08694435419811662,0.11520978880419495,0.02359377744388197,0.07488933887692632,0.6604630667917462,0.8948479526421629,1.3348071435720839,9.717393995817095e-06
4,3Item12,2,0.7710348120019854,0.4459650615141264,0.9265200043299482,0.5569713721006414,0.1746516114755345,0.10258401056220333,0.06760945382983403,0.12431599583752238,0.0396376465744799,0.08481681487316553,0.48133344012934864,0.800696558301468,1.3539553714736197,3.6678885150283456e-06
4,3Item6,2,0.8244594265663668,0.48747706307841726,0.8280417599829136,0.5286250686438849,0.11100622909723562,0.165316882460946,0.16672267507866928,0.16445463625326145,0.03401506596866157,0.056110873075833886,0.5887107221497687,0.9221603194241478,1.3561678067743925,9.464209618917587e-07
4,3Item8,2,0.7928857710495539,0.5199965407954462,0.8857381788746619,0.4767803136026231,0.13988583197285426,0.11768527820031889,0.13134738158299716,0.13004883450193652,0.021310305955849367,0.06202667695038324,0.5870770308998415,1.0906418005719092,1.3557125536559984,2.1399882804263884e-05
4,3Item7,2,0.9094454478896986,0.5892441917761683,0.8236205381928392,0.47359999373869344,0.1358179890680151,0.2567496806432912,0.1894876146097507,0.11134669662505722,0.019967826617976418,0.05425481907032689,0.7154316384018745,1.2441811619978604,1.350813599023623,7.353051580048342e-06
4,3Item9,2,0.8200800430407444,0.5106807135811032,0.8646315576270959,0.44195029944114694,0.085798569043641,0.08396522212819713,0.0913468109807607,0.15566634074454314,0.023958947860279883,0.052858199037528766,0.5906339046795689,1.1555161588788394,1.3440640573170692,6.655450835900175e-06
4,3Item17,2,0.8158719877593472,0.48189930398819203,0.7969875726076555,0.45728225309295967,0.03872620116201298,0.30781268255680916,0.08573452145601777,0.16043073348091744,0.01699306431441583,0.07264842135656947,0.6046509631346191,1.053833381188302,1.3373386170813821,1.2580053927375145e-06
4,3Item19,2,0.8922104379264099,0.49964756899310175,0.7921164298387208,0.44974313341155436,0.08719003874417469,0.09285201894370201,0.08906845136371316,0.10448992118523306,0.02256613691711894,0.0602784242022512,0.6307754132357252,1.1109620820489956,1.3338089644158244,1.8586614911601765e-06
4,3Item11,2,1.0293044333123298,0.6564684934230245,0.86178678840344,0.4829980632391008,0.11735851326178987,0.11899485363025504,0.09370054225710232,0.1293399427499458,0.03230804962957475,0.06787783334450793,0.7617527925642208,1.359153466706338,1.3320045807850687,6.413238207552485e-07
4,3Item4,2,1.0081676440151515,0.6635437929458611,0.900100394244272,0.4416295925997783,0.11181933678000738,0.08030310481218987,0.08363522944522879,0.06178054342923948,0.023928285239170354,0.022848388590797176,0.7371886474572501,1.5024894222718008,1.3330335348034463,3.0622542837664077e-07
4,3Item13,2,0.9017735288340425,0.5998316603712767,0.8592749662510638,0.5123353513765957,0.1056764880511851,0.08787005687222303,0.1400832607843331,0.13343308002340418,0.01386685642313089,0.0513946178225702,0.698067188306694,1.1707793686084855,1.3350386172966817,4.6595004490041355e-06
4,3Item10,2,0.9624662652538941,0.6545118038411214,0.8666844077660956,0.4791162997209241,0.08668049790393302,0.1150155622173429,0.09206772413641372,0.07565926125958428,0.028788756621239302,0.03175402339583316,0.7551904675116451,1.3660812684859196,1.3307440661477925,5.373483160179721e-06
4,3Item14,2,0.9141105508234103,0.6196961325782069,0.8998799511993286,0.5095668005719534,0.12381236770393841,0.1215892650067928,0.10035505094776631,0.13617169070862017,0.03298790752898331,0.05308988890784694,0.6886431140772216,1.2161234418461282,1.3248372921694156,2.620260012589723e-06
4,3Item3,2,0.9191847704056271,0.6305356622022426,0.9258275886949751,0.5685580586108804,0.06757176574910714,0.17474261512941808,0.1755062436995331,0.11157515295438933,0.03888855074044311,0.029541686974373614,0.6810508449094502,1.1090083968447821,1.3235126752913313,1.2495896995405517e-06
4,3Item20,2,1.0565510011850652,0.6603726782142857,0.9425267824959415,0.4800411561323052,0.06707475200142451,0.07755054550597137,0.07947722751367535,0.10684769490495129,0.030264497184685418,0.042141209054700764,0.7006407560800412,1.3756584584523008,1.3291829698079694,8.401849887187314e-07
5,1spl1,0,0.5484694048511677,0.3507933958866398,0.5110945448808913,0.31121096555148003,0.027246424174409336,0.10951367060139253,0.11802606596773493,0.09725954145387017,0.10117957301226382,0.11775540431092074,0.6863571499907787,1.1271884142572852,8.961337598635982,0.084147813982169
5,1spl2,0,0.5625918673583775,0.32620745938180373,0.5109839222172332,0.3133604115844373,0.11340727131510799,0.137809255921765,0.15570250563886984,0.10477993501863411,0.09408438766112856,0.0921394063146246,0.6383908466786029,1.0409976700356325,8.73283251442295,0.04550657452471998
5,1Item1,0,0.6450022106259558,0.41582961235958954,0.5686478552235636,0.3678134532489066,0.16436335923538775,0.1365297390171102,0.11102093329805844,0.07311710373255037,0.07476420928600869,0.07948354367286006,0.731260318329779,1.1305448660346977,8.572402115751954,0.04357405193683533
5,1Item2,0,0.5304329473082934,0.36607170793379484,0.5431753820818218,0.3601613150377601,0.1059936889621655,0.11699083378515747,0.10255542134223286,0.07163302726796048,0.08418244108015847,0.0894936115410017,0.6739475302743079,1.0164104017640114,8.62046609079697,0.07105507261024549
5,1Item3,0,0.5492817877336481,0.37030373655285254,0.6074643151176075,0.43552181539534196,0.1486725397448166,0.14218559060653915,0.11912386952113929,0.07743881761503175,0.08629811679526132,0.08531231215401325,0.6095892824117101,0.8502530128518564,8.705285985716301,0.07102182740979161
5,1Item4,0,0.6554941596297873,0.4346986773216097,0.5854152991151714,0.41030522130721037,0.15614675401177186,0.10535630865534344,0.08976506652162898,0.06443269912486485,0.07075839454343509,0.08937776695082827,0.7425475166707968,1.0594519730390735,9.386816993164476,0.11616973337415776
5,1Item5,0,0.5591500608172465,0.3802420043661458,0.47870761290699354,0.36989086991951353,0.08937492294605803,0.15185247999424809,0.11344162550855398,0.06684041556410782,0.06472969419624487,0.06674376496779798,0.7943094977386795,1.0279842901256262,8.79801909037536,0.12202219029188127
5,1Item6,0,0.6553071031221579,0.4290089249100542,0.5508235072745479,0.40470897255719684,0.11871183391878942,0.15405669028022229,0.13075540102268293,0.05513788688162952,0.0790743917717921,0.07346913916382108,0.7788500644315686,1.0600430258298266,9.30540330462901,0.2078710925585055
5,1Item7,0,0.7195561882163621,0.48358948107705224,0.5914795167434772,0.43087657860482426,0.1880162436990948,0.16050355780370507,0.13420488840060787,0.09489907921454058,0.052167546304666614,0.05720990315959072,0.8175929454361656,1.1223387484197291,9.834436075473807,0.11724264380356851
5,1Item8,0,0.7925362056540907,0.5413885263441093,0.6398040040636748,0.44951379467542146,0.17708961944964105,0.1205725556859267,0.12275563725610124,0.07356707893902403,0.0659793048238914,0.055949256525941155,0.8461787079470205,1.2043868988061657,9.644391517173514,0.028513618901223746
5,1Item9,0,0.7383227115201132,0.5835667937281585,0.7766311042897548,0.5035697801733187,0.1908373950575424,0.07161678451884422,0.09312103786139134,0.11328686380633021,0.07959659323029289,0.047647871245467655,0.7514079590083305,1.1588598354103907,9.98324970450406,0.10737028468230912
5,1Item10,0,0.6582791018079607,0.4855424822583184,0.6549163453905187,0.4227123474732558,0.17572463753510642,0.13449537638345432,0.13347328612450146,0.11784966505974767,0.06927727939285931,0.07887791699284907,0.7413809182414197,1.1486356715435242,10.094609322698307,0.02829019086841183
5,2spl1,1,0.7390089580396051,0.4495249307820926,0.6099873389651044,0.26421887620139867,-0.05510895461490013,0.08532856927434528,0.05829219445330444,0.061037591167846655,0.06964587208476768,0.06007784836161306,0.7369414106328972,1.701335406248986,8.982807412025764,0.011747901031835952
5,2spl2,1,0.7966938027637407,0.578477820172881,0.6575070831080339,0.27891728746949435,-0.014264750832329658,0.11503893807730077,0.08921651917459389,0.07373401997229588,0.05619905826144914,0.046872667835576455,0.8798046958804056,2.074012060518615,9.882737758866698,0.12474755839592538
5,2Item1,1,0.73126372548168,0.48048749367806265,0.6476966991206414,0.3047621835387003,0.0005068228249920753,0.07993717945474516,0.09541864015470612,0.06535520692936975,0.0550750696280362,0.04902235683900388,0.7418402681201958,1.5765981412862846,10.160051000012817,0.25449626273023596
5,2Item2,1,0.6749743635233935,0.4165318992029312,0.5808334879033202,0.32325282803360034,0.043754089749714765,0.08808540813440972,0.08765360490259097,0.07416761098228263,0.05003707627032933,0.04438830215012099,0.7171278983747836,1.2885638168989852,10.442429728087752,0.34276395129992077
5,2Item3,1,0.6081565720701633,0.38641692980492404,0.44599350553939165,0.2741817868527487,0.06467686107842184,0.1542721758587173,0.10524252349963471,0.07947195498829378,0.045430337973535705,0.045713666859017975,0.866418286676993,1.4093457221617214,10.30705872559323,0.18093376604388717
5,2Item4,1,0.8092114686298567,0.5333215140089068,0.6423093807663799,0.32142565296546954,0.05032055676240358,0.11823775836596104,0.128216739232398,0.07093092336093029,0.04067301615140144,0.05550572647999845,0.8303187360306781,1.659237548183385,9.832316622265449,0.0369525226471893
5,2Item5,1,0.793092773158026,0.5388705508206656,0.5828603592635229,0.35735578227787457,0.05570925249543735,0.11767191803029979,0.10087151267862755,0.07561334329253466,0.06059607686238972,0.04755390258199927,0.9245277043321859,1.5079385196395374,10.252413647976987,0.11317192608970919
5,2Item6,1,0.6747497998506635,0.4507711306032786,0.548824537119013,0.35430038777204825,0.05833872404123493,0.17396614828380794,0.13665479796942723,0.09631043771147463,0.05720246054897837,0.0435990349176593,0.8213392428629505,1.2722851706868947,10.299931494897493,0.21865674509639954
5,2Item7,1,0.661172236970416,0.4256332007836589,0.5345414820583636,0.3085458440010123,0.07485692136669457,0.161000380293112,0.14160445193509233,0.09926738173552083,0.06112712826968093,0.06210320914295826,0.7962585024241915,1.3794812267922856,10.409874281812638,0.1605635106615505
5,2Item8,1,0.789009129310254,0.5802955369158506,0.628618456561794,0.38991384943684193,0.080126699562394,0.14802138381910318,0.13959316872469615,0.08014724143091237,0.054811908763448464,0.053364784214134375,0.9231283776913387,1.4882660266254033,10.353481748258762,0.4044448625472599
5,2Item9,1,0.4433112654798037,0.2787114314287825,0.4915054312536049,0.3478246185303033,0.1253231398427942,0.14880068143325173,0.09410219843418906,0.08421073589636177,0.039326737495883536,0.05328440073819499,0.5670566653777576,0.8012987459172668,10.486439845402579,0.23961714908407383
5,2Item10,1,0.6725934446022586,0.45815796473252746,0.527648316228862,0.3651655026637535,0.13881431184935836,0.2568198913332331,0.19672199893259845,0.09882086251841886,0.04690689116406867,0.03974546544748022,0.8683017642105095,1.25465839499013,10.36832930131604,0.1720790695310906
5,3spl1,2,0.7492471707178382,0.4992022175547082,0.41175129012864714,0.2842505699742374,-0.038175677478614056,0.1318150645146235,0.05389933558517913,0.08026189590753971,0.048225310850942886,0.06139672459119847,1.21238774063428,1.7562048014318765,11.428350792379852,0.13979308460364714
5,3spl2,2,0.844242804257169,0.5247736249908329,0.7173826805419922,0.3167896162211868,-0.07544038961572605,0.0760688782930089,0.0876717393332077,0.15224690232776275,0.06789204352614506,0.03916316196947847,0.7315114213000626,1.6565366933235972,11.48015968162789,0.011512664834366502
5,3Item15,2,1.0430337194553805,0.690505289900853,0.818875993250375,0.36341671351591676,-0.015893684604711297,0.13691495642129162,0.09162418108383756,0.0665173831586206,0.05284081398961968,0.05480869930989922,0.8432354773483908,1.9000372363737568,11.186132451112686,0.014899536314631916
5,3Item2,2,0.9579191585245274,0.6588524325546755,0.6777224884374041,0.3765318421696474,-0.018833739203755747,0.04208362150056323,0.046421308485944154,0.06144277506270234,0.04910793595091158,0.05573527663665438,0.9721566612045099,1.7497920680717243,11.064917885443547,0.02357894830160804
5,3Item5,2,0.8683537905848624,0.5846068174457187,0.7765069987423547,0.4013612018653383,-0.03910372246586391,0.04947077563276235,0.05364299288748131,0.04537800537672521,0.047817718130604335,0.02900498804437663,0.7528674147685617,1.4565603582812203,11.11627048909279,0.014547877533633399
5,3Item12,2,0.9852602605900243,0.7681797586171939,0.8165490406386862,0.4148575256480129,-0.02609864060482562,0.060487543808328034,0.05939969319765749,0.09678696969426864,0.046984977898941,0.04532040807159673,0.9407637746724646,1.851671258863186,10.996277270083976,0.015526782043280233
5,3Item6,2,1.0298996403937433,0.7451374753047465,0.8161271860868393,0.38794533109600865,0.01339191235113268,0.02771289351049885,0.03305994728661225,0.025276853474781622,0.04462012251677084,0.04261742748549193,0.9130163620262546,1.9207280347436684,10.756433479950848,0.0020307782065020945
5,3Item8,2,0.9396634157483118,0.658079252038226,0.7119679304395558,0.37990149038692267,-0.05333397770393106,0.10713633962382896,0.07708353931833926,0.07031747196539093,0.07789561639943378,0.052551098850479046,0.9243102434510357,1.7322365585766664,10.98668080032025,0.04274363360944116
5,3Item7,2,0.9020255264383739,0.6267383577977731,0.7446423837953133,0.3725654153657431,0.011298289712850858,0.046955901946515055,0.06389866811657069,0.05834344714332824,0.04496796720336107,0.058318426010502224,0.841663556352692,1.6822236586299555,10.799312997979792,0.0336077056855013
5,3Item9,2,0.8305947634154184,0.523894728852776,0.5833894712713937,0.33535899154267584,-0.013584214959207128,0.12407554581819484,0.1228337419664776,0.08182249007519653,0.059157099784769976,0.06114178289971059,0.8980188257649245,1.5621907880884038,10.851138002035885,0.01955462909935744
5,3Item17,2,0.8614500518088897,0.5639985313398724,0.641595917348734,0.3628053581802138,0.018706303651753582,0.11137301721660194,0.10359079648724294,0.08837335673509565,0.07471545548062314,0.05998796070754837,0.8790556722858013,1.554548512222283,10.674856916768315,0.016040074809846868
5,3Item19,2,0.9049691346272674,0.6899707724981503,0.6923775340591971,0.3467804219573726,0.04646591558870952,0.07978537902842361,0.07433031714743861,0.059970281023852164,0.050606548962077356,0.058125999771201836,0.9965239158707814,1.989647416120038,10.63075437899731,0.06602900969643427
5,3Item11,2,0.6623668381097649,0.5229733718621041,0.6647013562170105,0.32123096079117086,0.013132448669985607,0.21908426669099143,0.13513521548166774,0.10323213205629718,0.07506717299931358,0.05642420797098803,0.7867794554410166,1.6280291567974199,10.605743062789799,0.06331184652848602
5,3Item4,2,0.9976399549385245,0.6994740097473519,0.7644430477198929,0.3501148184930643,0.0636105599751734,0.07048213636972674,0.08258978249467101,0.09326051011835938,0.04477564421532155,0.04979700373822783,0.9150112764039967,1.997841767338295,11.049903600194662,0.13538665179848064
5,3Item13,2,1.0638070038920455,0.6396924760999368,0.8437316761647728,0.38168069840088387,0.0842816223074495,0.18437481741859668,0.13609821927564386,0.1427531236321327,0.07005100202370544,0.05078532887731034,0.7581705101431329,1.6759885346679793,11.029898973310248,0.01352022419120943
5,3Item10,2,0.8976993492632241,0.5520277310006927,0.7069320639126784,0.4049306610439127,0.07369699961146092,0.07497065450783896,0.07564519945237429,0.06921066687524684,0.07083897156706892,0.06837073958521049,0.7808780481175094,1.363264832093224,11.049857635846925,0.007107359797861909
5,3Item14,2,1.1150918572725,0.8015360070425,0.8518758911662501,0.43561217943625,0.1551755317505,0.06968543448335268,0.0856830785511331,0.10063742540935189,0.07765755413245364,0.05794243751198269,0.9409070199231254,1.8400220265645244,10.826058836328412,0.004432100246347154
5,3Item3,2,0.9308494561860887,0.6146919843969535,0.754479063266353,0.4145673344394041,0.12804131011984768,0.2683042014715751,0.16358340213792927,0.15562590752545388,0.08952935670164848,0.09324298597668793,0.8147237127045708,1.4827313486853355,10.950327356542306,0.010010674924239259
5,3Item20,2,0.9918639939615078,0.7254802757041902,0.8525105301077586,0.40711689774278265,0.08414762645884122,0.05794226576520338,0.06876364096309664,0.0977083326227767,0.05914191263838322,0.06299866082286196,0.8509927434696856,1.7819949944218605,11.000056853715389,0.049434269291220745
5,3Item18,2,0.9241800372996285,0.6721255545594479,0.7451985256123937,0.41994075812950504,0.10766884855410032,0.06362153888378977,0.06491862697780795,0.0578431828965964,0.06873426911630447,0.05001438973119444,0.9019416042257503,1.6005246929416819,10.757112443031483,0.003047662616105395
6,1spl1,0,0.31161358009176,-0.005882060812982897,0.19419263211414653,-0.08492892297452818,-0.382679656934033,0.2224145308602852,0.18282015401026036,0.18988761908053178,0.1187664756494253,0.10153151522428962,-0.0302898246893095,0.06925863034911758,2.945792010770914,0.0016170949206005477
6,1Item1,0,0.0767814530148826,-0.16491808873488997,0.10577941300431132,-0.1912510497180164,-0.6467960258451028,0.16271226022906798,0.17029011587265197,0.17465538429568245,0.09979087153777352,0.06788080257082761,-1.5590754617733873,0.8623120753604224,2.7679786824194172,0.0009391414906206958
6,1Item2,0,0.2817213751895253,-0.005224584568700997,0.19368277924603042,-0.15207188130239638,-0.5461817208415046,0.19219033078223866,0.2007499041809074,0.15260946927933333,0.08603015734394398,0.05097781331753065,-0.02697495648329881,0.034356020049938624,2.685375668173163,0.0005869427476275789
6,1Item3,0,0.3267135420838285,0.008206724304599733,0.2058286141503399,-0.13128579729899276,-0.562916245183082,0.16162304736993616,0.14839172678721904,0.15443526590778547,0.08130570541108147,0.06595353572639978,0.03987163931800947,-0.06251037458697804,2.5597887896019498,0.0020263702917257104
6,1Item4,0,0.27540559262818176,0.03120157119604731,0.22914932718711442,-0.10897535451233605,-0.49649646516766355,0.2588673671539034,0.24232673164593474,0.21461587023682974,0.06777814491617028,0.03964499018568061,0.13616261257623816,-0.2863176873522625,2.481979498029093,0.00018144519849639274
6,1Item5,0,0.1448469284480678,-0.08450718082172824,0.19409355279432103,-0.043500424156148056,-0.38870457546567994,0.19217145522352855,0.16790501815759984,0.16002779995960292,0.07100385655824447,0.05542241331301609,-0.4353940621401556,1.9426749141814859,2.427844143180645,0.0003357170146649142
6,1Item6,0,0.23680535713713657,-0.013584538796249022,0.16886966836859563,-0.12429606747983285,-0.42020215648612336,0.22022192123741588,0.2015891921999538,0.1946958566228524,0.07427678974601404,0.05693235535203191,-0.08044392369003663,0.10929178356945934,2.3790145275293786,9.194101391017712e-05
6,1Item7,0,0.19267779709541413,-0.11769400938258223,0.13734373407511963,-0.12071355277024541,-0.4571654128572853,0.16545567518118245,0.15563442979502096,0.1447244137649975,0.10004481755837259,0.0577561945065737,-0.8569303093308912,0.974985887306089,2.3559128371628364,6.841028982950207e-06
6,2spl1,1,0.191712928964,0.042221150928300956,0.28003587209670877,-0.09010871495968929,-0.4695831470466019,0.11474465240735104,0.1115054937121573,0.13066343370686928,0.07846617740904425,0.041866602916123895,0.15077050829741417,-0.4685579126918719,2.244065730941886,7.73198008413314e-06
6,2spl2,1,0.12480311381895746,-0.10420882965137082,0.17444305546558458,-0.11207718884977554,-0.5210122902382298,0.21543692217468452,0.1598678757062923,0.17703195572166025,0.08626097093618025,0.06504021387932786,-0.5973802096957062,0.9297951853596541,2.2281945810350474,3.9952894802482516e-05
6,2Item1,1,0.2966471633399861,0.03697188049827858,0.24788083256814675,-0.0472789995405559,-0.4148932312424195,0.1903145625989905,0.17411053087377582,0.1989977491231013,0.11789311001823835,0.06420607038950674,0.14915183221745285,-0.7819937316684937,2.2108843537414957,4.471727790516895e-05
6,2Item2,1,0.3589617733264061,0.11160990249240882,0.28817737089182444,-0.06832075676489235,-0.41153243404094303,0.21686600261519984,0.18965892970066778,0.2146738435177322,0.09370502610819295,0.08176393217923904,0.38729585796314625,-1.633616332882565,2.1896706336540355,1.8346830729915573e-05
6,2Item3,1,0.39289651459829095,0.14941451023308286,0.3213190595439486,-0.05895658437988661,-0.397538008538367,0.38989773789793747,0.3406616589910362,0.22754889900988795,0.10427660151682132,0.09819594099555483,0.4650035699100601,-2.5343142642837835,2.1760553644473717,2.9887748834401104e-05
6,2Item4,1,0.3532681581326268,0.047295068933198514,0.2667719628235704,-0.051980319800251494,-0.3954727166118944,0.19074554084188275,0.16866206069068013,0.17335176760129978,0.11551040008759333,0.12860474657458984,0.1772865043812366,-0.9098649262799382,2.1423211301024803,0.0001803479665417759
6,2Item5,1,0.3797121899208356,0.08130573415223077,0.2756237647208264,-0.1085726351987369,-0.5092454245141227,0.18967471590181073,0.19114985733190637,0.21222541666718805,0.13272723047672638,0.11753328903470686,0.29498811156431143,-0.7488602883430515,2.107871323707941,9.454859111577114e-05
6,2Item6,1,0.37019510016903584,0.09179372995905369,0.3278435192873639,-0.07910225681000198,-0.476592111607309,0.23851064746055853,0.229948820518953,0.2179840491799316,0.13551046527891336,0.12648242649491884,0.2799925094709633,-1.1604438965626434,2.0838247423539302,2.2258141832745123e-05
6,2Item7,1,0.22984885333152355,0.01227987436569249,0.2333947325919745,-0.10847001179421698,-0.48872654104143076,0.22967819996430844,0.20461563778366898,0.2156647228572568,0.12991763395327366,0.13098763496177054,0.05261418788977656,-0.11320985658413141,2.06091105717635,5.831305423154996e-05
6,2Item8,1,0.3548301171499677,0.048300586017960494,0.19585243311253817,-0.03328564741697553,-0.2990426410303915,0.29659430413099785,0.29171554209804706,0.24712434112592357,0.15084200104997453,0.10553175772346038,0.2466172362719099,-1.4510935258065893,2.04644409480498,1.3871559182413252e-05
6,2Item9,1,0.8445843387052621,0.45133114182381884,0.3187309846316598,0.05719746887339656,-0.1955598160922736,0.2718906558046786,0.2768920526703432,0.23134649861090928,0.10963482407568713,0.08289254372182343,1.4160253071390991,7.890753608906397,2.0376992207905955,3.51851447895953e-06
6,2Item10,1,0.4791284094578256,0.08391536218049585,0.19856219580928913,-0.11265634785498807,-0.4329788216761275,0.5104770513889461,0.3744043245766297,0.3055259209504155,0.08115830834820177,0.036032077318944755,0.42261499685709625,-0.7448791348481432,2.031233839689722,4.0481715803852554e-06
7,1spl1,0,0.757237939800883,0.45324121225130093,0.4919875801045612,0.14070070917591432,-0.16494980090894149,0.1805152235712878,0.0975097229718181,0.11371624255302074,0.09210598455205109,0.07861789005771386,0.9212452298770005,3.2213143180629693,11.285002330089856,0.14953582371339671
7,1spl2,0,0.7329630017541156,0.5226665333125081,0.6227813398083868,0.165928139959098,-0.07287053311725347,0.15000930565088436,0.08303534355512165,0.07868733642175199,0.08256325415112241,0.0804077782036002,0.8392456534328293,3.149957145854769,11.529968393498633,0.11481421635848058
7,1Item1,0,0.882147034852071,0.5642295819641683,0.6205704942751479,0.24099203494186394,-0.01856724828679157,0.04342300852593563,0.03238134653183941,0.040378750636442896,0.1076953085276324,0.08417047678194457,0.9092110989163299,2.3412789545471995,11.434486733182036,0.018626426508281994
7,1Item2,0,0.9137078741269841,0.627640055729885,0.6193621052484948,0.21227254368513448,-0.07050779743700057,0.141591007508186,0.09166921718011863,0.09683395945758691,0.07094002811182411,0.09132998132445229,1.013365282437975,2.956765118451227,11.435086453467044,0.026400848814628206
7,1Item3,0,0.8159842035189535,0.506458257937978,0.6071806122906604,0.1931076614468073,-0.07918476515889696,0.13353940390282285,0.09994428990175422,0.10554996298353478,0.07593816714077092,0.09042526622994558,0.8341146717336542,2.622673028717776,11.334912555235057,0.10041196079056508
7,1Item4,0,0.69078280699728,0.42619854508509164,0.5215981475418515,0.19254867424675462,-0.08595956881307494,0.14158294566079244,0.11395073320494505,0.11541096513337726,0.07738578767327382,0.061093045895892914,0.8171013380253491,2.2134587243402764,11.876539146442964,0.19496192011037491
7,1Item5,0,0.8550097968315622,0.5815997717682396,0.6279841882580235,0.28379281282204727,-0.022978208233581317,0.12880456825456335,0.09321229902195353,0.08961119064285278,0.08522627453043014,0.10681745000738711,0.9261376030110121,2.0493816032034293,11.622915765857892,0.14484054197968607
7,1Item6,0,0.8472855911887328,0.555437521840526,0.6098714026029406,0.243013424987797,-0.04197853644136281,0.1771410879688166,0.11930932668366377,0.08534948788929579,0.0866725890785526,0.07590294822108434,0.9107453121414855,2.285624835676435,11.301168455628948,0.052031403880855455
7,1Item7,0,0.7284190544952999,0.48351490361807126,0.5489525261636873,0.25680104446503244,-0.004425971721636928,0.19094462237212162,0.08902990885842599,0.1148816105055861,0.09305875757127688,0.07504409025721692,0.8807954781013263,1.8828385326176933,11.446594514898516,0.07763913439563042
7,1Item8,0,0.9266431930121038,0.6232792287596831,0.6262129719204699,0.2911531309821163,0.0008312664823943483,0.1447327217924423,0.10012102685023871,0.12497902561290082,0.12254969585015855,0.10978790464907001,0.9953151015905904,2.1407265122532397,12.062294064353974,0.24324881278477833
7,1Item9,0,0.8555360750010017,0.5101914144401549,0.5917052326707272,0.25439439467331315,-0.08734956971951521,0.16333583138188532,0.1269170539149423,0.10644934981192519,0.07866973505581958,0.08881536360760352,0.8622391444387103,2.0055135770181423,12.197455922684094,0.19386507404320066
7,1Item10,0,0.6612942883529541,0.4304493817060596,0.5356257328264201,0.21528394338117282,0.015157968737506328,0.17702018833877328,0.10600452910883391,0.12447960441661299,0.08522019272505615,0.06753407198722718,0.8036383514119116,1.9994495313776108,11.627996272563996,0.1442751072620425
7,2spl1,1,0.5706297374221045,0.3467190714774579,0.4795361468593777,0.3132779301344619,0.007282593432932164,0.2741252449872147,0.16629970990629356,0.1118813839440507,0.07831153077045662,0.06989829463945105,0.7230301052906903,1.1067459179837429,9.759434175621312,0.022347016901366732
7,2spl2,1,0.7657057100782849,0.4901166990069742,0.5939046443466868,0.2810502618268365,0.0957145354962238,0.15001730160567692,0.11552085969609899,0.09708840478973423,0.06643806722983156,0.046951579362006904,0.825244764200948,1.7438756117049061,10.157460020397469,0.08529501594950072
7,2Item1,1,0.9816349095337599,0.6470768535304332,0.6645779771349081,0.31431564906011805,0.030529713277860887,0.15715906959807616,0.08757010861819138,0.08646362354170008,0.06318918472322597,0.06936679316181958,0.9736658072035572,2.058684807475126,9.803305730390909,0.010297690176250802
7,2Item2,1,1.006512976051614,0.7430211526962004,0.8134956869540181,0.3956614318707129,0.05908225644006391,0.11693273248940005,0.13640868031797945,0.11839314443673565,0.04949053749444957,0.0636738388938724,0.9133682743481227,1.8779216040977929,10.288237799220981,0.0373363368428965
7,2Item3,1,0.6470652205634091,0.403906846429546,0.4876218255250957,0.31185201937376306,0.033822942853312325,0.25262322284759475,0.14836383573937886,0.2070194664510717,0.05624875117907026,0.04999761002975908,0.8283198668687131,1.2951875249852565,10.537200694824719,0.09971186086192511
7,2Item4,1,0.7091636810430738,0.4967166915380531,0.5775383406901176,0.26625498775640194,0.0390926185052871,0.22722638191246497,0.12850923076457335,0.08906117855676016,0.055842431430378515,0.046412515022597065,0.8600583817248451,1.8655676419738436,11.009388696463526,0.12003366540179498
7,2Item5,1,0.7476006890695465,0.45135834968857985,0.5465536320155192,0.29054598635243895,-0.01695427386970397,0.26413951469767744,0.1860567126344715,0.14172441015474002,0.04090021768723324,0.04109317554785024,0.8258262728916189,1.5534833359824438,11.071102812459936,0.13595931966823105
7,2Item6,1,0.825418660401289,0.5956952432635306,0.6267943921177368,0.28798832863957796,0.031622974768523986,0.2259335710007861,0.1301917207478809,0.11292074099217944,0.05319347818855479,0.04905466295876133,0.95038380975376,2.068470080051691,10.997215616634417,0.05215807414902998
7,2Item7,1,0.7273114162083288,0.5176694612595919,0.616647552747512,0.3069783434368985,0.06295899966647522,0.15888354948055444,0.11189936227008643,0.12104296771409472,0.0608320461195947,0.043464522349687965,0.8394900103204708,1.6863386966568332,11.668582676949002,0.0759326626915939
7,2Item8,1,0.8745876096490987,0.6138995360507564,0.643771717415883,0.30884684484624636,0.06493607873002577,0.19718071972014212,0.18126925534714444,0.14285595475557278,0.07296664033907077,0.05752971973539568,0.9535981753926183,1.9877150902048544,11.98281563309458,0.25575722920412475
7,2Item9,1,0.6081590276339954,0.40001196286064367,0.5477682256108424,0.2980166390565576,0.03456332354453455,0.21654558618916983,0.1572575210646662,0.10552986158545614,0.04723179905494011,0.06323131977221215,0.7302576955505472,1.3422470731323235,11.659271981820513,0.08915463385967401
7,2Item10,1,0.6466917401565943,0.4210148097882785,0.5597787112888045,0.28314035485137834,0.022499948336279364,0.18324203388469174,0.14266832446414351,0.13162984513514833,0.044040833053929855,0.04341412821772792,0.7521093613346731,1.4869473781733573,11.059026469853956,0.03852828031371179
7,3spl1,2,0.5437705758759788,0.2721030969370967,0.36670811542911974,0.24921533973938031,-0.06016436402020372,0.11016444772975191,0.06428483249751828,0.04663593751867576,0.044953448213334045,0.04343690924216669,0.7420154742871391,1.0918392749411503,12.846529866095665,0.0367529831686819
7,3Item15,2,0.7477325283929579,0.5016110393780483,0.6287689216995274,0.3159674143400433,0.0675791185336066,0.11916230250970529,0.09583196572376541,0.09661532405597521,0.05690813987550566,0.057072665634201665,0.7977669081106215,1.5875404077291193,12.9929303702308,0.11892824563359437
7,3Item2,2,0.8185008657868772,0.517336750548224,0.5945825044464973,0.31187323811171686,0.16343584650247892,0.1596425836086626,0.15741707225593116,0.06977826791426599,0.0965512724589641,0.032045573773393184,0.8700840435251856,1.6588045579726947,12.82174085198772,0.05092132959369509
7,3Item5,2,0.948786738473382,0.6433988170789405,0.7755760809335855,0.4081115283666049,0.1461399499696438,0.11976585689214705,0.10774229405751197,0.1190570499170004,0.06733043701663641,0.06774009784173687,0.8295753725087622,1.5765269314432377,12.792588220968724,0.024422855139222953
7,3Item12,2,0.8624880633792247,0.5916474980732916,0.7286009696744121,0.3537578867473457,0.10435897327963355,0.19638853837436002,0.09582216328031827,0.10745586519493149,0.05255065248384534,0.04456148962065832,0.8120322671621577,1.6724644695296431,12.40546847396795,0.02037576167614387
7,3Item6,2,0.5856147270665769,0.34312088609557123,0.5366692589345924,0.25938970537390316,0.07224513011667011,0.25172359028447083,0.15393498719822035,0.11964700249716963,0.06437112124256955,0.03847350553909995,0.6393525989123912,1.32280070359065,12.521998864148843,0.038457279828794544
7,3Item8,2,0.676766367333034,0.4245351636990266,0.5316886908092826,0.3332977881072849,0.060444027927194575,0.2247032878883641,0.16034584730117804,0.13417186199671177,0.05433440486894371,0.04275533992432786,0.7984656627816864,1.2737413135446074,12.61469470656569,0.06512518626277716
7,3Item7,2,0.6435564978957666,0.4281393210631626,0.561935784326174,0.31714613525856455,0.06147781053892744,0.16277773953719743,0.12422858407810129,0.08948157249268636,0.06674865158072614,0.03194259782804613,0.7619007940821039,1.3499748920608223,12.625446444131185,0.057582187026765916
7,3Item9,2,0.717491898419659,0.4370963773813586,0.5772371884280495,0.312952661714322,0.05769423445159156,0.22146996166745792,0.16900791627026554,0.10971507543958363,0.07348569874071856,0.04186392993158909,0.7572214427390789,1.396685280100527,12.622672517664586,0.15056636645310173
7,3Item17,2,0.5853108339339519,0.3949094856050625,0.5580897717516062,0.26129301768261076,0.055216524069290084,0.31247764210819584,0.18761704788540973,0.1193247708740808,0.06051764196496278,0.04174701336949557,0.7076092501355122,1.511366387039808,12.518296422520642,0.014807849793351972
7,3Item19,2,0.4845059400498167,0.2946792629846435,0.4495397270975959,0.2020407402591532,0.024860733720721267,0.14528526019735327,0.1212880563740836,0.14645150554112998,0.026485975589482333,0.04476400596757624,0.6555132829565357,1.4585140657678783,13.278607643807991,0.04320799942139874
8,1spl1,0,0.4675637968924815,0.25180742962489394,0.41278252177822905,0.18028214054970837,-0.1225687261193001,0.29530866275577067,0.2030712318388893,0.18400668141471654,0.22358037896367852,0.35858006368975776,0.6100244456332751,1.3967408388892708,32.256717194970086,0.012237339572773481
8,1spl2,0,0.7906171078908494,0.49211251083052776,0.6378412755122735,0.17924260938475955,-0.12291274928247972,0.17574073541944468,0.21598646590505205,0.18877971695249435,0.2528757964564298,0.3364667220346007,0.7715281668840984,2.7455107341617393,32.46448855715952,0.014458017649086575
8,1Item1,0,0.742525166758203,0.44504578288440183,0.5111528307526628,0.1551747476728925,-0.16813169419972238,0.1409424439194615,0.15647346369014004,0.11993105361176351,0.2407794681974381,0.34615831417996423,0.8706706785882604,2.868029667781553,32.341316708952206,0.003430041927641509
8,1Item2,0,0.7300111230521785,0.37034399773444776,0.49224656241718306,0.12913525130009318,-0.2003593689384902,0.16373583163040922,0.116192856702373,0.15522386163046933,0.2257360225618922,0.35017790542897304,0.7523546638162675,2.8678768278844378,32.360166955347474,0.0063402117606552
8,1Item3,0,0.7205979915664786,0.3731238830455953,0.537656351684583,0.15005182212832394,-0.15431127907488923,0.16320870160229092,0.12643034274201467,0.13020720010051115,0.21090098555908843,0.2958424998374609,0.6939820968961731,2.4866334528071725,32.33759809399417,0.001685859106493421
8,1Item4,0,0.8734113068481334,0.48912156700520365,0.5725848644493778,0.13656400732112556,-0.14005038745991227,0.1113352360497735,0.12920892327140215,0.1308805455353195,0.20360575676244042,0.3139835378527931,0.8542341869642848,3.5816286664276222,32.51541852752343,0.004899236684246783
8,1Item5,0,0.644056191030946,0.3841687251108532,0.5224373853831122,0.16033502630658714,-0.13243948042639261,0.08117744447445441,0.10080956385939227,0.12857856347704785,0.20643906580537508,0.2955681555514574,0.7353392676785496,2.3960374196728638,32.56159978942654,0.008392204848943496
8,1Item6,0,0.6237140436087266,0.3199283436482262,0.48305309736316865,0.1597411596678809,-0.17328706319282547,0.1481979884176011,0.11584100184859888,0.15482941958238153,0.1992486681230784,0.2990597026586029,0.6623047129442028,2.002792156452348,32.84686568268658,0.011126292994388554
8,1Item7,0,0.8072527719837623,0.49845120169554225,0.5647999020090226,0.1745316932190564,-0.1718794079483762,0.11863069127033594,0.10176413176322884,0.09220211913177057,0.17778251238873438,0.25055425644151524,0.8825270667363757,2.855935157942897,32.90023853147101,0.02110762702238592
8,1Item8,0,0.7667423363479476,0.33851904507971076,0.3500820582647699,0.10086911626088307,-0.17639054095398013,0.1021749072794239,0.09804045431247747,0.057830364386669844,0.16512286252777184,0.31201744359128664,0.9669705605327408,3.3560226784198104,33.11238960859709,0.01397319910136364
8,1Item9,0,0.6548537098582059,0.283944116432208,0.4041631300508255,0.12347436935559389,-0.20394414337469197,0.1194682672099565,0.10481655069603346,0.12331670525373359,0.1876483104924743,0.3228934771860891,0.7025482895828532,2.2996198775055685,33.3200326711034,0.011073368345225054
8,1Item10,0,0.730556054640019,0.396236866125476,0.5002860445838118,0.16027956950158095,-0.19508124294280246,0.1613478284237349,0.13958234279743975,0.13637573124554897,0.21059276208300526,0.29527969224841344,0.7920206242472445,2.4721607681221456,33.19851479489623,0.09853673116620668
8,2spl1,1,0.43875939801429537,0.15502098525450098,0.30863938204946056,0.163495493995617,-0.14851803256169926,0.162260244957384,0.0928144897497527,0.1261257706781311,0.15999935269635193,0.21442743276280418,0.5022722107685729,0.9481667079490893,33.82502115525103,0.0055796594771357405
8,2spl2,1,0.5913425492611092,0.33631159514806164,0.47513961202389965,0.09997172381302817,-0.2320786818242078,0.24605219193443698,0.2291423585471485,0.21957969561503826,0.1775760703339461,0.21162930121543913,0.7078163679254103,3.3640671477565025,33.798494535012935,0.024114421888836817
8,2Item1,1,0.8741778169802632,0.5134876137831639,0.5936361675785079,0.06246935315789476,-0.2317491180143541,0.2567809737449774,0.27338047549815214,0.29787003561019043,0.21759039067317784,0.248079074730672,0.864987076196412,8.219832279445301,33.751228499864915,0.026178075058253314
8,2Item2,1,0.7437571360345692,0.4125699659209169,0.5239097976275049,0.10351125983216432,-0.2355282996908818,0.046081554685009976,0.058358133470240596,0.052473778082438645,0.13155002782653122,0.15560173309342076,0.7874828205193589,3.9857495948181705,33.921718758404886,0.0055593725435179545
8,2Item3,1,0.7442852196307,0.4369153946669558,0.5198061780695247,0.1023391637308928,-0.19444859283397556,0.05753763998458955,0.06174382470384412,0.0531463823472636,0.13620371488230867,0.18181515653355243,0.8405352076596185,4.2692882613987715,33.92407979396699,0.005511300883130925
8,2Item4,1,0.9462511202895553,0.6332445775468458,0.7029062298435884,0.20112320563340227,-0.18563631368795244,0.1194720358073448,0.13764538102101836,0.17130993913388817,0.16630953967498624,0.19308622990240198,0.9008948132197682,3.148540579412567,33.823894945794734,0.0029691258695833164
8,2Item5,1,0.8840799153535354,0.5124092379725288,0.5988199277373737,0.17482914489718612,-0.1706292272296176,0.21335329029464736,0.18538572472851952,0.18435536266610825,0.21293905943927713,0.2218293329905731,0.8556983717174479,2.9309142668572403,33.897334625527556,0.007943441410397382
8,2Item6,1,0.8968511472225444,0.5039143054993265,0.5879208238902249,0.1538553422157066,-0.17483093140810194,0.1486492738005066,0.11518479525963109,0.10106282685130731,0.14952059012625243,0.18684868139999564,0.8571125297244166,3.275247352266694,33.91622744363988,0.0054915545227248235
8,2Item7,1,0.9324686711048812,0.5904601036769459,0.6018937157402705,0.14648791629056726,-0.23403022037500001,0.1425619995667269,0.17839934104962063,0.15461549778263214,0.1337770606611615,0.1711463000877719,0.9810039335096459,4.030776835373624,33.82737455232124,0.014550837401131722
8,2Item8,1,0.8677716417247332,0.4622216063601067,0.5881415283750785,0.1971231393422787,-0.18092313639202767,0.08032746892529384,0.07987902454638485,0.09161960925145465,0.17577895198243554,0.18621937757556106,0.7859020036405757,2.3448368647005062,34.5329302999966,0.05097587850197485
8,2Item9,1,0.8488117605309194,0.5114724308124339,0.596975195005291,0.10686589705324077,-0.19523468640894512,0.13396945826817816,0.1450612645528978,0.14977400156200732,0.16557855055663756,0.19227024271083323,0.8567733370414619,4.786114561612699,34.468969220408866,0.010540843028688546
8,2Item10,1,0.9146233796199715,0.47285346948518825,0.630892339109434,0.13129646056283376,-0.18302864586383058,0.14689792964567527,0.1601001743242274,0.15800810407520943,0.13607385163927022,0.22989078572025415,0.7494994619892953,3.601418224503313,34.19921563103956,0.015767869442189084
8,3spl1,2,0.6155001399318323,0.17743949063101708,0.3925818134131405,0.11185968139188661,-0.2867434590482663,0.1820662431165951,0.14531807290949952,0.13427112209659348,0.17134941766149678,0.11465013076799321,0.45198092248940863,1.586268500292891,34.05514457463584,0.01223704730061354
8,3spl2,2,0.5135803026154281,0.20124997742854328,0.45307728651806095,0.0792187055265748,-0.3332097597299459,0.1870111224120868,0.2634772875919911,0.2297831447270003,0.13816007452341092,0.1841909553397309,0.4441846523161258,2.5404350342558515,34.13395999645081,0.013399173412534842
8,3Item15,2,0.5038075397342235,0.2024142606048841,0.41659800951284265,-0.022037412565706276,-0.35632618811191147,0.10697435561909265,0.14852147800295318,0.1638412911069419,0.11509132840636022,0.17289299856058662,0.4858742852749273,-9.185028831601663,34.358860229506995,0.01235016605820698
8,3Item2,2,0.6332943361691692,0.38923395280735734,0.4897420813451952,0.12359199619194196,-0.3205157444776591,0.16838663736916157,0.15250335164471532,0.1428252842335641,0.14422887492431483,0.176985674282939,0.7947733446622735,3.149345925714476,33.94686111175264,0.0039988629351273754
8,3Item5,2,0.7494697614281035,0.45341378754314565,0.5675783094013568,0.10909646134770745,-0.27749171625597163,0.12112608542019723,0.11926605681578169,0.15231917406046863,0.13739946915217577,0.1676797932516675,0.798856790744028,4.156081487757551,33.73544244227971,0.0033712878242771033
8,3Item12,2,0.8346646987337846,0.5019683131943035,0.6190432161845743,0.13959906611830233,-0.23029865507628314,0.0920360643958147,0.15409791217449964,0.15989615378770727,0.1668448427323253,0.16755087566248783,0.8108776564538891,3.595785584791291,33.76815263166638,0.011333012627799637
8,3Item6,2,0.7211146176651406,0.3973611404271746,0.5255993343158927,0.11285716193414651,-0.2308431864952583,0.18204740738604186,0.13397496203636336,0.12928996209182123,0.1361046011978732,0.16100739948251203,0.7560153023944653,3.520920871092954,33.69684584301156,0.002208477143652104
8,3Item8,2,0.7162875459899263,0.35306854092091555,0.49690018273221637,0.06350489645821747,-0.2997421432524361,0.20833693598559935,0.14708087274009085,0.19075858624985173,0.15338725822260774,0.15931538716636995,0.7105421822729434,5.559705708574904,33.56471384019812,0.007008269280690444
8,3Item7,2,0.7203320893248466,0.36386995827465235,0.5386720995683656,0.1033219655593047,-0.29694534452479554,0.1456951931236153,0.15467883923739623,0.13254237363186352,0.112877309879308,0.15787650719999397,0.675494345986593,3.521709568563026,33.54085487279168,0.008182456405932065
8,3Item9,2,0.5237133683706671,0.2835682028287853,0.4248081605115993,0.014913222388023385,-0.36265087729626333,0.19981103700537245,0.11486522330320383,0.12737106528964615,0.1452551887031226,0.19720464256127188,0.6675206093493157,19.014548059175137,33.41278826223441,0.0019170094700469654
8,3Item17,2,0.7406995321224558,0.4117801598358294,0.56865524098923,0.07742209094725239,-0.3013956272182667,0.15172297325855996,0.11419186411664142,0.12304835132231612,0.14904789552345774,0.17466212977575946,0.724129717674577,5.318639027687019,33.57279713172037,0.01932139113720978
8,3Item19,2,0.7996592244017757,0.4871573347835259,0.4830752277062747,0.07293114414186512,-0.27378034149550984,0.09958755009998575,0.10141086646329575,0.08505726958977562,0.1375268543293432,0.1674838655808156,1.0084502492255367,6.679688545077841,33.32173107037855,0.006521549473013705
8,3Item11,2,0.8472905303606912,0.47767827955109254,0.48972411116828113,0.05231402455651546,-0.33631609003534013,0.10967001043063891,0.1504789994981571,0.07872218273497972,0.11049013060372498,0.14623700006427104,0.9754028190201723,9.13097920623698,33.464836481005634,0.015022518071863555
8,3Item4,2,0.6046559556224131,0.2562408507452431,0.32639723526085074,-0.008292797060763876,-0.3649918671494271,0.2661413638498097,0.3049363955411566,0.17222664593256365,0.15635603295259934,0.16598300441368105,0.7850582734115434,-30.899210455398553,33.484304420265005,0.001986167235422446
8,3Item13,2,0.9334305611114894,0.4850546035944043,0.5098658816776596,0.06732793944002127,-0.17919319497364897,0.0430631393745272,0.05924659106498742,0.07913037315835002,0.14127352314911004,0.14105528615215074,0.9513376361780592,7.2043582563841015,33.44701557304529,0.0010253338419507476
8,3Item10,2,0.5744625467559673,0.29077349496068544,0.47295912617760677,0.049565949882223605,-0.3272878523843012,0.07509966998217761,0.11618007023119246,0.1493316880638287,0.17497674464548646,0.14429990388340774,0.6147962440134779,5.866395979199681,33.5416732069152,0.011566635026287521
8,3Item14,2,0.6999704669371949,0.35582759698917577,0.5434077397132557,0.08073310347117912,-0.31363652249965923,0.06604758530843372,0.04752602019398021,0.09038313040458534,0.1479771348448774,0.17288958197750257,0.6548077444059417,4.407455892101889,33.46489159360287,0.00666912299756804
8,3Item3,2,0.7272312291869252,0.37717258237835083,0.5388104337596912,0.10579002175246385,-0.30189119128334424,0.0950976345136749,0.07329206286881605,0.10926587686040579,0.12902254652561818,0.16118592566293324,0.7000097957393296,3.5652944631734327,33.31083820822626,0.0023851987155568675
9,1spl1,0,0.821591157610436,0.5110486569670052,0.6303986558715058,0.446977956756802,0.24318355956723448,0.22046966388944528,0.2313437775392979,0.10677126085146396,0.026373273294033633,0.046677732823251855,0.8106753581982524,1.1433419659701958,2.484654269310826,0.0004665124956812024
9,1spl2,0,1.0075210961088261,0.6780781246459539,0.75492694214223,0.44900493803068037,0.2542417074195087,0.1611263294418576,0.12317096399505136,0.09762926759692829,0.020590286845782374,0.05431141680013217,0.8982036352068605,1.510179656619815,2.438116236205408,0.002130790124110853
9,1Item1,0,1.0450924802771238,0.6854138045660089,0.7564330844507158,0.4676358544252078,0.24084838807291087,0.17049291692989782,0.16515599266468964,0.12427254458210302,0.013260040502424918,0.04201138420399341,0.9061129368205907,1.4656998530251317,2.321870476837364,0.00035317658069568
9,1Item2,0,0.913436963878524,0.5965602714497283,0.7035998392632256,0.49482771627524874,0.24614932503990053,0.17141987362027075,0.14273048823852233,0.09249559196695797,0.02088336301044423,0.05879794773173141,0.8478686851698938,1.2055918668716987,2.2107560161357624,0.002531198945722667
9,1Item3,0,0.9639879982174439,0.5865214300046249,0.6860593340747251,0.49229624604734573,0.21997874153829597,0.25378013475223554,0.14980777759921907,0.09782014086798614,0.01935522835437314,0.05354464445850444,0.8549135621640385,1.1913993525695457,2.051888370381521,0.0011512321558756933
9,1Item4,0,0.9732233574586994,0.6400873343828637,0.764317929131009,0.46816320507534165,0.24843612550409347,0.1971840528828698,0.16473359891974312,0.09958115648788138,0.02486682220650755,0.04950326860552553,0.8374621465090432,1.3672311836480677,1.9516133439210361,0.0006038281187786486
9,1Item5,0,0.9196216553471765,0.5618574792524081,0.6959572868536918,0.4807508579149186,0.24493847565910765,0.3231515427480026,0.21801980274223517,0.15247656575132032,0.023373236383057373,0.056865800144037124,0.8073160365705159,1.1687082172261776,1.8328430273208183,0.0018376282659766337
9,1Item6,0,0.7777864880167633,0.4834342012044523,0.6010072890382662,0.4786922996338583,0.3115263499659372,0.2072374077278624,0.16939227430295858,0.0953112034727891,0.027580824307214917,0.06224106451832849,0.8043732733652399,1.0099059470234115,1.6905842281257561,0.0016900049545409328
9,1Item7,0,0.9316330733614454,0.5894311907590759,0.7030653466257152,0.5220799689542783,0.29121739534221425,0.2584200892746876,0.2224159706129106,0.13859994509055212,0.026997489462464854,0.06407416157286673,0.8383732646611198,1.129005563670056,1.5793265875585796,0.0005150463855807556
9,1Item8,0,0.8980522633347411,0.5922514633690409,0.7165662065378826,0.5529090033117842,0.3677886004792043,0.20747420774986483,0.1712127844076951,0.11766434612759777,0.03053165682152976,0.0726767645643387,0.8265132476788343,1.0711553958254434,1.5742273712824826,0.01172571462586504
9,1Item9,0,0.8843070612921818,0.49773567801516366,0.6366134167843968,0.5979293554552028,0.49628525863667855,0.2216332003476163,0.16730453372972331,0.11495491818964752,0.034117954731310636,0.05775080864851805,0.7818491789686609,0.832432247458073,1.719337731759494,0.0018580675179577513
9,1Item10,0,1.0241995982715704,0.6067526621340802,0.7291788690002059,0.5432259319890708,0.3177194980435148,0.23416547936039198,0.1733622119663781,0.10562823763971563,0.033674571704794265,0.07029057618639538,0.8321040105480688,1.116943476530027,1.6333068758813691,0.0011060184414910823
9,2spl1,1,1.032357501095128,0.6663189597302078,0.6467351638397312,0.5797520487001261,0.41169203849319563,0.37380015162164937,0.2327197521183801,0.07457271287336623,0.01710644436121469,0.031160654168143637,1.0302810113863683,1.149317126304009,1.4708259244942656,1.3745789531337969e-05
9,2spl2,1,0.9831269518600214,0.5811333275674369,0.702681977615395,0.5628419772031167,0.4256630077074154,0.22304596482782688,0.14633061487852433,0.10522893719844105,0.016565262563063208,0.043616049449876376,0.8270218181951037,1.0324981967811209,1.4516956011208884,1.6287894088615873e-05
9,2Item1,1,1.1197958790142204,0.7764104963657741,0.8314506546725859,0.5125376550374584,0.3066450384531771,0.1524753241034004,0.12455442954808436,0.0711622866412174,0.020228916434124482,0.05519687437110936,0.9338022540107468,1.514836007110921,1.4264422925809064,9.92546735161213e-05
9,2Item2,1,0.94774362142227,0.5726016383829996,0.7055715760593706,0.4719999422699094,0.3347109652273724,0.18083164818215489,0.14538384798039886,0.08293769243904787,0.021591247738914764,0.051163710928175274,0.8115429490080179,1.2131392101790188,1.389444281804601,5.409831934677739e-05
9,2Item3,1,1.0097840623403596,0.6896465342183169,0.8047179023527589,0.5536037485151891,0.32545485584965905,0.1253992984989912,0.13420401909254123,0.09498533757730292,0.013747488232461927,0.03291965719925188,0.8570040896878134,1.2457403599998471,1.3686683686683685,1.6357431429132707e-05
9,2Item4,1,0.7007877490400038,0.4536944301540525,0.6038022966712732,0.48483658662359136,0.3814543953178228,0.1956146409645794,0.13827426758084999,0.08948406017565248,0.01673229030529606,0.07471657526749671,0.7513956669324509,0.9357677240857976,1.3192174401752281,0.0004413456291220025
9,2Item5,1,1.1224638039009902,0.7855191611887238,0.825657195969197,0.5909052352770078,0.36333544125618755,0.13865916241296394,0.10046277922490915,0.0640548298189495,0.02350422291629822,0.06737083934881402,0.9513865609991521,1.3293487905740673,1.2814387951230057,1.9687845631800382e-05
9,2Item6,1,1.0162359742954838,0.6667252985541314,0.6928117540285788,0.5192385163426005,0.2836284022385038,0.1985277940891667,0.1379145325521074,0.11170721569440654,0.026183522059405887,0.07314132682119422,0.9623469776817352,1.28404437707424,1.2581020117132373,9.450596722228396e-05
9,2Item7,1,0.9191215000238265,0.6101642307805201,0.6870229724298526,0.5578062409128528,0.3468303819512911,0.1909868978291794,0.1496734836786585,0.10854104017107662,0.024620038399963396,0.06416562433878281,0.8881278419764809,1.0938641143349688,1.2241513614867099,0.00010825406199638876
9,2Item8,1,0.9032430215844239,0.5557806215060933,0.6508607349952032,0.48543011890864485,0.3005553800111877,0.23838299373284424,0.18796365900759257,0.1107247438366248,0.03536426576441246,0.08754253529942559,0.8539163461078552,1.1449240554143776,1.2045665226498357,0.0006358876395793175
9,2Item9,1,0.9798523334920362,0.6071782582007049,0.6998562672182431,0.5984331367826474,0.4352206310738066,0.18172120545887005,0.15028626159075004,0.08628303095921454,0.023493577047802305,0.07045240868454063,0.867575651992821,1.0146133625729026,1.153703080048689,9.586478027927994e-05
9,2Item10,1,0.738295241658231,0.46770567017460496,0.6260456531049127,0.4946745112540325,0.32708328842992485,0.2441524595979225,0.1792310513794996,0.11567577000821211,0.03221941110258831,0.07262810033483914,0.747079174031335,0.9454816421478005,1.1041574026422512,0.0004611117698794406
9,3spl1,2,0.8098533102393808,0.43023611038149745,0.6697971618081354,0.5292366486213104,0.2828186333318233,0.145431479740424,0.15652827629951852,0.1008327458471323,0.030712892258920068,0.050338657739933707,0.6423379110441818,0.8129371060929894,1.0785294262058458,1.7778640138620817e-05
9,3Item15,2,0.7732616899454063,0.47392967234926736,0.6357468367524735,0.4521192707160777,0.2430433109991343,0.18563941588307545,0.13416083530613038,0.12025824601430761,0.01823295381404162,0.059229777832451605,0.7454691776757069,1.0482403692954856,1.1084431196727658,0.0001858654011117372
9,3Item2,2,0.9734838354929339,0.6757358386903053,0.7966592358828435,0.5223115192312041,0.28395247990723577,0.20471746352362397,0.17043791007380185,0.15907382015057045,0.0441424112153481,0.05665230626983925,0.8482118921187867,1.2937410195187482,1.11489385030769,2.7518755355062633e-06
9,3Item5,2,1.0098313431341106,0.7271890833108601,0.7703384141690961,0.5437763642565597,0.23828464526494533,0.1706100504568331,0.10075870649481473,0.09575210689050376,0.016505351010664745,0.07885200969134087,0.9439865246123493,1.337294391174512,1.114115100129086,1.0851491351364772e-06
9,3Item12,2,0.9776732971338855,0.5974695534345223,0.6272854673388727,0.5282034511312103,0.319674980618707,0.21145128496994547,0.14590969264635115,0.10373803109063895,0.032006916367658095,0.10896409729614423,0.9524683474920813,1.1311352680938287,1.1060215205669748,2.0462309072749925e-05
9,3Item6,2,0.9204319395415216,0.5905104528408006,0.7033389168231602,0.5034197219604675,0.33373617153738194,0.2535358788952799,0.20606577672387608,0.1782419265130099,0.03449329664615674,0.07756028502037676,0.8395816552686085,1.1729982476017775,1.0942973064546364,2.250874230275352e-06
9,3Item8,2,0.7518954089333968,0.4389121571204232,0.5916339275218131,0.4889934180298172,0.3256433611201507,0.2043183985935456,0.17195262561642677,0.10586576064926108,0.04180711065803023,0.08390766568020061,0.7418644130451366,0.8975829531433014,1.0839488909933015,1.4437673977458137e-05
9,3Item7,2,0.8822806884182282,0.5105811863377944,0.6847898750512447,0.4584290281076017,0.35706032189052456,0.31101919396619115,0.2329207046305389,0.1539981418186492,0.041974803452254614,0.10132958370250057,0.7456027085008865,1.1137627722478969,1.0753758712942387,9.177444264917372e-07
9,3Item9,2,0.9310924592863399,0.6271375865146765,0.6988675381493449,0.5194007943850103,0.3387767616250513,0.2257220199945156,0.17003887956140568,0.14514133980765506,0.03796725822437191,0.07881697141613928,0.8973625921702167,1.207425156231818,1.0623197198539662,2.979994867045191e-05
9,3Item17,2,1.1426659957492282,0.7460142789585108,0.7897245476895061,0.561773832715895,0.3893674125861883,0.19544382953575168,0.1562239687428375,0.12548624286032994,0.028990371604755618,0.069122086913738,0.9446512460534127,1.3279619558354003,1.0468690779571608,1.9649060120227608e-05
9,3Item19,2,1.0028521992940669,0.6677745480444983,0.7565175875456294,0.5298297128103148,0.3837751303092548,0.19639188661232707,0.15975969989372057,0.11382715832551106,0.025959962021125597,0.08848983852751967,0.8826953373658695,1.2603569234389325,1.0283993783993783,3.89501779778171e-05
9,3Item11,2,0.8492602942446908,0.5455406017774935,0.6817738313854379,0.4855598484855803,0.395743319822662,0.26536895325857207,0.2024697015781795,0.13957153723164015,0.029462179022355105,0.10740424304336968,0.8001782642034206,1.1235290610528423,1.0132137901107323,1.0780357459966436e-05
9,3Item4,2,1.0315041672611365,0.6741940163126182,0.7914324946630177,0.4900234707703214,0.3756418065783554,0.34454438385074165,0.2766055316372733,0.199211573181093,0.03134040274200636,0.09588492103353811,0.8518654717959444,1.3758402508290852,1.005008063831593,2.9107395877785437e-07
9,3Item13,2,0.9700368584329563,0.581114474075929,0.8581237811066237,0.5884478094345719,0.31793384758379245,0.2074837686535831,0.2649067920994982,0.1845432036304008,0.048633571977505355,0.06350406129456035,0.6771918995757704,0.9875378304947262,1.0054025835275833,1.5653657259451326e-07
11,1spl1,0,0.6555986916641712,0.5136014352614365,0.607836557072719,0.23239252375224062,-0.15017585581317158,0.05471785920091421,0.09719017565729511,0.09438286733617497,0.07827991523766685,0.050380525214239476,0.8449663457063592,2.210060051669044,8.269459912329493,0.02014776732011738
11,1spl2,0,0.721598637334619,0.6090765691078646,0.6952651635767341,0.23167803956321684,-0.15501359652019386,0.06056193297272686,0.06967427186521419,0.09951555670101067,0.051680485081364254,0.041742025917256294,0.8760349290312285,2.6289784203422113,8.49620318606188,0.016085046597584432
11,1Item1,0,0.7239523546310921,0.5495365660258198,0.6092521405855146,0.2511484533567062,-0.15041850128238868,0.08782678796578945,0.10877332988401024,0.09701451196203872,0.08418745420991389,0.0374757592542192,0.9019854482508813,2.1880945571948964,8.458258985177684,0.017435321687392737
11,1Item2,0,0.6267711685535315,0.4269680966946185,0.5329992398958672,0.2487167142685141,-0.11543788464377851,0.11774229730543045,0.11805751730028036,0.12165323214559479,0.06323227478372054,0.03056707887632598,0.8010669883449907,1.7166843661217723,7.917251757328332,0.04494919725411127
11,1Item3,0,0.5036516066554486,0.38565599666021266,0.5330933401883943,0.26441312454082616,-0.06264163515730749,0.1373791154490369,0.09503266751608995,0.11051413952123099,0.04857679663646054,0.024058540441873753,0.72343052682011,1.4585357510955568,7.081712503282387,0.15800620567347243
11,1Item4,0,0.42368576490950755,0.34380567426642233,0.46259254059546734,0.3037987556069742,-0.003522391439289368,0.17829558132477216,0.128148567133444,0.1435034157938688,0.041012255462646426,0.018917549403453228,0.743214910211581,1.1316888788692614,6.978477336294334,0.02613652536749282
11,1Item5,0,0.5022531248314448,0.41867220041496506,0.5401202156379982,0.3184319230782976,0.02336723071967959,0.2542002667660854,0.14336382096467412,0.14099160968373117,0.039912022875307054,0.023612030267914582,0.7751463239443405,1.3147934260260283,7.1675113378383495,0.00974079672007093
11,1Item6,0,0.8134825129274578,0.5634216572209454,0.6707540776705683,0.3469800483229004,0.08009738875810914,0.08641371388194108,0.10959408693054565,0.133125728502599,0.038862651362802064,0.01716012056910356,0.8399824542813735,1.623786895876033,6.961461308496289,0.0048483754358734695
11,1Item7,0,0.5455781611140763,0.48607309936897775,0.6332169006348869,0.36513966622978633,0.026672172303445745,0.15280564219119555,0.14828679450959012,0.15999535569828702,0.025493941847840942,0.0169072917573256,0.7676249609162323,1.331197738817806,6.922752917531678,0.003248149722411641
11,1Item8,0,0.4204397691763908,0.36122732956420883,0.5235932307860708,0.3433425533923679,0.11509374332531731,0.19533888868737526,0.12114750207412124,0.13982038064207203,0.04338043446262545,0.024615501692226736,0.6899006855608072,1.052090179160846,6.993867064942573,0.013060079551367338
11,1Item9,0,0.3991939581003463,0.3224850460372345,0.4578771367548993,0.30822334570144067,0.05186609689458533,0.2002201524248834,0.13411589749146743,0.12731655773009165,0.035237165023946734,0.020921222200524735,0.7043047565520951,1.0462706653743798,6.944495695272,0.014663669488647998
11,1Item10,0,0.43597884112472873,0.3438226698025462,0.5069374197008949,0.3703670547122348,0.09024702650052314,0.183495459436501,0.14232920196318063,0.15935490058959434,0.04783679806653167,0.04446842298194987,0.6782349374153024,0.9283295166233336,6.782836056076049,0.010972148699235155
11,2spl1,1,0.9418529780283758,0.6703590240718525,0.7532124009389269,0.41442519931371496,0.10054326034067189,0.12831366760129795,0.14841505576215858,0.18697900144355104,0.09105647050579614,0.08486450064492917,0.8899999818725869,1.6175633710604438,7.827072664788124,0.0012876501012971614
11,2spl2,1,0.7417927837575582,0.4771573697755814,0.6323127883197297,0.26322925584172097,-0.1768759790290988,0.1197328026370274,0.12922765821415474,0.19036459831230812,0.12256905282458531,0.09979377853079993,0.7546223606973513,1.8127064426675594,8.328060212760878,0.005448639119528797
11,2Item1,1,0.7264015895861734,0.5457652246114898,0.6660450956402142,0.29337630740530674,0.060583399806402156,0.11742707545386913,0.11533043593729055,0.12880119916842483,0.03644591779483232,0.0203163659786758,0.8194118196568642,1.8602907221039178,8.346767368552511,0.009676925748600174
11,2Item2,1,0.8347942658474299,0.6003375148291652,0.7123145737578382,0.4144243499734051,0.16558561239517136,0.13699209469406,0.1939571197109964,0.15979509918690663,0.07110488846120533,0.021477568554622798,0.8427983030296112,1.4486057911874264,8.740916923607012,0.0317758472260342
11,2Item3,1,0.7671357737749266,0.5906591095805841,0.688755799868479,0.39436945622612046,0.16621784693807862,0.1378774827386601,0.13050135414289726,0.10467417542288275,0.04559651490631881,0.018284721291395214,0.8575740615698613,1.4977303611063282,8.948978204545543,0.011478606538203111
11,2Item4,1,0.8218914761294128,0.5776831444311492,0.7164418860279164,0.44245422586032235,0.07849965600167547,0.21071758246451477,0.1401080894207863,0.1397110028135542,0.04415150423997911,0.020190621417641934,0.8063224036601305,1.305633689004212,9.1107498773004,0.025389980489452554
11,2Item5,1,0.6074104855923297,0.4063993672095812,0.5405971855801447,0.3645727613200988,0.11425003643573008,0.17270117339411728,0.1215359814406897,0.1535410996663749,0.050134566815852995,0.04823516685677366,0.7517600485131856,1.114727728487731,8.264129192706013,0.09366058562592725
11,2Item6,1,0.4582386006931508,0.36221216049503646,0.5182668631962773,0.3845440993662197,0.11085600448727405,0.1819292860442201,0.12560497314812094,0.1327488324154834,0.0374188613082239,0.014868196911779067,0.6988912190185093,0.9419261929908287,7.579630569222119,0.08795276971500203
11,2Item7,1,0.6124504826218289,0.4113488356119066,0.5620382853915216,0.38012854369953203,0.08704097967641654,0.23300025534255533,0.1618992521278003,0.16230805969274412,0.04406026598221312,0.03666508784512151,0.7318875698894236,1.0821308774300342,6.790599282450467,0.12296828483835763
11,2Item8,1,0.5268824843837133,0.3927025462146751,0.5368233084420466,0.2996992025085419,-0.003543351156216261,0.18760946038529758,0.1475616077826042,0.16982476519606765,0.05843538593540515,0.034597797605381966,0.7315303551606859,1.3103222885391568,6.275806049769904,0.0510397112235699
11,2Item9,1,0.6261632701243605,0.44796586307008723,0.630426562734266,0.3291849122728358,0.10551352562511919,0.14378826761255664,0.10616493548997347,0.17788831943330538,0.05053633359728732,0.017191826977761407,0.7105758050812583,1.360833516385373,6.76617669994801,0.003886862132932795
11,2Item10,1,0.39941099320923346,0.34902688744736343,0.48844668381946765,0.27207699474311503,-0.03298107499455245,0.20574769991131225,0.17629879142521204,0.1246452827455802,0.05055782792827183,0.047377090520641874,0.7145649633723392,1.282823953910832,6.651902118643823,0.012004766633125389
11,3spl1,2,0.843637512467742,0.5733813318593318,0.7188896349124424,0.337032688075,-0.007537982806129036,0.03908887422087671,0.05971582785199437,0.10410910799616792,0.0720107735493265,0.025505951385690832,0.7975929867615551,1.7012632615340677,6.677993052141243,0.00012413980296601827
11,3spl2,2,0.617509782860229,0.44813766010151035,0.5013339048415806,0.3078583960804468,0.03762420816399557,0.09128052902858666,0.14035085759381571,0.11587763136778238,0.08616729445532424,0.021404328438635423,0.8938905884476922,1.4556616429871394,6.96827518055071,0.01821913225830656
11,3Item15,2,0.6695025693566092,0.42838645082801957,0.4983461656835467,0.33114243068923027,0.04806146889919421,0.17135965726385938,0.18786488000581494,0.20313599480339462,0.06516876265693086,0.030026213802738344,0.859616225562437,1.293662212488826,7.211094235484478,0.01435385950677981
11,3Item2,2,0.48523417150892856,0.43998254852747254,0.604676995910704,0.33457533432269915,0.0074265945690247335,0.1949404178014559,0.24638522154451717,0.2533794850343262,0.056551214378958485,0.02772397409890519,0.7276323570688885,1.3150477697440182,7.116060995386208,0.0017699973772393118
11,3Item5,2,0.8051642944715808,0.5202969308485791,0.6445327401099911,0.32772739606565277,-0.0062733845593916605,0.13898867349108834,0.2787506508757561,0.27451183563794573,0.06476690888259191,0.019789176625548733,0.8072467039495037,1.587590587503886,7.094772921743045,0.002170302931127233
11,3Item12,2,0.7185727019054653,0.6148366499538406,0.5403017071372045,0.3399673554903065,0.016083355488176507,0.05036375048684957,0.07501307149755683,0.12093911504599546,0.053909453452881596,0.0230488856649778,1.1379505944440003,1.8085167243737161,6.961298962136183,0.001262961665398776
11,3Item6,2,0.25537395816785713,0.23247365094321432,0.435247195255,0.284259883833,-0.018491783188749996,0.1061734307703925,0.0971707589228736,0.1617447682727821,0.05051890128492552,0.02508911542339546,0.5341186639304945,0.8178208159051017,6.858007435952757,0.00014832715703601843
11,3Item8,2,0.6317967165126006,0.4159723042264097,0.5907979224115003,0.3105145203961838,0.018680567849230438,0.17670341907360756,0.12903898033484273,0.1996277780960993,0.06830557301377758,0.028250994570256437,0.7040855895776029,1.3396227086451549,6.777918259004909,0.005174210263491408
11,3Item7,2,0.6528264051917796,0.5076465649507763,0.6042036355248805,0.3147662461194367,0.02807814833030454,0.12359829483555264,0.15298477710980793,0.1562962248327773,0.05191400638572082,0.024745058618077662,0.8401911777137606,1.6127731915237784,6.646291930512936,0.00060242767302144
11,3Item9,2,0.9202881242748691,0.645874024938742,0.6031859056348168,0.3404696451058639,0.01289688282460731,0.13005527720385152,0.25284747731909796,0.17190210013233365,0.0771538797359453,0.03068915505504342,1.0707710804154609,1.8970091235032362,6.596125129226173,0.00014136635883935566
11,3Item17,2,0.5461186158078015,0.44613756499550256,0.5557803483766081,0.313899868605892,-0.05163183047844221,0.27392088361454736,0.2559034101271375,0.1703792983119156,0.04946353806052851,0.01756587723980649,0.8027228121611596,1.42127349576678,6.581447511990606,0.0019416145445141397
11,3Item19,2,0.5337977375902545,0.37040644217087976,0.5350345900262597,0.3726260793902278,0.1077070269988899,0.21560094218594852,0.16311599901780147,0.16753098088727988,0.06644289323079389,0.05371496238263522,0.6923037283634247,0.9940432558638311,6.273008324686662,0.019620789228631873
11,3Item11,2,0.7262299395978151,0.5160749119303579,0.5630810017261753,0.4003718827864744,0.1356163330465064,0.24577628410777597,0.17792507363873022,0.16908532298112341,0.06420008964193005,0.03413624166642891,0.9165198424947107,1.2889888946487311,6.097029614771205,0.007548597792892957
11,3Item4,2,0.7098794495794425,0.5960200924050523,0.5913794227107666,0.38534090672482585,0.1902040074125993,0.11313737247026855,0.12758314966801937,0.1857927896392672,0.0526716473396606,0.038414199457335686,1.0078471933723474,1.5467345419518075,6.250678766150188,0.0024434486657238575
11,3Item13,2,0.8157014801266667,0.547378586004336,0.6619052246673177,0.3830306283985157,0.10167258141486979,0.2867353959418927,0.22159529299473016,0.21017499208222193,0.07499800448200829,0.08083242878094969,0.8269742627465759,1.4290726223746144,6.615968423319214,0.03470907045182987
11,3Item10,2,0.9392654933333333,0.6349998454308943,0.8109725041187573,0.38333832857142863,0.156349005331417,0.16114539010862802,0.1528397279343944,0.19449998707855584,0.06622307589226252,0.05925733486730691,0.7830103257790547,1.6564997456445918,6.849955087043313,8.230984053914214e-05
11,3Item14,2,0.8695564873233228,0.6198232148179398,0.7300210771610154,0.36669040476488557,-0.018760780168121022,0.21952057461855107,0.14911565621638995,0.1463808089646261,0.09073284115008537,0.06345311362311656,0.849048381423899,1.6903175132849202,7.6388993286814255,0.29203959460167184
11,3Item3,2,0.5426122514929603,0.37177931289555377,0.5529149673043994,0.3082624491778276,0.028663405617004686,0.3275245828807484,0.1522125246274863,0.12677369793407559,0.11048111857079014,0.09234739686798363,0.6723987126549918,1.2060480044880106,8.107412548621138,0.015810659412998123
11,3Item20,2,0.23026960688480458,0.10069584307648248,0.36754756234905656,0.23457302675387465,-0.11220874127553908,0.10835421093733785,0.13209429228130698,0.08263024194371596,0.08421732335679573,0.09998069583352322,0.2739668361801995,0.4292728965503119,8.416696553201252,0.020973886288315466
11,3Item18,2,0.11395226372839508,0.04510597388888887,0.25094628564814814,0.22998685846404318,-0.1363495345447531,0.19042458644318222,0.15941517584290765,0.08669037782018493,0.05520980671872881,0.10291210177546149,0.17974353990793243,0.1961241350658161,8.574088471073773,0.00012916185947927736
12,1spl1,0,0.7616646914312566,0.39939345249462943,0.47959303552363053,0.288790782849087,-0.036690953033028995,0.3638360061299653,0.4475132622665036,0.2517142543046119,0.026088014028362486,0.03788575721816907,0.8327757537717094,1.3829854511677904,20.33498366120967,0.0012968138763538352
12,1spl2,0,1.0719645027299227,0.8408441962986698,0.8412652539392342,0.4531961321164843,0.07864680849773527,0.15715178148990674,0.1645498468287219,0.0785989664393225,0.021776824137232986,0.024721854210560685,0.9994994936043153,1.8553648958045035,20.661074743394728,0.030815648454123403
12,1Item1,0,0.9982086414323096,0.7844948141013192,0.6816348926625216,0.4556606659742647,0.13972773688420198,0.16350444102133485,0.10698846561698076,0.11653227364821447,0.012150791343941966,0.026634470702344207,1.1509017824573453,1.7216645432896815,20.382155908229237,0.002968576705416178
12,1Item2,0,0.934756556888908,0.6074665933054603,0.6513804140174279,0.5012428196694712,0.2264508888415007,0.1496132936342245,0.19676417266426421,0.1921644818211485,0.013241009924419194,0.022492323489018466,0.9325834478600455,1.2119207862052055,20.221536884125577,0.001182659639834528
12,1Item3,0,1.001872896187166,0.6587183677157754,0.7503486960673798,0.5526516386973263,0.2713719796635294,0.18172233736148954,0.07622279050198502,0.06388637164431511,0.015396847436184444,0.018230928052393285,0.8778830033160221,1.1919233028541079,20.155743898990853,0.004828154086705538
12,1Item4,0,0.8572078125648871,0.4948952631359074,0.6453128991573042,0.630930312429607,0.28547619775963895,0.15208758364923045,0.13690019307146303,0.1021266132676146,0.008219902467289096,0.010993493214301965,0.7669074382602141,0.7843897378234356,19.928210490751585,0.0016818045145524324
12,1Item5,0,0.9233499263210574,0.6111694128291725,0.6367070070374072,0.7006090726795539,0.3899002162477077,0.14597600954597442,0.12479274027260386,0.05809483681617097,0.018749534597073066,0.016819597735910373,0.9598911353481846,0.8723401334489574,19.72212177763369,0.005662999321986871
12,1Item6,0,0.8101043180117021,0.5209979286823708,0.5158203782034818,0.792126351011398,0.42161579265197563,0.1736755773944116,0.23201607620907125,0.157396607252921,0.018147300709276337,0.022296725272580156,1.0100375046966623,0.6577207378083466,19.671542438418715,0.0008624752763822267
12,1Item7,0,0.7281162383862839,0.5655879866012161,0.5262721734938963,0.8147455538870073,0.4787970007874076,0.30844025670086916,0.1761846261921638,0.24145398435534818,0.012306008225498688,0.03520076337531642,1.0747062337945739,0.6941897175243312,19.567205032238423,0.0008588308903890578
12,1Item8,0,0.8381064432017831,0.6819719255108128,0.7094060495213125,0.8596405418110361,0.5534587587597595,0.2906789422737687,0.16968870005888198,0.08016160025225469,0.024837748511899918,0.06272209158914654,0.9613280363335787,0.7933221986956961,19.493527769914632,0.0010962672998379443
12,1Item9,0,1.0535731485101274,0.7420611686795637,0.7779965251398986,0.8910563613795118,0.5529063642722669,0.1173380360659951,0.11725501719160206,0.06715087447410516,0.022205478615674956,0.06424332936266221,0.9538103882820256,0.8327881377760824,20.64339870958949,0.2830578211409913
12,1Item10,0,0.9592845960567851,0.5656706428364695,0.6025443008203684,0.8996082871024383,0.5472846935257091,0.12058827356253957,0.12456504395444391,0.09711330192048709,0.01761640369773543,0.06930834626045136,0.9388034060358741,0.6287966110557406,20.167712069420254,0.02475310048961374
12,2spl1,1,0.8366130847477065,0.4803960639936926,0.5751732651330275,0.8353766481465023,0.5939365411095183,0.17648042112454007,0.21727817267867447,0.07703100351925928,0.026101518610147704,0.048024861989801576,0.8352197368689689,0.5750652289413518,20.217613378184147,0.012654358087807911
12,2spl2,1,1.1879019615311568,0.8900959755132308,0.8125658836395646,0.7885364750949636,0.6413242511096885,0.0691518080834199,0.06173024363986547,0.04642589430101933,0.03246579732182178,0.034830995485068406,1.095413913307543,1.1287949289565096,20.120018556118826,0.0033315580784314723
12,2Item1,1,1.2314007273352214,0.987887709349382,0.8607593393856205,0.9965940902355818,0.5671920802169154,0.06178146932641566,0.04598433752629633,0.030471452971666483,0.03895503502210431,0.057235416417014566,1.147693278479915,0.9912638636303718,20.20208957198884,0.0019791779170471543
12,2Item2,1,1.2365054023530269,0.9533706995227007,0.8180602073434226,1.0199566428012223,0.6553692582799766,0.048803636751512204,0.07760919667203325,0.04602767248874478,0.027857408096211296,0.03892658566990979,1.165404073929085,0.9347168875430174,20.051732869132547,0.0006005791345342815
12,2Item3,1,1.1333522854923994,0.7847930665614673,0.8003549756258261,0.9864999631865499,0.6639872341548247,0.06192638205200512,0.072407745920711,0.042349410487668236,0.010602087618253857,0.04335821830647311,0.9805562400199404,0.7955327876860022,20.064570226802534,0.003948567227229814
12,2Item4,1,0.7708645734542638,0.5084547993531228,0.4800250730618994,0.9770671917956417,0.5727234689713451,0.2826682858157898,0.21471309822425436,0.15914035768516155,0.009962946824536039,0.05684364583221739,1.0592255005569924,0.5203887747968512,20.007869139261352,0.0008007995181299117
12,2Item5,1,1.154661778399165,0.7778049083732337,0.6905830058732337,0.8395458060404624,0.688883727199743,0.11129589693716982,0.1055066096440402,0.08431942258165324,0.033578495683490875,0.05907890594667712,1.126301835741537,0.9264591661950221,20.164295457062387,0.004129975894166926
12,2Item6,1,1.1516967005708831,0.7770770769686887,0.7035213852591671,1.0103252479273446,0.6020047064295938,0.09369317740614519,0.0831734797760448,0.07078200149043164,0.01946090153532599,0.051151569391432554,1.1045535958766501,0.7691355608441005,20.47144364107671,0.011444015748396066
12,2Item7,1,0.949678920500412,0.564479880116248,0.4686457052157537,0.9143038729571663,0.6401766815383031,0.12619023502802273,0.1712681244915506,0.20812948961122604,0.021282668144376356,0.035048986063227344,1.2044917357172464,0.6173876062376752,21.010110532968675,0.10370974016872028
12,2Item8,1,1.0659141932938863,0.7151909946293741,0.6783888639177644,0.9177860708902841,0.5955043874670647,0.13242181805632774,0.13408588389101816,0.06380897187091902,0.03557260523169861,0.051927496340204875,1.0542493127685268,0.7792567533263579,20.95923800759152,0.0006631006142406516
12,2Item9,1,1.0677573907926297,0.6675956488778403,0.6286887470694116,0.9562340625087395,0.6074467800985628,0.10679711093531111,0.1529585637745117,0.09941601385963404,0.022464214003520496,0.05496026481654113,1.061885791542961,0.6981508757680214,20.683259378001775,0.017115547458192267
12,2Item10,1,1.0685775321090671,0.7369941071482466,0.6678708476757599,0.9239884326960139,0.5933549614038546,0.11649466967174917,0.10730204610966773,0.08970492511550389,0.02183561626824555,0.050558607389693054,1.1034979421688234,0.7976226544310974,21.006424554720805,0.059057760057501026
12,3spl1,2,0.6438663509509179,0.3939575396831052,0.6850066452994712,0.8861643754495955,0.637897819690417,0.38173546536925934,0.28839528155171407,0.039727956838637675,0.024555868991537444,0.040203144776525014,0.575114915762255,0.44456485743817675,21.450612056276153,0.004680943162053438
12,3Item15,2,1.1710782800724637,0.8345799426340579,0.9036072762318841,0.8428316636594203,0.6359070788188407,0.1522237614766895,0.24450603034723226,0.04735239266432243,0.0253023411570049,0.03423860352589724,0.9236091426694958,0.99020952537575,22.210469667064242,0.0015705972055025073
12,3Item2,2,1.1997664298940345,0.932806861956044,0.9491941552197802,0.9113710470643642,0.6647347820996861,0.10184082100761307,0.0748257058832495,0.023381497833337025,0.02128011691072057,0.03133243228701749,0.9827355718992208,1.0235204025157556,22.047407785384564,0.003458851010226629
12,3Item5,2,0.9698759578160592,0.7984426503448178,0.9037122913183372,0.9171550608940772,0.6952060301224373,0.09201564545993482,0.044691571747706785,0.030833172617111177,0.014005365966889238,0.030687174864375832,0.8835142081519484,0.8705645135904297,22.91314830268413,0.09592545832236578
12,3Item12,2,1.0913254542663045,0.9202741499165372,0.9760338583986802,0.9317042319759316,0.7134494839654504,0.113964769640534,0.0433646483249497,0.032756427008815744,0.008540304656155932,0.025625250283851677,0.9428711320358336,0.9877320691965885,23.061383918834185,0.034613002367103136
12,3Item6,2,1.0031294598836207,0.6842972300301725,0.7275047451681035,0.9476247001034482,0.6701828740646552,0.141395171295459,0.12444353245605437,0.05180050985522245,0.012630357523404637,0.029981867824342857,0.9406086127059479,0.7221183969068685,22.619371477490514,0.004607862284725909
12,3Item8,2,1.2346022860890153,0.8558953314015151,0.8218039335815747,0.9641433566896644,0.6277002729802489,0.0683763376327855,0.05846526564820131,0.03810281954505206,0.01899440645798578,0.03758681488076937,1.0414836135303955,0.8877262126790569,22.15494566240834,0.033715556943638515
12,3Item7,2,1.1898170181965602,0.8303425257997543,0.757751795051597,0.8755918842641277,0.6494103197125307,0.027321637273316737,0.029394493876266078,0.07392029377314997,0.020521545749726436,0.05128458699535093,1.0957975027263605,0.9483214038116358,21.733007018345027,0.004968334291840333
12,3Item9,2,0.9720924860785922,0.6138563641409334,0.7211960692103021,0.9112904547482572,0.6058063596611154,0.12979879746111272,0.1266309701811463,0.08623510664238448,0.025780258311386504,0.05612454879765734,0.8511643220156923,0.6736121949580809,21.57263320833226,0.00922187241775592
12,3Item17,2,1.0536023269346473,0.7634373716260372,0.7743566710853217,0.9026468927204356,0.6954296876374483,0.30025804736390677,0.1566536911249933,0.1331363372681699,0.014402641203446805,0.04812139931738818,0.9858988747008803,0.8457763239835467,21.600331674958532,0.0035517141026171995
12,3Item19,2,1.4391928505814886,0.8837047290335259,0.8704068232194418,0.8325335183140838,0.5961355062183189,0.11441689299082927,0.06043197157770408,0.027240033036899713,0.03573715599328972,0.09201975296151926,1.0152778039464585,1.061464443811946,21.265027646911324,0.011124273574750782
12,3Item11,2,1.4945299371031746,0.950998481933622,0.9336748790250722,0.9376814101677488,0.7090694550162338,0.06390343175301982,0.04076813041120051,0.021457483447302188,0.02412873250114835,0.060956030537730674,1.018554212262929,1.0142021272974675,21.131285061205162,0.004760700608206082
12,3Item4,2,1.1523523481166889,0.7768929168085105,0.6997020301612367,0.9259254467004653,0.5281984620844414,0.181678503192976,0.11161234372344168,0.053549905413417496,0.019394378957618846,0.02677439227477074,1.1103196535233242,0.8390447835059757,21.223703465361407,0.002451502624699832
12,3Item13,2,0.9218372865164198,0.6457567917965229,0.6465878148543143,0.8542962577736639,0.646437759151642,0.2560077960527658,0.07361352535632965,0.09496550781308219,0.021780157213611533,0.02546514676371103,0.9987147545354016,0.7558932690674569,21.029423047112374,0.0035989993837211402
12,3Item10,2,1.2993828738730027,0.8907623085418419,0.7651417974968461,0.8165114004583685,0.45921180667010103,0.08016299804276009,0.05195225895636769,0.06362593121690331,0.046367837046611675,0.05973626905536176,1.1641793851698898,1.0909367670198533,20.888101089503706,0.0008052638832892144
12,3Item14,2,1.237384947090021,0.9172365091974877,0.8519955662124914,0.9456782079727843,0.5462640725139567,0.12726693189793414,0.05442644162060963,0.024187293460528763,0.021450053563193038,0.045675410612359774,1.0765742739700486,0.9699245477949728,20.84652238406082,0.0005119590582842461
12,3Item3,2,1.065194451143411,0.974107474761479,0.8080536181797853,0.7613487660644007,0.5694142322555158,0.09462200388237431,0.019607089195385792,0.04588233765209464,0.02379469289177579,0.03639874671406067,1.2054985605413744,1.2794497304007344,20.9477189762012,0.0394429282694424
12,3Item20,2,1.2596541627758768,1.016689277683918,0.8146024333682633,0.7061244264734816,0.5676741867814371,0.06889536948721033,0.021718301835098944,0.025029435107663724,0.017659423768868494,0.02024909105833069,1.2480803331656825,1.439816041092984,21.489910993513142,0.0015456436256512066
12,3Item18,2,1.2369317979966086,1.0482415416908915,1.0086113600436046,0.77312661842781,0.5510937157267441,0.13535136711986542,0.012750007491172286,0.049332235426913805,0.00392677203453894,0.014997686230832717,1.0392918245599392,1.3558471734768278,21.255556728875064,0.007751093592276124
12,3Item16,2,1.2724312885855265,0.9724846568311403,0.9388146307785088,0.7523897072395834,0.5511400201315789,0.05869646941530704,0.04108225951814305,0.09400288488067797,0.009619742777077061,0.008022510615477065,1.0358644016751704,1.2925278564834808,21.037468954541545,0.002161782558353254
12,3Item1,2,1.265208419498967,0.826847369839876,0.7634859744894973,0.8278965292458678,0.5488765810778237,0.05905083447461431,0.049795769100425276,0.08580312528065968,0.007932466474932936,0.008953183721209302,1.0829895982172502,0.9987327396991503,20.863873550440704,0.0027060325680213133
13,1spl1,0,0.6325035845505564,0.3371503124850345,0.5452484592958029,0.07786179049330871,-0.2131516208659445,0.18971713261902773,0.1746037490341347,0.16633364579172297,0.06305526997225147,0.03224303403390882,0.6183425301231058,4.330112446924735,11.486080223093936,0.013308553491120421
13,1spl2,0,0.7672192443553885,0.4933175258217696,0.5721420991253027,0.17884516345633858,-0.08636841340464955,0.18841246595733302,0.16383283055631923,0.13996050693255913,0.07232717971775716,0.0402786700137063,0.8622290261697749,2.7583498123719363,11.380997297097087,0.009727837486221302
13,1Item1,0,0.8139971467188942,0.48758951933301514,0.6044626326357009,0.15053776377762798,-0.1072680055525278,0.14058695118019054,0.09542741862518467,0.09817748158586312,0.057519419921683655,0.03969120439942791,0.8066495631008299,3.238984716248941,11.948717833677676,0.11829906986553196
13,1Item2,0,0.6839285016281753,0.40812652681767286,0.547541891801833,0.15582125624251233,-0.1704818033397999,0.22702263064924397,0.1618295591189429,0.13150675627603386,0.06658174637060754,0.028704668489965897,0.7453795448038576,2.619196726044158,11.984911837982656,0.016772295499933476
13,1Item3,0,0.5587726021780812,0.36783618125840306,0.49625185903592484,0.10914045753586127,-0.23915713381213502,0.22652382470282598,0.17980499018992177,0.1501794413809607,0.07099039873657018,0.03367903842064596,0.7412288212517218,3.3703008599468163,11.659790417682188,0.003435234430212392
13,1Item4,0,0.7204383638365046,0.44662329380241134,0.5393928048334711,0.22125620373685806,-0.0695459293081678,0.24588251939457156,0.16875943065692028,0.1614802381097578,0.06745356005937429,0.035011997560172044,0.8280112173767092,2.018579747101711,11.686905508000507,0.047364565332522805
13,1Item5,0,0.6686459359883833,0.42643864241016655,0.47725671882647397,0.15593376475561685,-0.11801766797186607,0.21832853894933332,0.1434240778921134,0.11267838523750254,0.0504538138792995,0.027675757995925487,0.8935204570094174,2.7347421537840075,11.33736492896753,0.026023754235908938
13,1Item6,0,0.7295122004183217,0.39061314076106673,0.5208916090920728,0.16108060620292347,-0.10475715373227079,0.17372052787127618,0.1273115753312374,0.10183713687075012,0.04977388480808374,0.028664727665766842,0.7498933236648254,2.4249544842414616,11.443062356138492,0.03390057639327912
13,1Item7,0,0.8069374748618963,0.4275416579483382,0.5644758636514744,0.2034919569649429,-0.09086380296815548,0.19713882820036718,0.17207512657632457,0.1439002590059165,0.055596822009776066,0.040564334677771104,0.75741353124516,2.1010248376596485,11.465171756604134,0.07664101149537901
13,1Item8,0,0.9201461090174193,0.6592649696087247,0.6223978154515951,0.18358856397401574,-0.12297809313263465,0.19103226618961214,0.1446334169913615,0.1025517873378339,0.07187538661696276,0.059039171145950725,1.0592340657094783,3.590991463449992,11.6799317920588,0.024264026346544097
13,1Item9,0,0.5672278059543185,0.3566717940995565,0.552134011160558,0.13914313470573533,-0.08214979798982845,0.16776366921648944,0.2064874007970001,0.15734972760930963,0.044959593086600975,0.018094237504047355,0.6459877244364327,2.563344517791077,11.413341111406304,0.04984429700363207
13,1Item10,0,0.7154743010067565,0.465971479198858,0.6301667183635182,0.23943157617985222,-0.04232967308369408,0.24316380730298293,0.1831772533969072,0.16195146451256462,0.05103563704381436,0.022217287172107678,0.7394415872509089,1.9461571639267836,11.320946579687767,0.03386969232883682
13,2spl1,1,0.8747929491235118,0.44063278034956715,0.5629340150994319,0.22028786028000666,-0.07323343237333171,0.12704701378352082,0.09127518918453616,0.11085090866086372,0.030864148394519397,0.012289303367085197,0.7827432127884373,2.000259014678441,12.391853338254299,0.011183532466352007
13,2spl2,1,0.7259867757938194,0.5016406938586581,0.5856009429663251,0.16580919049486315,-0.08623642898492442,0.2629668725823985,0.17556646123761713,0.13143446853405666,0.019943346328220556,0.01885051571201081,0.8566254870782872,3.025409444048819,12.115503768283649,0.015569178090158927
13,2Item1,1,0.7580887614705882,0.48083514716551723,0.5918820675353448,0.16471322176691075,-0.07075989183039148,0.07574870026364482,0.07774434532377734,0.11189716133174304,0.030834590264540548,0.01029194646544864,0.8123833660907802,2.919226150082422,12.024411433091787,0.0038790790501606006
13,2Item2,1,0.6579165859115734,0.31569583659050715,0.4768490045383615,0.16155690682270318,-0.12451861232347206,0.11883417533955476,0.11113943871494301,0.06126634367775147,0.02198214939105542,0.009173541168365114,0.6620457061330918,1.9540844204381536,12.14729794356767,0.007885791543536578
13,2Item3,1,0.7437341881306054,0.48277988013717305,0.6276145359622104,0.18103239194299886,-0.08910778607457585,0.14122320660372908,0.1314580427266261,0.13312200546243766,0.038043248481817914,0.015163055077881587,0.769229920125706,2.6668148848321556,12.547255299868539,0.055716343130564214
13,2Item4,1,0.5369170579164749,0.47405542596741124,0.46212141233637977,0.11822871293287615,-0.1431354271752735,0.17077324311985104,0.13476027308168595,0.08153514210685323,0.03524381929397176,0.02004070415662545,1.0258244095309745,4.009647150831347,12.268482127059706,0.01866479068838479
13,2Item5,1,0.6232675948828656,0.5331727448646233,0.5265099435047268,0.16500546057907534,-0.11025118251739564,0.06455366154321648,0.06957349289122894,0.06896635296982098,0.0346749615709365,0.021590806167515696,1.0126546524513682,3.231243013184213,11.932686206499213,0.004177460002750313
13,2Item6,1,0.8119511877617945,0.5397711892471253,0.5762959381953212,0.18362414610481362,-0.10572035761160857,0.13436043059867275,0.11062525110140962,0.09898957058197336,0.04742006708374104,0.04277657421960692,0.9366215385810367,2.9395436153558885,12.338240082896453,0.03546316620743988
13,2Item7,1,0.6280673226795707,0.5794801309571166,0.5652621724171251,0.18300225283174973,-0.11033236043974538,0.2571420973421177,0.08307592091040489,0.09565592378316036,0.02902370577622724,0.027705598005763145,1.025152855097381,3.1665190937477976,13.129705133719854,0.20785195775015097
13,2Item8,1,0.6394001258506485,0.410257962047082,0.5071768471303499,0.2122404795681609,-0.08232258342262574,0.22076330430979046,0.17341215196361562,0.14027515811176758,0.045797615387047325,0.031073764559087388,0.8089051453343179,1.93298639801811,13.464091187093096,0.05343838375207436
13,2Item9,1,0.5227539139680332,0.34153339532381527,0.4716174807979252,0.1350973028004951,-0.11550412549614383,0.10709083785553687,0.11164014999078656,0.07278009311809096,0.02536793295125193,0.01445259960249116,0.7241745874682243,2.5280548590975185,13.151167012726999,0.09737340885074883
13,2Item10,1,0.6170607703419968,0.5203880438847082,0.5328923689743744,0.17139685135508215,-0.13963519476896885,0.1570468902972293,0.11963280230761077,0.09537102416448219,0.03547145088447049,0.01834368836514603,0.9765349875618081,3.0361586968156358,13.80060412319964,0.4290161658122189
13,3spl1,2,0.7456706543687973,0.37921587741736756,0.5850157613070227,0.10905907243208579,-0.19957788453303196,0.1511959465523355,0.1639463533248855,0.13933974188966294,0.05708385259716157,0.010816012996859565,0.6482148035155861,3.4771602718,14.400349242856556,0.1917452308760008
13,3spl2,2,0.7296725218600577,0.41668016198858004,0.6209635902720555,0.0924239478219593,-0.2220167944675564,0.330817491669689,0.22826850126709947,0.20811291090792147,0.08120235131650146,0.024057275387600646,0.6710218889564894,4.508357057879566,14.3280675556487,0.039868117190153235
13,3Item15,2,0.7531435761625156,0.48286617802086546,0.6363009894896222,0.1945265180664902,-0.06919273333853258,0.1354462601351931,0.11999392701519698,0.11231727608862567,0.06303316713734011,0.04893578477959511,0.7588644135997786,2.4822640138634218,14.28835571020787,0.03706082045983707
13,3Item2,2,0.9263417382197722,0.5047188165232904,0.672314140160555,0.22914606334639495,-0.15711459791181864,0.08501760084967216,0.1065467384320595,0.12122281468875175,0.04850849738625421,0.009757762405706874,0.7507187274865884,2.2026073978749134,14.257938822808672,0.005209845423270825
13,3Item5,2,0.8135497249912893,0.4917373572931185,0.6023095994653747,0.13804844837214722,-0.10983441100823822,0.08198113875628774,0.0708747926393447,0.051862546623259856,0.04302147128624228,0.01660378454112861,0.8164195903787314,3.5620636054194743,14.055119092076216,0.003629262544380077
13,3Item12,2,0.5353418024000353,0.5532180233750588,0.5046726298192877,0.1020303827014022,-0.1776807970797955,0.0898178864878277,0.1797042827953353,0.10762813993589139,0.036534301555520156,0.012972825237957642,1.0961918471325902,5.422090982173342,13.997535968264554,0.008893142706169786
13,3Item6,2,0.8068439854060101,0.5567202996483909,0.7025501593920505,0.250680598834708,-0.04573656208987425,0.07674953085146853,0.08730332613190829,0.06745623985066782,0.038537527809976255,0.02113073322324806,0.7924278308295015,2.2208351983180075,13.764426990652357,0.0038773890161945966
13,3Item8,2,0.5181424962246969,0.49859599317796005,0.5320963695697842,0.21034806878038517,-0.12702634440176536,0.11228040380181674,0.06478136533725982,0.06993723527308672,0.04550297753183116,0.02475377584456306,0.937040770723636,2.3703378580964465,13.540728679818827,0.0071139868391352735
13,3Item7,2,0.8320271989117133,0.8520674348459354,0.7172972735792177,0.306816733402972,-0.03719193555388986,0.13477427050151927,0.12152612791659051,0.10097144087782715,0.06323250809631444,0.014550570490278717,1.1878860620874057,2.7771217776108426,13.64418638777289,0.023231753136907937
13,3Item9,2,0.7547115226496549,0.6279580553992566,0.6668242950415649,0.19633864263551432,-0.08344874487848998,0.08087767610674643,0.0724196112849665,0.09063981170359589,0.03504184161508854,0.013650395591731618,0.9417144203157745,3.1983416192128047,13.69988245358829,0.03514633956484129
13,3Item17,2,0.818759876484104,0.5933866145299134,0.6217624356972543,0.2712937242183237,-0.04104287998449132,0.03881002249716275,0.053842059252746884,0.07215297267482977,0.04109321423448282,0.028265884740933552,0.9543622765021466,2.1872478401495843,13.582645408680326,0.012518229190131545
13,3Item19,2,0.7480349370948243,0.5055917201551756,0.5778178250451455,0.17069468754595485,-0.06355417542841803,0.06655012604891264,0.12093441544626003,0.06882442112375915,0.04099636911181234,0.01192391658489197,0.8750019424213356,2.9619651581546367,13.560233947122345,0.013434326472309742
13,3Item11,2,0.6994487351338029,0.56326850712747,0.6380103869542253,0.25652343223670776,-0.023715285530369716,0.09255289350963149,0.1164359494870835,0.13802048041908538,0.05079469854203655,0.010444131973067552,0.882851623989361,2.195777984180152,13.487815578407911,0.004242607778149142
13,3Item4,2,0.7288207225897053,0.46416604509562154,0.6003854856015057,0.2517280505901538,-0.0811045708495408,0.10749319732400976,0.09061643958827166,0.0645658064060772,0.04587027821713346,0.011141352332412676,0.7731133670852753,1.8439186342702265,13.706409145309726,0.045109756171821884
13,3Item13,2,0.8137577296415412,0.6373128978794117,0.6332560947490469,0.2536233931002,-0.05166613544052588,0.1508425331678264,0.09053626278244291,0.14817035607926168,0.048866818808497615,0.009638462399009206,1.0064062583172868,2.512831673672918,13.461322868988374,0.0025126849525244637
13,3Item10,2,0.8163881829657689,0.5284189259833053,0.641776433067761,0.24005144369492146,-0.09047300121348203,0.07554231667668035,0.07183456982967193,0.08003828458780209,0.04078078978592522,0.0168452205764139,0.8233691639844679,2.2012736755442845,13.571087371784234,0.024587178438745364
13,3Item14,2,0.7221977644400963,0.546925059862614,0.6595927630352161,0.2564259664645981,-0.08458839068882454,0.16123753079912195,0.1383142254882174,0.16904458429085192,0.04912084015742415,0.010222097745256595,0.829185960920295,2.13287704545025,13.526311087286697,0.011187704695755345
13,3Item3,2,0.7503549600073742,0.4534376476321012,0.6551738838119446,0.2663755321823498,-0.021110484824749635,0.15671306429360313,0.11561009611704594,0.150535061544228,0.0503266469012079,0.016542053144005982,0.6920874872206666,1.7022496105965421,13.284065189552994,0.004719445902309185
14,1spl1,0,0.6169702518101702,0.3157322517230188,0.4954007137128559,-0.08958416958309365,-0.49681675567603467,0.10307662617766461,0.08357107012321331,0.09621172694726868,0.09480857409230971,0.07542220469197886,0.6373270008421839,-3.524420181788726,7.949708360073055,0.027594918029797525
14,1spl2,0,0.7858925959402605,0.4747811057014682,0.6305677303561827,-0.03369320452395576,-0.5208968765746486,0.10102185295108253,0.08588110903175221,0.09635154468208282,0.09919847381646046,0.06694008215586551,0.7529422805704645,-14.091301985099172,8.524840564095868,0.019632678799582522
14,1Item1,0,0.8028663971784383,0.3754416388184549,0.5735762968997514,-0.06892441673706504,-0.5112155022421292,0.05527350188501583,0.03671051339569578,0.07802013934032408,0.08945346909555514,0.05787141150350023,0.6545626801407227,-5.4471501107923945,8.816825753653507,0.21319663818550882
14,1Item2,0,0.5833877492129608,0.35212391961219086,0.5863997325125567,-0.08477231515080766,-0.5385071416268298,0.07980598881452786,0.11767658768580488,0.1464866741472211,0.08741793873804342,0.08043499523210362,0.6004844468515618,-4.153760849158511,8.823131865825287,0.008724778292667656
14,1Item3,0,0.7320182119150641,0.40096014803423663,0.5100950316098485,-0.07186358192819055,-0.4442681104173951,0.08296230223075708,0.06627355407117826,0.03472324718661246,0.05447878049215508,0.06376708282995262,0.7860498973745451,-5.579462404397782,8.707527077369749,0.018088120356418522
14,1Item4,0,0.6176052400888313,0.3841434948116959,0.5959561284885633,-0.04661508433781451,-0.4350293393477484,0.10919556301597733,0.09012140090019438,0.10621966662135791,0.10116088732882801,0.07568145333694683,0.6445835117785593,-8.240755294329288,8.636831027377912,0.008216792936202328
14,1Item5,0,0.5167491353031428,0.29379691594590646,0.4302026668259195,-0.08349365728025347,-0.4699597030040453,0.10307332962008031,0.0953001704444218,0.11114987501245974,0.08777013767677645,0.07412086854892457,0.6829267643332948,-3.518793271667879,8.251577628318412,0.02543122522722864
14,1Item6,0,0.4600569856451708,0.33211119785035864,0.4430011751050798,-0.0929845296733347,-0.44222543216279997,0.11251364325927161,0.09742061813346671,0.08668068498703987,0.09100833812647287,0.08710568579747728,0.7496846865516716,-3.5716823281118444,7.667856247301394,0.0331330433215797
14,1Item7,0,0.5548991270162212,0.3564949227737086,0.4826834112002725,-0.017545232943502412,-0.2729943427566678,0.1799401166092635,0.15162947236026433,0.11123630182826692,0.13854120349551138,0.17872113181603627,0.7385688295121969,-20.318621259705296,7.602244537497278,0.05603008971991603
14,1Item8,0,0.5667490154589092,0.4372565843427364,0.5346308076237943,-0.0403363305951574,-0.38334234591745836,0.16586018569489447,0.17621430307198607,0.127940609031865,0.101781373623414,0.09045344400926765,0.8178664178899245,-10.840267042919827,7.9648528837924415,0.03707025463208912
14,1Item9,0,0.4159753496704766,0.2961525727480282,0.42967952288441863,-0.13236113428715782,-0.46899712054257614,0.15911520472363846,0.12243886445945966,0.10815335996391807,0.07381005538229742,0.05073855906056554,0.6892405997631191,-2.2374587266907455,8.082397539517917,0.023630870057717992
14,1Item10,0,0.49220190275339926,0.34767026963468317,0.4343509550514936,-0.13424142962575025,-0.5021545016980095,0.1335418052044498,0.13477112763687094,0.10463992801160449,0.08807914439791281,0.043475599756135276,0.8004362941783552,-2.5898880337749395,8.243519644927458,0.04601376543991795
14,2spl1,1,0.5879437769663107,0.3055227173463051,0.41693314933224646,-0.16113924380208264,-0.5371830442125856,0.12357516546431002,0.09198132549797143,0.08512970611643783,0.07202694534939069,0.06433632554708588,0.7327858605218596,-1.89601683633055,9.699756830492232,0.031845413245110164
14,2spl2,1,0.6969849028401564,0.463141505949285,0.484895978624127,-0.0006523690539133527,-0.24893716226847362,0.12181231767845427,0.1211163522495968,0.0889938451101267,0.13048613268894493,0.19288066985007302,0.9551357928525098,-709.9389725953677,9.296126742231904,0.015376127306415282
14,2Item1,1,0.7307778678201942,0.4262106008952583,0.5254116921011485,-0.0028381710331844543,-0.2863951529256311,0.09014585955548164,0.060945028917413074,0.1256664408972181,0.10810981875628385,0.14709003214663519,0.8111935963579846,-150.1709185538281,9.150932906868405,0.01981165367053942
14,2Item2,1,0.7297809492911437,0.45201053678521613,0.48273016932235,0.007452641204027203,-0.11478029978377967,0.05458515665523217,0.02675808995978352,0.06468965168144603,0.11050815168930132,0.11943471623350241,0.9363627230578515,60.65104487921908,9.367689340646852,0.015770245959516094
14,2Item3,1,0.48734541698106215,0.5340383687821978,0.5662535878528652,0.004825172421558348,-0.21027242260368623,0.09875257759044005,0.19075930002540195,0.12641468584383272,0.17678015519730914,0.21911498018239625,0.9431081397012777,110.67754920396698,9.591443224122788,0.029705067808704824
14,2Item4,1,0.5614085171470099,0.41229593276629817,0.48890462991076855,-0.02465924076710887,-0.29282291245581016,0.09506316333581394,0.11560962541712189,0.10816273006993252,0.13759333802364387,0.19444508182414608,0.8433054356597974,-16.719734130499397,9.603835054068039,0.06744162227777072
14,2Item5,1,0.4722867295848835,0.28687773392602867,0.4629686618897356,-0.048473152422680396,-0.36290472218242936,0.09814086216924954,0.08445632321808054,0.11444017133106185,0.11617382305471673,0.13014173280825184,0.6196482762686549,-5.918281058817226,9.78290822578253,0.049155339842543166
14,2Item6,1,0.4434090800778548,0.36709801803349745,0.4270291154387156,-0.058405370461075495,-0.3468126044325628,0.12678961434778593,0.14492399312357646,0.11812633364928676,0.10628779588138132,0.12975862399738064,0.8596557094162007,-6.285347073750668,9.432392246424929,0.1144434520846999
14,2Item7,1,0.4608137190665126,0.3054812464368937,0.46276981119848604,-0.060250255412010977,-0.28034468792403405,0.20862757854041328,0.11172109407096496,0.1460019554468738,0.12445485494528899,0.13419124495991694,0.6601148959687761,-5.070206747143554,9.093537080383994,0.009669413816022992
14,2Item8,1,0.29970884492855215,0.3023417241213823,0.3882564673619926,-0.03641255511751526,-0.3605861429197856,0.21336025901236497,0.1904675874386031,0.13175003742327002,0.09956301195159921,0.11463894097889857,0.7787165153923274,-8.303227594132133,8.97613686768373,0.032017498396087564
14,2Item9,1,0.5276860222787612,0.38468624322006206,0.4564021855491308,-0.05835489319036395,-0.3695277809276697,0.1020627232132595,0.11536956074762668,0.08882367551060973,0.08762272895919715,0.09407240291081391,0.8428667840719279,-6.592184969944725,8.85582116687992,0.013166987573003825
14,2Item10,1,0.4021382232795529,0.39353783049489727,0.43940342647426006,-0.024333551590702378,-0.3247422648347358,0.16391565726454513,0.21069046756902138,0.11320836573661044,0.10495843282133144,0.1362604752811396,0.8956184815330108,-16.172643158999755,8.666795037344952,0.007937296038325613
14,3spl1,2,0.49825768170579454,0.3307175554458245,0.4826265558302088,-0.07333933415668939,-0.500085436473839,0.09254521189077329,0.10592920501435217,0.08883621511808666,0.12253084671583186,0.11498659038756877,0.6852452496976312,-4.50941590564025,8.2628433691507,0.10938668889185318
14,3Item15,2,0.4682527143734493,0.2480656163471818,0.4694967438524744,-0.03216587237562566,-0.3390971210284655,0.16725125766347418,0.10124342664380029,0.12707412949835975,0.1169281486782386,0.14941136100682745,0.5283649334461927,-7.712075119940899,8.893543388316907,0.0843140143791373
14,3Item2,2,0.7608974837067308,0.5555076197115384,0.6092965397430175,0.01338771530241757,-0.27187361406006183,0.06316638366279655,0.03947992411718663,0.0878537666486319,0.0959366809502453,0.18944219915871133,0.9117196349647986,41.49382965421998,9.22302768198193,0.05637934405997269
14,3Item5,2,0.5889358294605324,0.5986066682482485,0.5673562869819676,-0.023507341327469636,-0.4338847873401215,0.05583257309036838,0.13269963272132362,0.06900535611880376,0.06433190417104521,0.10039762124410513,1.0550806978405678,-25.464670180009403,8.955037724014826,0.002330831400039844
14,3Item12,2,0.4912021840848577,0.4788323940670046,0.47499848316237686,-0.06426787164411346,-0.42247782471696554,0.1824719434778844,0.1306993278340986,0.11340901976037814,0.0946264067936576,0.08813783060898406,1.0080714150306995,-7.450571946261653,8.601031835595386,0.015963741543603794
14,3Item6,2,0.5514598748602382,0.3646695539999599,0.43086625963518477,-0.04677447216947269,-0.41780212708913145,0.07537370079916422,0.09808293046366819,0.09199873865738356,0.09390971126912248,0.08887112113539766,0.8463636801414028,-7.796337294305126,8.562247685166273,0.0008403467546804652
14,3Item8,2,0.42485074123701716,0.592276951563464,0.4508864222904692,-0.0643999262326126,-0.4814756638290369,0.1446156352151762,0.1397826917273307,0.09629450102018468,0.07886988919630904,0.07722960480944831,1.3135834679633023,-9.196857751374074,9.22744407642538,0.21442155946028
14,3Item7,2,0.5778941838917091,0.41168450825472536,0.47668948972120545,0.019312288709847386,-0.26299256767548324,0.13120357921138548,0.07241233173765323,0.12237265495931184,0.13906361430999514,0.2213390696184359,0.8636324405471346,21.317229310453353,8.532972881161134,0.017076661369128058
14,3Item9,2,0.2893474332013303,0.19123249383557933,0.36364491144574346,-0.08030919398753311,-0.4290954932679818,0.1614840886110021,0.11650256896045562,0.11735912839377105,0.1103951047791317,0.14772845908863902,0.5258769950868255,-2.3812030319525874,8.36012712859024,0.01984737840842843
15,1spl1,0,0.8531037748649017,0.6167601456480623,0.6971276434072735,0.1819439810787391,-0.06729121323236899,0.26146385075245415,0.16507890272945686,0.17626003216104064,0.18296695076785413,0.2592546893785354,0.8847162361097544,3.3898353691145973,5.603217384661224,0.0016871891789754635
15,1spl2,0,0.8898413585503115,0.6279805229165367,0.6921191112165935,0.27303274973121106,-0.016316143255467413,0.19960169248995738,0.15908557912513768,0.1682070713222607,0.20364637841920527,0.25394925758754555,0.9073301283435948,2.3000190315437883,5.542934384527459,0.009615108709182571
15,1Item1,0,0.7419327554315965,0.602147604970015,0.7050173101143553,0.24578210589531482,-0.013302933175506008,0.2960668578833972,0.22159397579127132,0.18203051650391674,0.22551892265273718,0.21907831361156233,0.8540891060082713,2.449924498476554,5.559729622734117,0.019115485476629272
15,1Item2,0,0.6766008260379773,0.5007270129583061,0.6908031856662852,0.18151091793378024,-0.08074108585464357,0.21523499412381597,0.1635392352134541,0.18150483991732017,0.20605393992965013,0.23609658435024128,0.7248475725405108,2.758660558271891,5.541240768923094,0.004106052849419877
15,1Item3,0,0.7686593008828165,0.5429213008904558,0.6156744403652409,0.20596849047625704,-0.04290261487128316,0.2221669948857992,0.14776529384626644,0.09551810309426192,0.19193817257036772,0.21481860941114175,0.8818318000769091,2.635943473679521,5.342511000413507,0.0027424554707706963
15,1Item4,0,0.5499024481726642,0.3233436715487603,0.6289080888935932,0.25431693465892463,-0.05618205050652174,0.37924363531868094,0.2420431604693708,0.20529637954227317,0.2009847239899029,0.2383484353544827,0.514135017095213,1.2714201305980282,5.286440516070447,0.00682038559801687
15,1Item5,0,0.7164151978230187,0.5657308674784831,0.7589836772453699,0.27288176187876806,-0.012941701109373586,0.30763224915372706,0.2374109218024912,0.21116330700985741,0.238545299611098,0.2586893445561332,0.7453794906187554,2.0731721369368965,5.084018585587107,0.0018448034709183593
15,1Item6,0,0.5592611825754413,0.3199040345265445,0.6151318492483199,0.3178909842892863,0.053353192451349285,0.3531786463876786,0.2852100296344464,0.23343261593821998,0.18132959836912188,0.2359386475389523,0.5200576663318667,1.0063325143851634,5.012066293650908,0.0014432350269279462
15,1Item7,0,0.6154189673436319,0.3318526315046884,0.5885322120630143,0.330894985805659,0.060514297483229396,0.2364207113026404,0.192872607564524,0.18066039416002758,0.18769382860413425,0.25483628880235204,0.5638648558887921,1.0028941045866973,4.941702875051884,0.00526870416903888
15,1Item8,0,0.8230508819420278,0.5233427979121422,0.7203889652792158,0.361682470235,0.03325412144246931,0.2624070657126597,0.22942018071008458,0.17018339670825142,0.1792313349351765,0.2280029086312366,0.7264725341577478,1.4469675462157103,4.745785171815159,0.004565430076980334
15,1Item9,0,0.5671876642182693,0.48496849382816704,0.6784232813508944,0.3746166008513152,-0.03806983952153039,0.17866462616115109,0.1387339411256897,0.1899703618527417,0.18801117559113137,0.22908172592174658,0.7148464777736379,1.2945728817983628,4.757015825706072,0.0051780815404306344
15,1Item10,0,0.6803920202937186,0.4268607127807435,0.6790115160835751,0.30826726523646153,0.023688588659372574,0.28863259563183163,0.18931684175649394,0.17992580564550067,0.17294708964482947,0.24777097107337256,0.628650180506738,1.3847098266129654,4.616322284804067,0.0016405049712140494
15,2spl1,1,1.11908416024904,0.856200710554143,0.9298782873755355,0.35756987494830034,0.05007515415117217,0.23652710973890487,0.20302598039319866,0.1275131594149267,0.23474155280266756,0.20357258336596062,0.9207664285289373,2.394499000463724,4.5307354941484475,0.0009694729525035229
15,2spl2,1,0.9050636505959725,0.5922095514902527,0.6974153562333655,0.31867520549877887,-0.023100107681019697,0.2648699600041079,0.2363598934065038,0.23810284137611867,0.1943666358454992,0.23125630161630098,0.849148997578054,1.8583483729303614,4.412461094557982,0.000889654179023461
15,2Item1,1,1.0098243292218474,0.6462277751370968,0.7403304751099662,0.3109340253390469,0.08854795782844573,0.165418369732642,0.14665371162952826,0.20836206323126621,0.13852586598544495,0.21621425663255253,0.8728909534194407,2.0783437012211743,4.445668372759693,0.0005807486033048684
15,2Item2,1,0.7738736878235053,0.5532172002668523,0.7597640289006155,0.4141987985285756,0.16806684411884523,0.274298042305463,0.1931036503925635,0.13781398537851042,0.23002014958966047,0.2903245753656783,0.7281434478271083,1.335632070630098,4.475999367277903,0.002018369666234262
15,2Item3,1,0.8903404049623155,0.6784444375653595,0.7566733161396578,0.36682097565076893,0.04632314699584776,0.27518565806561673,0.20745717005155823,0.24449162731767451,0.20175497883660137,0.2175205652076776,0.8966147242114794,1.849524647581076,4.541299671220516,0.0016506587503656643
15,2Item4,1,0.993748129199755,0.7355831616989951,0.8059570819623114,0.36416122994823746,0.09854653202010048,0.23774817399369896,0.21015807802028139,0.15697320116127633,0.18734271366196076,0.21357729492110158,0.9126827932268359,2.0199381460338706,4.503087698904011,0.003701920885667079
15,2Item5,1,0.9196638892380092,0.6909827113417484,0.8680231257648271,0.349897969818026,0.04897881299471375,0.28761482086978646,0.2518510290183919,0.19986460039845552,0.21466358107391834,0.24304992315140975,0.7960418219697456,1.9748119994131452,4.680903005354737,0.0009697414276558235
15,2Item6,1,0.935893504755814,0.6992378777594455,0.8008625173634973,0.3193901010596064,0.02296775349105544,0.23475045703921754,0.18812515399840976,0.2077767647542146,0.20551087416210714,0.2303145619257524,0.873106009740955,2.189291005733639,4.588224696375156,0.001525527589166813
15,2Item7,1,0.5237602770868829,0.2995212711670061,0.5677628491689919,0.265008069976271,-0.03676497343409264,0.23292381519368593,0.18789640580776804,0.1763555007764051,0.17904909658533413,0.24741718524154924,0.5275464414021718,1.130234524796135,4.336544129482049,0.0144261369426865
15,2Item8,1,0.7071488955574712,0.3322016874887548,0.543652497179023,0.3615981537720977,0.11280678795550765,0.2612256882529371,0.1640532653932252,0.12249958480216956,0.14131136111270004,0.17508437329626886,0.6110552027287142,0.9187040450970485,4.426492446672205,0.005948998084795601
15,2Item9,1,0.502176223873446,0.25999072217312613,0.5895822441669716,0.3260105507971669,0.07789310977057727,0.1977426180909699,0.130957718879884,0.16407992347723963,0.10869826999598611,0.17894830529734634,0.4409744769357767,0.7974917398835724,4.806584183890959,0.0013591803108964045
15,2Item10,1,0.41272517405630627,0.2898135421857374,0.6152912552506973,0.3606330009143446,0.08451678613027741,0.33773617563012776,0.22874308434296145,0.18093216124254055,0.13889909878683918,0.1797117824043966,0.47101846360003263,0.8036245730349775,4.615625798676526,0.012327708427514262
15,3spl1,2,0.9764399123322917,0.7503381407532372,0.8025089210540064,0.3822606950628253,0.0926370111908013,0.28765429522811503,0.2156502789080005,0.16503867207432948,0.1600399003276559,0.15594558685810989,0.9349904033873679,1.9628963910794472,5.051883472466457,0.0009689279586208553
15,3spl2,2,0.8431351727018124,0.6079187704755465,0.7747949105082624,0.3923004157396433,0.08701268016680094,0.36063843289062175,0.2797166313013334,0.2515004120589135,0.15946436517263637,0.16565370428271484,0.7846189507003024,1.5496256046013888,5.003586916752088,0.00033448071652075745
15,3Item15,2,1.1331942236666666,0.7848483567117648,0.8982522935574971,0.393387070331207,0.14220218068517332,0.2557871561626184,0.23084540551402843,0.17045981140578662,0.1446919062352948,0.15796296788232528,0.8737504612759179,1.995104602842863,5.2089536826132585,0.022634489713352874
15,3Item2,2,0.8788214010087969,0.6105631878973401,0.8402063354639431,0.3627526694579824,0.0883758712313804,0.2870146686493569,0.258193952668969,0.22444932822778546,0.1424294508093113,0.15738074489825465,0.7266824366820781,1.683139057602228,5.280862972782062,0.01731093762850642
15,3Item5,2,0.8615116683383238,0.6557068584806819,0.8263138552385795,0.4052882864177557,0.08414696437178977,0.3050633993316135,0.20973712304457712,0.1845369042061946,0.1530806518080057,0.1316805694813723,0.7935324496015245,1.61787764126725,5.275000171810678,0.00962380743518629
15,3Item12,2,0.8269168975407052,0.5348765723244574,0.7344457873754996,0.31063883119603086,0.08080585471076528,0.2864587675065428,0.2674292490727262,0.2118378648247294,0.12766297891204617,0.12275148191443572,0.7282723664431873,1.7218599765624913,5.206763181590742,0.0013053144693619745
15,3Item6,2,1.0455201208818965,0.8038423485635058,0.9758527902020115,0.3856636651476523,0.13255397266464083,0.29182534964592594,0.21736376337193833,0.1256338775966755,0.1404817910546307,0.14473443494037336,0.8237332062896177,2.084309254727026,5.2803075067454435,0.010472198913680003
15,3Item8,2,0.5498249845595449,0.3056576233490471,0.5232875283248175,0.3525008172863861,0.1210907915694942,0.3099268145223848,0.24452814872986114,0.20720426126435754,0.16927154471169104,0.214512033747508,0.5841102763206074,0.8671118122078183,5.120188138210667,0.016879001164900757
15,3Item7,2,0.7378115921235309,0.3634656092254273,0.5919574951584499,0.33061259375488483,0.1119377637791137,0.3831088173686836,0.24783434772473595,0.20675124447057683,0.1797617664140422,0.19816798701148455,0.6140062615714188,1.0993701237997286,4.916939885094938,0.0019146892681666781
15,3Item9,2,1.1975296114718208,0.7251208003802987,0.7652147019250362,0.3250718057699399,0.026497216554720652,0.17679568453136218,0.15674915411215987,0.1107075259750244,0.18774936181967714,0.18532017158443928,0.9476043750969783,2.2306480761448557,5.079983409333792,0.09755149862594195
16,1spl1,0,1.0920817313145208,0.9061742545745887,1.0253241929296653,0.41959746036698814,-0.10853716730955759,0.0910690996719067,0.06538335812756407,0.04982737046631932,0.09372401442749331,0.09308655307299865,0.8837929114903437,2.1596275907447184,7.443714346818172,0.01184690103183411
16,1spl2,0,1.1917282400773381,0.9200874780143885,1.0159017682643885,0.4666292737872302,-0.12652185065665467,0.045584362815695154,0.06969932843008357,0.05025197961074755,0.0840105359505763,0.10914279258798221,0.9056854765403363,1.9717740136083886,7.393011282429316,0.0036100739569749317
16,1Item1,0,1.2099693928929385,0.9875953399677295,1.0399050407555048,0.39271485009988616,-0.12491976919514047,0.0812348854402934,0.10027034319521141,0.0577966188117739,0.11119209595943158,0.09680077075860856,0.9496976169098389,2.514789897050613,7.4068463476128965,0.002273127695411478
16,1Item2,0,1.079819461519713,0.9186281527952009,1.012886659082039,0.3625342870225209,-0.15134169687972918,0.12347439805711104,0.0771087853811079,0.0595438363195224,0.11619639237013944,0.10515753530740542,0.9069407160726122,2.533906952100859,7.348437861556178,0.00229392696449741
16,1Item3,0,1.0611062266530282,0.8909982781949642,1.0015569646640012,0.42094458379458155,-0.11479697157664173,0.09744355688868364,0.07122079026826364,0.07313316955346438,0.09875962762744507,0.09324087828966025,0.8896131810178765,2.1166640702356725,7.573848220279134,0.006249485749868227
16,1Item4,0,1.12965787462744,0.9486758261450263,1.0518354313072449,0.39111630170113065,-0.10686749667307618,0.14006880922231807,0.09989784192116206,0.06278693345349373,0.12051896356152372,0.09115452204315101,0.901924195559819,2.4255594041804787,7.534619453912287,0.0023290294615384457
16,1Item5,0,1.1873680017414108,0.9560491592877773,1.0119511852272725,0.384992404658346,-0.1708496901679842,0.08021198303137558,0.0640597072772892,0.04715488144282876,0.1110680661557942,0.11574289296707929,0.9447581783584764,2.4832935539414365,7.518254331125821,0.006389829244997691
16,1Item6,0,0.9913351548001631,0.7602596796621125,0.9240084031283985,0.33123983660323547,-0.1562758117767809,0.09201991333272963,0.1336129515301339,0.06857798201748956,0.1293741917503635,0.11140197561972459,0.8227843775720337,2.2951939753477477,7.571566977536674,0.005838773630204147
16,1Item7,0,1.0320715284010376,0.8393215234802958,0.9573974890994519,0.38463859015162494,-0.12824875060395455,0.16137974513341646,0.12517519042517944,0.07578888880990726,0.12027300935290262,0.09806144980912734,0.8766698598646935,2.182104299434256,7.532559662155585,0.007257151308838052
16,1Item8,0,1.114980746244382,0.9153396742559962,0.9997238535768745,0.3585953225519646,-0.14380497129786748,0.08226949912804456,0.08628006875083319,0.06551691308138904,0.13346920345230237,0.10448520899466024,0.9155925109373395,2.5525700257029507,7.664589189303465,0.003069479492909844
16,1Item9,0,0.9627249412139449,0.7824119105749838,0.9553507643594122,0.35850629827834307,-0.08601228071736065,0.08463572941376381,0.048115526053351954,0.0745308271192624,0.20831098528112538,0.28068375172800836,0.8189786819091864,2.182421653817362,7.608216706405291,0.0078103990053385005
16,1Item10,0,0.6248478636443479,0.5500805275944478,0.6934917539102929,0.38692242791458215,0.03627375039899007,0.1449747019853378,0.1492878112771506,0.08754105766139822,0.2019186269777048,0.353752526472089,0.7932041350161457,1.4216816769644667,7.56668073607146,0.004573783649884029
16,2spl1,1,0.8715382630464181,0.7821260927677268,0.8826343769563232,0.49387690807033074,0.07745792990835168,0.09837024999927203,0.04590557094254844,0.0332205495961543,0.17611746240045315,0.37301839788568975,0.8861269312653377,1.5836458000030689,7.593554066708338,0.002645308245628025
16,2spl2,1,0.9818322349622135,0.9016530055472942,0.9658462839870795,0.42341197479567283,0.057461828660287755,0.09226913371339913,0.05464804342315475,0.054665756530880294,0.2124265004989192,0.3862715911433159,0.9335367537903363,2.1294933943540784,7.706835561071429,0.00698675699966145
16,2Item1,1,0.9600199952480457,0.8867310340754662,0.9879562633350872,0.4996791176835538,0.11047089596933259,0.1255228174743701,0.0609329206751185,0.025336450808563307,0.18067551627622028,0.3435884774959771,0.8975407779536198,1.7746009407229841,7.796461375013556,0.0023073496668458843
16,2Item2,1,0.9721211631750903,0.8654045003341878,0.9310842903907942,0.4374648532742779,0.095698647014621,0.09520513809046352,0.07495935303388057,0.0293151678257886,0.208704316170236,0.3571512411102161,0.9294588130592365,1.9782263463651961,7.818033973989021,0.0005846087581302792
16,2Item3,1,0.7516190385975178,0.7061279108782507,0.8590618294493696,0.43255299300250194,0.07355192977226167,0.14497962163816086,0.14589796589522183,0.0491039184380684,0.22028008682021924,0.36953779986474,0.8219756551270353,1.6324656647138276,7.928170828328373,0.005005243277508746
16,2Item4,1,0.8770875678997406,0.7630265821417996,0.8981562126976638,0.42805096113012103,0.06293128664477649,0.1283971951760147,0.10118511170924846,0.07410707321441677,0.21681977872888533,0.3692682860645495,0.8495477406992017,1.7825601380376084,8.095811565753909,0.009395176027057427
16,2Item5,1,1.3210066654823083,1.0258404568660489,1.081364308309288,0.49380807394724097,0.09286995239997897,0.0593368236441329,0.03311068230909693,0.04600074337428846,0.16200107529478094,0.3080385860774674,0.9486538884580862,2.077407213269347,8.513588757910993,0.018936296592582592
16,2Item6,1,0.9644862918890539,0.7768247036449937,0.9505348185405176,0.3992383003416801,0.03665451163417526,0.109856037193296,0.07570508790794989,0.06055609912231062,0.2127710162451233,0.33951109826165876,0.8172501287438432,1.9457669793564314,8.463946911378812,0.0235261784478186
16,2Item7,1,1.0514487370398773,0.8388502685325153,0.9478860610837423,0.4660028823036565,0.08775697041233133,0.08805248544006045,0.06882975668023139,0.07100379553767407,0.18308313068598436,0.30351176384889794,0.8849695148892336,1.8000967345644172,8.416111844707766,0.02496595992316117
16,2Item8,1,1.0884719973232186,0.8223746790163113,0.9759427533495079,0.417868410044112,0.0929232369615182,0.08347705235684089,0.07093526996898851,0.053155661601614904,0.20246607239790268,0.3057828335003745,0.8426464312084024,1.968023084016987,8.333451561505962,0.0019227946737680756
16,2Item9,1,0.7432355284280139,0.5531389400500126,0.7090933833303045,0.4017734197563599,0.0887250063889174,0.15634523165612524,0.12314412821761384,0.09231701853640993,0.19991378879636795,0.301454260753966,0.7800650129776894,1.3767434864374528,8.295800419832876,0.008645336222999504
16,2Item10,1,0.844624405409319,0.6403616656687724,0.771570809048387,0.40590258836573295,0.07191567377231195,0.15788044032648427,0.12164067571929849,0.07589085340641624,0.20407669674782042,0.3124886964629459,0.8299454273401217,1.5776239975936277,8.273659405171694,0.004485951008373276
16,3spl1,2,1.0036569495703127,0.753912670234375,0.9319205347758557,0.49026544878720235,0.12256245793409602,0.10646013560004576,0.062244312857793846,0.07238386239191001,0.15779649164640222,0.2887050934046319,0.8089881500537135,1.5377642266278555,8.662854532909874,0.0002983112409171258
16,3spl2,2,1.1424396576946247,0.9431887479309545,1.0823748630369554,0.4855212909472661,0.11073410460507419,0.06543087904425575,0.04482774305068429,0.05746485975890972,0.17207155378189806,0.28576655620916286,0.8714067364915741,1.9426310721577933,8.8026123554643,0.021340151050798815
16,3Item15,2,0.9047204176019504,0.7408992990691489,0.8979957460119681,0.40028180603441266,0.13826613530518622,0.10875146721457517,0.07573295132460406,0.11477914435229562,0.20350253395519038,0.2687983453833818,0.8250588062743626,1.8509442249156554,8.64027197585011,0.0007552349563695691
16,3Item2,2,1.0847044581093521,0.8597021302448453,0.9222200688724227,0.46099001224171576,0.11492048775902067,0.060946772006355725,0.05984685685690723,0.07875922745752025,0.17625304344534332,0.28421851904929396,0.9322093048395423,1.8649040229729847,8.57970247413864,0.00039818841370775095
16,3Item5,2,1.0678779667333336,0.8570071598250002,0.9907031146166666,0.4836967456583333,0.12185525117500007,0.048833259407421954,0.07215541832425458,0.02144660133057555,0.15911972129340649,0.2772990533301193,0.865049424308667,1.7717860741171378,8.528621412109132,4.184544464973256e-05
16,3Item12,2,1.1331619341367538,0.8534552682461958,0.9222809320517946,0.4883889817235273,0.12004255470014638,0.05982827611086103,0.04489190149064976,0.03606536703835246,0.1687392689881528,0.2840201138235018,0.9253745118877638,1.7474908289021116,8.498665711598573,0.0018387103157455652
16,3Item6,2,1.1056660837654502,0.8851184352810477,0.9895877289523248,0.45170146351404805,0.07509820400282526,0.07133863848528936,0.04593071728457945,0.04193626047009189,0.1859861623983991,0.31662270661881475,0.8944314975729235,1.9595208446651389,8.441579858323323,0.0004050268745691858
16,3Item8,2,0.9822163209506746,0.7388936892989039,0.9259758226623103,0.4319040424805228,0.14199580820151778,0.11593590744783933,0.12528396617864193,0.06784298399060872,0.1879180706305487,0.2690396915763699,0.7979621826156528,1.7107820601643084,8.577550732209605,0.007081620500381607
16,3Item7,2,1.0808807716402118,0.886058242344797,0.9845209118082009,0.4783266061288272,0.09176936638536214,0.07848173791003826,0.06827399083996985,0.07273170981812467,0.17260221763592629,0.30368268135251336,0.8999892544866787,1.8524126175279976,8.426507848728109,0.003856155533613569
16,3Item9,2,1.1298992982826086,0.9057625272445651,1.0226496626800272,0.46208896051059795,0.09011039941290766,0.07151382041933685,0.06003104553025816,0.04293654850257032,0.17155722933223486,0.3006104848226791,0.8857016820258452,1.9601475098724934,8.464692198511768,0.013685223779732851
16,3Item17,2,1.1312608083667695,0.8709295010133744,0.9275474382098765,0.467762008020962,0.19628169054323566,0.07144547755167027,0.05144904107907662,0.04565744322183107,0.17062959470328903,0.25238160373841245,0.9389595229277635,1.8619073037510085,8.50592595982245,0.0005796652882272096
16,3Item19,2,1.1380447710772765,0.8610742009756389,0.9900954190834665,0.4684832966646866,0.11402569341743714,0.048443513903061904,0.06798866661857264,0.07653888724309779,0.17009098362617323,0.2891778046663669,0.8696880962271789,1.8380040553589732,8.459739631007386,0.0018486366752237184
16,3Item11,2,1.1913473329177573,0.9215412819513523,0.9991159305562827,0.48261764168542776,0.14160695234351012,0.06305543547078621,0.043449977537204025,0.036584525128365186,0.17102564623535726,0.27174675081806643,0.9223567084111096,1.909464554224796,8.574241777852667,0.0072995718497745705
16,3Item4,2,1.0950363066395377,0.8630907340743041,0.9649546928243041,0.45610831771702914,0.1189328163249752,0.0749223582013026,0.04833753175417836,0.06258872340923277,0.17690771875146857,0.2865867659895658,0.8944365363452524,1.892293340542574,8.44384925676123,0.007980268567507517
16,3Item13,2,1.0581168901597784,0.7777105412910098,0.9388805668859181,0.5019510225277775,0.15601276381526422,0.07570292394614628,0.0550867900121158,0.08017096209179658,0.16251981070200913,0.2610907457070302,0.8283380952725269,1.5493753470710319,8.430374041089124,0.007708079389816927
16,3Item10,2,1.1160436262590065,0.839792162016496,0.9004535426151876,0.5022067156949185,0.12663657946933077,0.0640682009690744,0.05388463150351037,0.059818544201146726,0.15806605935382412,0.2893782013790853,0.9326324139331551,1.67220416234826,8.337546074252634,0.0016545311759970992
16,3Item14,2,1.0154678923118123,0.5864397784940503,0.6958001929667051,0.43117356642501453,0.15371068530995957,0.14778394042000714,0.13749584190226732,0.07233119184583273,0.18861924021431417,0.299048187646681,0.8428278456647169,1.3601014134430633,8.435475271165831,0.007475976581608175
16,3Item3,2,0.7874465059858129,0.5793734771875442,0.7443504389506183,0.43461267165353357,0.11415379774787995,0.1942531945395394,0.1348235960787498,0.06248967772147253,0.19967267438686992,0.31065742034277166,0.7783611671217404,1.333080035725078,8.412553417175474,0.00041541821349677335
16,3Item20,2,0.7854012948622978,0.6005320377793358,0.7591593548672518,0.38106489665617715,0.1053855515565444,0.18685367339889036,0.1506393570762975,0.11271250331877877,0.2162577839697652,0.3105010421060522,0.7910487213758927,1.5759311379060081,8.564687362064232,0.013894498061978835
16,3Item18,2,1.0800854619923665,0.7361072847328244,0.7411062870923452,0.42411090649762506,0.12775283570822737,0.1526262308320036,0.15729560569528092,0.10959200296452226,0.2295462820992583,0.297700276260771,0.9932546742082184,1.7356480857237713,8.629757147317692,0.004253150257446579
16,3Item16,2,0.9999513751330936,0.5302604727577338,0.7237558700654677,0.39528471346631294,0.06916184166258993,0.057835173273791264,0.18110594185195242,0.1626735105661728,0.20438187120958498,0.36278936287507046,0.7326510139076562,1.3414646540877657,8.52684200505602,0.0007757316334650234
17,1spl1,0,0.7974299975549538,0.41647129400380617,0.500384345968034,0.04955091013827638,-0.3716420869450521,0.22485675130499044,0.17664431857877422,0.1560178231191257,0.16746934004336317,0.2310585218525641,0.8323028018908264,8.4049169719928,23.301719350165637,0.11210435384108274
17,1spl2,0,1.0754565185110079,0.6791844182657867,0.7084842385353584,0.10321230811379903,-0.35728105157282614,0.09991611070500743,0.08211755246800287,0.07234507248807809,0.12090593443306158,0.2128611218933388,0.9586443570166258,6.580459482956988,23.24257178711195,0.0722538621847245
17,1Item1,0,1.222138606678241,0.7841684972430556,0.7944401697952835,0.13026614548685622,-0.4003156916435185,0.09282898995429527,0.08716070970587429,0.09417013623955615,0.16842142281012396,0.19178110791611225,0.9870705511505727,6.019741263492259,22.864741945685772,0.016087805146986496
17,1Item2,0,0.8178750180231504,0.4780428575311375,0.5718143433967781,0.024130700353835688,-0.3616281691780457,0.14830471512513008,0.10876115012901527,0.08851054278161885,0.12884994161401989,0.20908449348416333,0.8360106076657406,19.81056623765104,22.646234744048822,0.024659924392880665
17,1Item3,0,0.9936076730846986,0.5968949959081166,0.6765014401626898,0.10594912779358419,-0.3296908118123098,0.14345307006762192,0.13645450709289297,0.09961932056740365,0.15541120783566884,0.2643159992668469,0.8823262739577389,5.633788618224692,22.312323167958777,0.04530711682985877
17,1Item4,0,0.9508272168438837,0.5529408284166389,0.6409990679204822,0.13388123861320297,-0.3141368123083977,0.11449982169517695,0.10476593939169848,0.11049074065424956,0.1394569849089076,0.23438903676858175,0.862623450214766,4.130084468997623,21.808953171133485,0.12469310452552619
17,1Item5,0,0.8804223355546182,0.5083259454934874,0.5565125774982153,0.1088530768928053,-0.27444432933054497,0.21556135622346081,0.1643447153254186,0.10868441920008791,0.13027849615333623,0.18185647486638948,0.9134132185569597,4.669835298493526,21.775642985023527,0.061056576867800735
17,1Item6,0,1.1158868687118908,0.631223939328976,0.689382107435716,0.1879632740923577,-0.22203405199604348,0.1026166784774802,0.11683681074058681,0.07962201130348633,0.14178057474374417,0.2810678413635487,0.9156372519752402,3.3582301596884694,21.47655521745633,0.032741025094975285
17,1Item7,0,0.9566807695249727,0.5278478028157869,0.6424015998733441,0.07851023267254148,-0.40424308396527275,0.15713295175373848,0.11981238630682821,0.10212674483262342,0.12094722277043587,0.1811899446291637,0.8216788409278224,6.72329934741232,21.13698146116995,0.07829443078915017
17,1Item8,0,1.1846901223466708,0.7808065720690347,0.7848927653351344,0.13429731591776253,-0.4237129634775136,0.11623859328060779,0.09442142837996231,0.09523399861368402,0.1322810886984407,0.214914596033173,0.9947939458211863,5.814014680182811,22.73068298836179,0.5989280936861393
17,1Item9,0,0.947446938076085,0.548030568259001,0.6108298104419584,0.08403258986483055,-0.327259227645856,0.1525527887706253,0.10721174762797403,0.09802235435338484,0.11556472233007048,0.16234827098447926,0.8971902778701811,6.521643122256315,21.641433904277445,0.10049402081973917
17,1Item10,0,1.1418348060281474,0.71629039623987,0.7513685671587844,0.17996721910016822,-0.20028584468749513,0.16888788801724183,0.14025913342153135,0.10236056452272653,0.15730147728266172,0.27683564406958905,0.9533142942020149,3.9801159113375695,21.48644549182054,0.01678874260262983
17,2spl1,1,0.7050510541984724,0.3005662018722941,0.42247852245190315,0.012483012229285342,-0.38429824321900574,0.4047676181836306,0.2892001993292892,0.24235180183079438,0.11775376243756783,0.14804245310647984,0.7114354581068116,24.078016769794104,21.314997649207488,0.005458933359538132
17,2spl2,1,0.8841988254987365,0.5303126599571542,0.6260121690493683,-0.018096441895578012,-0.43705444552029377,0.17170263814882608,0.16301555028294928,0.14672315286979168,0.13683270203048778,0.12236927630480657,0.8471283552128593,-29.304804354470587,21.744029319445286,0.007366144001431553
17,2Item1,1,1.1436809549789742,0.747131094622805,0.8376419268113448,0.09790178711913124,-0.43683044537116217,0.09999648610554415,0.0910546179743193,0.14245216833807509,0.11896030795944217,0.162591860640532,0.8919456748959148,7.6314346139792955,22.602852834952248,0.0645177843958623
17,2Item2,1,1.2848687796308018,0.8809930470495781,0.8990531355321729,0.1473002964435654,-0.39835498508704326,0.08771681949874745,0.08987466874889855,0.09330046289955098,0.14498195240285874,0.16095747525138854,0.9799121000208552,5.980931894500142,22.523368037522435,0.023170905086596274
17,2Item3,1,1.1526458648863007,0.7498471298280642,0.6866185815952578,0.1064078337430671,-0.450587333133888,0.08029503485480291,0.07282958185789938,0.06186337668721065,0.1094697715449083,0.1606043069322321,1.092086857005555,7.04691653240242,22.841370109015937,0.036985725087701204
17,2Item4,1,1.1604223830315397,0.7319189235743042,0.7337008020423005,0.07539950217012059,-0.42565611502515766,0.10765048825305575,0.10484509849374805,0.09361498340349109,0.10984011834021784,0.1844688460401955,0.9975713813306355,9.707211490809264,23.231503670019055,0.07543623640921143
17,2Item5,1,1.0955242972094943,0.6793312529506353,0.7029020912130376,0.1142791289698045,-0.3640637515919141,0.1422299136803343,0.11500668993133284,0.1119629215910467,0.11848365788135165,0.20957211265410927,0.9664663976341412,5.944490941873046,23.149051014391752,0.07199473699474328
17,2Item6,1,1.1428620183912415,0.7670939721872965,0.7664014586278501,0.14043962343513394,-0.419998701192225,0.08521649933279724,0.08986564299576583,0.07405747926842458,0.11883496373114674,0.2119481605148566,1.0009035898232534,5.46209074022126,23.051023051023044,0.045590008730810705
17,2Item7,1,1.1912937855244634,0.8029723463986844,0.813786061478883,0.12437047969979806,-0.3887080003627504,0.11276538667304556,0.11258835514011198,0.1396714225782441,0.15879634980560356,0.15773256557209978,0.9867118440843546,6.456293662938204,22.98383058220235,0.03281018799360093
17,2Item8,1,1.0279552552432025,0.6358911003009062,0.6385547597980362,0.07541944110830814,-0.4383661743572507,0.14510890718201055,0.14129030420497335,0.14917133703478155,0.15885882948096997,0.19897328169176526,0.9958286106992593,8.431394909918819,23.342124320589445,0.06498644964024479
17,2Item9,1,1.071330762002447,0.6518485230001367,0.7206939182403395,0.11838386597493168,-0.37751951836105563,0.1433126697999223,0.11507055656926629,0.10149641562141948,0.12233094207777306,0.17163811757723893,0.9044734603661282,5.506227661393833,22.692569107943687,0.059258703364871074
17,2Item10,1,0.9942042613434284,0.6284453557106096,0.6591139656725058,0.10458547671684482,-0.37902671609832156,0.15736759763254188,0.07424905179422554,0.1038560070797542,0.13111330671246593,0.19061461912179933,0.9534699422063156,6.008916050582713,22.553238568714637,0.037905193180503796
17,3spl1,2,0.06650973072985521,-0.1646890085809498,0.06715983944509181,-0.03020631496839691,-0.4494159220993467,0.30318606364300615,0.17796471917496304,0.19776953008251275,0.24736067957794688,0.26646422628720784,-2.4521947564124336,5.45213854140741,22.064662197332176,0.004902327912838603
17,3spl2,2,1.1567537012393616,0.6410383819360903,0.7495259996582446,0.13182153827279253,-0.33941530603002656,0.11652848295846743,0.16651669932919008,0.12743312036594212,0.15676948229341775,0.28044833767914956,0.8552583651175825,4.862925933595119,22.633852815438587,0.05799380020938457
17,3Item15,2,1.2092393714227847,0.7147949169779241,0.8017134089693037,0.14540479700237974,-0.271505346629,0.12989045386296522,0.13755201995362437,0.13658968262116822,0.18432184435781548,0.29668280137286435,0.8915840848979842,4.915896358290911,22.512685166766627,0.006400134356062206
17,3Item2,2,1.1057800343570876,0.7088505022840821,0.6750945416513362,0.09708682563673317,-0.34391236190743607,0.07559049452599477,0.0827907266329415,0.07607007135887613,0.11454479260112523,0.28627730970082327,1.050001825670482,7.301201685542432,22.56588640993149,0.026893650503352674
17,3Item5,2,1.2814791304985285,0.9121857003761957,0.8777070842250736,0.21296306887095287,-0.33818350903074873,0.06694676963887347,0.06403068499308943,0.07356279080016881,0.16113730369240203,0.26044681515850554,1.0392825986385659,4.2833046167532425,22.886085940856137,0.08392870885784329
17,3Item12,2,1.255001473370932,0.8442343637980768,0.8918683163174925,0.14416055357261465,-0.3752855873816383,0.051565889864752266,0.05953738651231682,0.09586588701980282,0.15634745059554836,0.2620378369845674,0.9465908222161247,5.8562091849669615,22.729466997488586,0.013379286762567234
17,3Item6,2,0.942867878957935,0.5976005559990918,0.6373260214048757,0.052367876391491396,-0.4168417741962237,0.14034408346056776,0.13109483602126218,0.12726517543633442,0.15943039156074099,0.23183958379351283,0.9376685322593852,11.41158637253051,22.766702617448882,0.024952195192290704
17,3Item8,2,1.2713474457672838,0.8237554277480473,0.7938296582212901,0.14809997170601677,-0.32410591177222015,0.07902701157579842,0.09519327150714349,0.09384667426835126,0.14503930145350155,0.25457522996296233,1.037697972328362,5.56215786334565,23.186974756925824,0.1629004139890868
17,3Item7,2,1.121662385653951,0.7624654025779121,0.7494916034248383,0.1289638286058839,-0.3799586398201439,0.18002309221373114,0.171033694970928,0.13892274476572944,0.16795281944411555,0.25284799994119633,1.0173101313963748,5.912242253568476,23.132271154719685,0.0874844048964192
17,3Item9,2,1.0762197075437745,0.7131122896723875,0.7472293701316703,0.0985777792507365,-0.36135450991418144,0.09010092772453748,0.08502482265040553,0.07348419507461161,0.1418346318202099,0.2684463094839045,0.9543418891476215,7.234006363894156,23.33165738765477,0.10527715221077849
17,3Item17,2,1.201352543211201,0.7793528719091296,0.7827794513161267,0.12223174993765087,-0.3705078185556545,0.12055384303320353,0.12775800748987337,0.09126988750956533,0.10818630154395609,0.2076593370030388,0.9956225468146126,6.376026408282978,22.884868966358617,0.022185084174355555
17,3Item19,2,1.1669237858521384,0.703836146753215,0.718089853228992,0.20596604054774875,-0.12233016872560712,0.15515138175121954,0.10580232172903829,0.08601309862507574,0.13863755787375048,0.23439479702348287,0.9801505237933197,3.4172436459145423,23.02362167567152,0.38679064326799856
17,3Item11,2,1.0015322949907977,0.6553346611213574,0.7286824829359029,0.275886558562674,-0.006792881299647218,0.09671598547005494,0.09322189419877572,0.07805758996812028,0.17648658019361402,0.3712800156368219,0.8993418609181261,2.375377264337094,23.997446886674513,0.5365694780410817
17,3Item4,2,1.011386394733945,0.659594378709633,0.6880350986480122,0.16257711638143732,-0.3097884624475536,0.12266091516846539,0.10405559896000441,0.10761460556485525,0.17189812844161073,0.27127377124699265,0.9586638516655197,4.057116950610566,23.657864576282613,0.1355150680415727
17,3Item13,2,0.7547196043893604,0.4199171666037932,0.48470514064764386,0.12893229566183967,-0.1749623274380149,0.2795804669396292,0.206150598844771,0.16774751170151173,0.16724784305543128,0.21599841971953798,0.8663352841201172,3.256881149842085,23.221645348400294,0.036840320627825204
17,3Item10,2,0.13548805007615894,-0.02264665517880794,0.2386388995790563,-0.0742007715364238,-0.23314088928890725,0.047658521417803336,0.0857887349355266,0.0575116122706874,0.11105943690394199,0.2644870096934785,-0.0948992604468757,0.30520781677989595,22.864159058188896,0.0006175179390616884
18,1spl1,0,0.8504222645377278,0.5680940096972593,0.6202619157511041,0.4498088125827985,0.17544759105780489,0.21505229674098064,0.16909647073965317,0.15309931165463092,0.015165813202076715,0.013220153579629345,0.9158937448117124,1.2629677154884993,9.88141318746618,0.0030128650676585047
18,1spl2,0,0.863530857607626,0.5354378697006458,0.5351040246240775,0.4766939078982164,0.24023041989714022,0.10406930308157016,0.09935955949449678,0.06938084688112119,0.007039729591444824,0.007926162523352006,1.0006238863110384,1.1232320357065277,9.757936945885294,0.00014510132654602293
18,1Item1,0,1.1026488341847134,0.7647732326580836,0.768405320169984,0.552247517178344,0.3245648081871178,0.16194431482311528,0.14841314477169704,0.08307357730711852,0.017792487894172176,0.025389813948117474,0.995273212701898,1.3848377900923516,9.999468916258257,0.06645004813110854
18,1Item2,0,1.0168525868818805,0.6875883823731488,0.7764494783323554,0.5033013808521933,0.24345651838327748,0.23700708925410738,0.1892807697056275,0.13752862867172433,0.026191983639853922,0.023187303543902048,0.8855545668784329,1.366156357136877,10.300732328760509,0.0830100428658928
18,1Item3,0,1.026862029817284,0.7187699221497186,0.7744202272824535,0.45647689751292975,0.21391854875791755,0.21956369134679135,0.1846427345363425,0.12367662901486068,0.026089005198543402,0.04135073363642337,0.9281393949946802,1.5746030620416147,9.978258644755591,0.008703942969456232
18,1Item4,0,0.9321464526097318,0.6400170443529889,0.7689521141179245,0.4215565089809335,0.08316906626495035,0.23893769128867823,0.18415324188688476,0.12465945464874625,0.02587531365015736,0.0222645208671499,0.8323236671958923,1.518223605138813,9.938065016041934,0.009043842935937976
18,1Item5,0,0.9244426857425359,0.6012151746287788,0.7243807159707022,0.4261159159867461,0.12457477942122672,0.26334067375808945,0.2424075564857667,0.15187139145927991,0.0470536281811379,0.02690669939784464,0.8299712575771052,1.4109193077795283,9.803180454699987,0.014942194259991208
18,1Item6,0,0.9617808784719161,0.655310652785499,0.7687165910865023,0.40569222041050795,0.08414527544056527,0.22549851700153725,0.18947988478934344,0.1275245522064092,0.030017659979601267,0.027751073051381945,0.8524736678400694,1.6152901588971054,10.051548785169237,0.04722124971986678
18,1Item7,0,1.1124891905858985,0.787024530902821,0.8608759563429335,0.4188098416404183,0.12098990893080705,0.1992476070336048,0.16882720229117656,0.11964403365200074,0.0430363550965068,0.04686699532244245,0.9142136264694247,1.8791930149992782,9.952095275305009,0.011581114000952162
18,1Item8,0,0.9017540388040646,0.6162659988975829,0.7100763791859653,0.4000657730394695,0.08406971697252484,0.24065563089026834,0.19238043031554522,0.14467183595548413,0.01846357713972382,0.023484972057078814,0.8678869148360998,1.5404116994941528,9.83363356962974,0.024928574956482766
18,1Item9,0,0.9466810055453801,0.679765447019782,0.759355027935524,0.42606258588010226,0.06554981058369626,0.24286911273607542,0.2178848755630241,0.13268792735445026,0.0365832275582107,0.036882420438007234,0.8951879175313925,1.595459136643401,10.014966680423735,0.0755508690415097
18,1Item10,0,0.8993214423996289,0.6015756473809079,0.6937326289841402,0.3452300775040226,0.02645300562501093,0.2441552790456854,0.20134163568919825,0.15623883173578504,0.037552813715626826,0.04078736489212662,0.8671577800725054,1.7425354418354895,10.558277691991583,0.07935446933881556
18,2spl1,1,1.0141218133043397,0.6882259568159119,0.6799565093794425,0.4108792876281332,0.04562471733435373,0.22550922133086787,0.13267707374297974,0.1394549947203524,0.02121625320031081,0.03982198750190697,1.0121617284491544,1.675007662503017,9.898101681849012,0.0005804703344803579
18,2spl2,1,1.1538198405855096,0.8238927789310235,0.9020886680186394,0.37759482917739046,-0.0055838892199799985,0.18959127800758366,0.16708361166797206,0.1331971052683198,0.03957001882350145,0.0443372701697705,0.9133168470315859,2.181949309380021,9.749322918660896,0.0017062937739992904
18,2Item1,1,0.9947095911636077,0.6224311167177875,0.7049058801394466,0.33272320753068546,-0.01803455739248638,0.2069186806469786,0.18201903819130597,0.1390709842074141,0.03595891146995051,0.04478710740379262,0.8829988986780157,1.8707174635230883,11.085644976837294,0.4314721233128134
18,2Item2,1,1.2135595840846654,0.750880808625,0.8120516500879121,0.6063476024344406,0.5058016669666584,0.1965047857201522,0.1483894610406133,0.19786099553866945,0.043717978905223644,0.09798445532068091,0.9246712418096052,1.238366910946629,10.923318402356413,0.0013439984344365353
18,2Item3,1,0.9972747651881906,0.6616513229349519,0.7563730472013385,0.4641070027858967,0.19174195794173762,0.25727789782641863,0.18227264034625845,0.1513513381150938,0.033546502342363164,0.021804283526525622,0.8747685080905042,1.4256439087055597,10.7441495042329,0.010370924067370122
18,2Item4,1,1.0063056432359307,0.7270827036484713,0.7408113505116899,0.39748230578053256,0.06518410376309004,0.30301693992312234,0.20850107396543135,0.10758353385695783,0.021180081768753144,0.01914274344758785,0.9814680919302815,1.8292202979739813,10.523104106333468,0.00704229824371753
18,2Item5,1,0.7929924687803246,0.5179719198463675,0.6092681325514461,0.32550548056505374,0.09095245259435863,0.30167209801247097,0.22184421006129526,0.171567220389251,0.046273465397241656,0.05694918628577488,0.8501542938526759,1.5912847837643815,10.507617184842399,0.02259741666711786
18,2Item6,1,0.9275367678810764,0.6226102618133431,0.6821720004637231,0.3281061147245412,-0.005304232032444673,0.2302392437789463,0.1873957873927335,0.1129408606403618,0.06035264159946314,0.06995598137398153,0.9126880910934787,1.897588103283178,10.6754329804766,0.05992313413249994
18,2Item7,1,1.101824213349369,0.7141015255750274,0.7400286931521689,0.2802573404439697,-0.07291531730737075,0.19561388975188534,0.17147931747069498,0.12386907196316353,0.0791879697250275,0.10257674444202448,0.9649646442333624,2.5480207651145284,10.615874280469505,0.04250239255029124
18,2Item8,1,0.9911957277413973,0.6123744704394293,0.7366554593316889,0.30736176067462073,-0.0334261564535591,0.21477471834710338,0.15807500582404974,0.13266226747154675,0.0836730850811202,0.11189835998780594,0.8312902074515264,1.9923573677577402,11.030432844341261,0.16322164989070587
18,2Item9,1,0.9431888091520245,0.6046641430559497,0.6883920715711286,0.33724069337943297,0.056300975263461124,0.21672969139192014,0.1946916984934646,0.1223567873613111,0.054238336960359144,0.05895341553891771,0.8783717406819388,1.7929750268383562,10.956583459979194,0.02446127421043687
18,2Item10,1,0.8784258772144288,0.5684610529160028,0.662993655812559,0.2449516241341296,-0.09553692925041424,0.21785459334636234,0.17790778028761634,0.15826537812285077,0.07168445941053292,0.07719159876676324,0.8574155228708585,2.3207074156161536,11.152581995685244,0.19944785735263024
18,3spl1,2,1.1302500438710212,0.8448824763867706,0.8675224678249336,0.47371550311173743,0.13760550721236736,0.1838930200808797,0.17653364829125648,0.11332776607975639,0.03196698238331767,0.040209896496604176,0.9739027019451969,1.783522956401875,11.918510487292739,0.018215013197252397
18,3spl2,2,1.1260969741418194,0.8754291200420488,0.8648797039325304,0.5093207302618501,0.16151027597610856,0.21436933861391896,0.16325580903706527,0.10587311904588882,0.023325746738531654,0.034746787855081535,1.0121975519246822,1.7188169778072049,11.779418221596304,0.0006895302892180666
18,3Item15,2,1.0541968718554502,0.7637260539337836,0.8100327016599526,0.43260243966034756,0.1548080830654305,0.1918869517594411,0.16305561819994577,0.10880174751074713,0.021202259368227967,0.03076900722091421,0.9428336058851586,1.765422434436549,11.817064140251308,0.006662345036103048
18,3Item2,2,0.9619658188055924,0.6845531974513814,0.6866185555537618,0.35279638552097214,0.07154915733771637,0.20862197227269302,0.18246810179576417,0.0895029458627323,0.021618953859098403,0.020459785939970946,0.9969919847305807,1.9403634039508162,11.876814034412533,0.011116196021339198
18,3Item5,2,1.0260241742321696,0.7888756650611999,0.8937898225520059,0.5487049841140417,0.08800864739857726,0.2272579492249231,0.24747125659988412,0.12172227636145848,0.07053808724492429,0.016256629888247692,0.8826187592135843,1.4377045706942897,11.799806401874871,0.0034040958312926335
18,3Item12,2,1.1737843470512646,0.8988124692565282,0.9298419653796728,0.4661317019681143,0.07409848674236875,0.14415974012264546,0.12643529676878854,0.06810306619385333,0.03395268601019545,0.0504408120930012,0.9666292786891977,1.9282371560082694,11.77777094510298,0.018409356674305523
18,3Item6,2,1.083600420755336,0.7833692678769301,0.7517837927731608,0.3712794381938011,0.10377943162378746,0.13281587490346522,0.10021465649650535,0.08381070606919677,0.03422770429516474,0.04229076979960065,1.0420140396286592,2.1099182588132104,11.960384181467733,0.005003517850639583
18,3Item8,2,1.0911126948703065,0.7794506771316699,0.8075376001920701,0.4330438741403779,0.1184072153117589,0.18317934039547856,0.13774202202882474,0.09368667677317723,0.020390060252504415,0.03620013260976751,0.9652190510770783,1.7999346529932996,11.89480520163037,0.005542170702952657
18,3Item7,2,1.1529234796193302,0.6761698224216771,0.7264406617861288,0.4572772868618144,0.13752100523151373,0.31749671524013307,0.23049248675112555,0.1485987940291627,0.01683972529070022,0.039154759297878934,0.9307984217573296,1.478686653306976,12.526610979201697,0.15137884492178913
18,3Item9,2,0.8238471458563501,0.5995230797877004,0.7712562651624538,0.4106040169039252,0.16558424873500824,0.28043648940842414,0.23467719712378338,0.15697872028079757,0.017641293708425917,0.022004763724880683,0.7773331719828382,1.4601003732213338,12.952765069805478,0.3655991716825367
18,3Item17,2,1.0124396460936669,0.7054549539956293,0.7671671870023283,0.4583286378921301,0.17323513605441496,0.15430911527924618,0.11767450864284987,0.10241545457847445,0.03002617920843368,0.026384174629827388,0.9195582984102916,1.53919021010961,12.19671469909037,0.007342274001882873
18,3Item19,2,1.0881580084604625,0.7967453511100896,0.8733751224016224,0.4347802904104009,0.10160658554084895,0.181667570846727,0.13653495683124153,0.10351501438696856,0.021409789923990587,0.020156042134844124,0.9122601843832292,1.8325240744595297,11.963833158669914,0.0042650670821819435
18,3Item11,2,1.1551396538079246,0.8773435446955171,0.871751118608546,0.48985373467318677,0.21574289233616858,0.14166943857647174,0.16198479801361135,0.11881949841180554,0.04755182790851258,0.044524570578383695,1.0064151624944082,1.791031650477909,11.964702428813926,0.004460554792402312
18,3Item4,2,1.2809145826210375,0.9216558070209511,0.847828120587608,0.5053559831213257,0.19863605099664117,0.16454904095128417,0.14583207284124217,0.08703065169020972,0.06589471801399024,0.09527052803399219,1.0870785994867644,1.8237753899826787,12.106018829608827,0.007643873467302193
18,3Item13,2,1.2054739050251007,0.8896333758308234,0.8466061682134788,0.49094854670758037,0.2404754883687337,0.054522193516998475,0.060662270046562466,0.09176662213251266,0.061854791091157525,0.06506815963693384,1.0508231668773664,1.8120704908586638,12.141060866202062,0.003981153059575285
18,3Item10,2,1.126280330267108,0.704351120112064,0.6891023023460265,0.4497079138377482,0.122615438655585,0.13920178161792282,0.17891773753967954,0.08528166453445785,0.03716333472471047,0.04144844913942122,1.022128523866478,1.5662413243631468,12.080742637423619,0.007261532181464589
18,3Item14,2,1.390852411620425,0.5094905780236129,0.6334925308057409,0.22452631237405546,0.029831961940289246,0.19007112579464305,0.16330691092736718,0.07937310438800116,0.022065556998603388,0.05621121349097139,0.8042566446226821,2.2691798140150006,12.7976487787717,0.25557468768805897
18,3Item3,2,1.381456238939759,0.6284123649738957,0.7000408857078312,0.27397770945267064,-0.010606860118514066,0.16482100865946614,0.14058409902984415,0.07262585761965201,0.05667332175317118,0.11264174816027316,0.8976795168768046,2.2936623710579305,13.641997006874252,0.09645719634200559
18,3Item20,2,0.5570413562698645,0.34186967129844964,0.5894191567575096,0.42410502562257746,0.20113994535295543,0.2051875002238033,0.15300605320626348,0.16048754379240565,0.012359283039499045,0.01713075095954137,0.5800111292600653,0.8060967209490038,13.69754808313552,0.11778608762465625
19,1spl1,0,0.8317059836509607,0.5275964660107256,0.5388084948957764,0.021162879620633537,-0.5622522766750556,0.1612450416014654,0.13192158116221447,0.07068277258925466,0.05026761706292158,0.0738976726537169,0.9791910670109041,24.930276528438473,6.454933005667467,0.009129530251976143
19,1spl2,0,0.9176918790029847,0.6350112958469203,0.5931830552518115,-0.046053616863190656,-0.6514456316757247,0.061177456125777144,0.043569016537417904,0.028216257657594397,0.06243008497608916,0.06400290007176768,1.0705148927540378,-13.78852200733421,6.320624787523741,0.000804374436337493
19,1Item1,0,0.9779985671035156,0.6634718991806641,0.7014858202353516,-0.023626776746777343,-0.596513237961914,0.047888334214856075,0.04368798564454654,0.0508559959243469,0.06582156318869728,0.07185777115035172,0.9458094220810578,-28.081355928185022,6.284699769898727,0.0024438918134930187
19,1Item2,0,0.8653512387653721,0.5818641349961974,0.6417513073247573,-0.046494490991990316,-0.6417886406119742,0.07742715264958693,0.0724278857378315,0.12336057483859897,0.07471897460458206,0.0745138429206369,0.9066816498046716,-12.51469012987208,6.2250854062700745,0.0014716048864681958
19,1Item3,0,0.8798633213728616,0.5519372928392505,0.6070739622887432,-0.05057606683253117,-0.6151666555360249,0.09300767707293091,0.082581543209981,0.06288236687677824,0.06124167052415827,0.05953242695814993,0.9091763544745075,-10.913013571811618,6.1429099694126785,0.004758101549165637
19,1Item4,0,0.8686369451322273,0.5767015773039533,0.604452811116989,-0.02501974105901842,-0.58783599639759,0.06413010404069996,0.07488422960816332,0.07241924903944731,0.04811717645490015,0.08370829346049558,0.9540886662172323,-23.04986286602446,6.026053799560371,0.003598543131456619
19,1Item5,0,0.7538621183899848,0.5399533708405737,0.5822845727205389,-0.06020101791428519,-0.6634435716582368,0.0788430481496672,0.11569144290296876,0.06594798490347677,0.06076591826982456,0.06447923907100457,0.9273015209565185,-8.96917358737253,5.924225634585618,0.0035976977061775517
19,1Item6,0,0.772934094222601,0.5183372837907083,0.5280230059832312,-0.0529459725211654,-0.6107185973351887,0.0778912595655724,0.07204966557469171,0.07370246092985948,0.06615615856057538,0.11114405592243926,0.9816566265779582,-9.789928655544653,6.053651108342008,0.1263371034844901
19,1Item7,0,0.7936035589388359,0.5948105383012495,0.60433081099914,-0.05026433325726322,-0.6364309491499507,0.09851921348451607,0.13072541998606316,0.11772869354671872,0.0672765074742765,0.0732330359325933,0.9842465856301499,-11.83365045529475,6.550237267439101,0.005019831188727264
19,1Item8,0,0.7517561451717897,0.5557477924911152,0.5222724758488699,-0.09221615651410366,-0.6843503419228208,0.13543237356974636,0.1015082039775957,0.08919219720075594,0.0684312041751043,0.06634373935333669,1.064095500196025,-6.026577332277948,6.2189042174456635,0.03459330190857008
19,1Item9,0,0.5941046602056963,0.3884295719970042,0.4767531211913999,-0.08745186620313362,-0.6703507477116419,0.07203875847962904,0.06644100352675558,0.055584154490418855,0.06894815735401441,0.07029096574117112,0.8147394404290091,-4.441638507020497,6.070574101034964,0.009523331007773467
19,1Item10,0,0.7509436532784802,0.6853884346661886,0.6172285295886616,0.04296894208393903,-0.5325124319439342,0.09040644717636832,0.1540955405518293,0.11237645680175465,0.11826909966579738,0.17728106220013332,1.110428958966822,15.950786439575557,6.133411749250389,0.02723996266889587
19,2spl1,1,0.7530855302176781,0.43795778252061346,0.46520325861433875,-0.0908057961611667,-0.601411997278694,0.07521235714779195,0.07690110658997955,0.10666905771757836,0.07606523770996318,0.07087909736202054,0.9414331767229828,-4.823015774965727,6.983295614127201,0.0067793685146126485
19,2Item1,1,0.785542112336023,0.5113232614037834,0.5326228346961179,-0.08972126060656581,-0.5908832093459746,0.051383040247296674,0.05410989273860095,0.0771573275974268,0.07641015497992092,0.07523306611614498,0.9600100242331954,-5.699020094523558,7.187942350978461,0.1307545347561085
19,2Item2,1,0.7797153993773772,0.5569287049860653,0.5778170959069768,-0.06643291467874812,-0.6087310919148536,0.07630475453913103,0.07734096073547224,0.10490000133882696,0.062322680470715465,0.049663834311356,0.9638494741108805,-8.38332498374562,6.975241368525281,0.011025444494595865
19,2Item3,1,0.6633754415554779,0.6835258222319686,0.6356918943520402,-0.008786644375752373,-0.6243855994657913,0.08629628688915524,0.15218405949630892,0.11336908309175868,0.0712744039182813,0.06511864452310225,1.0752470296218555,-77.79146062969015,6.800477090887065,0.00585893301721065
19,2Item4,1,0.6646119867921282,0.8171548579500839,0.6323732204657113,-0.01929926749940907,-0.6536483714162007,0.1464860853912567,0.1769850205069479,0.10199190671316642,0.07356860656608931,0.07272679770991607,1.2922034491847816,-42.34123913336833,6.928930847745641,0.03824760955738608
19,2Item5,1,0.7485505281691434,0.4962699140546948,0.5238031046719522,-0.04719873589713767,-0.5820019834412254,0.08433153322747813,0.075960669445334,0.0705603118376992,0.08086048830402563,0.13118030590996654,0.9474359901285103,-10.514474914131453,7.026102903845263,0.09056045939903179
19,2Item6,1,0.9296985487645336,0.8734760103632614,0.6972836753715806,0.12746684749623557,-0.4306171237988782,0.11675471268378312,0.15094015824041443,0.0826611438955701,0.10267368186861048,0.21113674023322668,1.252683864490452,6.852573988200998,7.372445802888676,0.04429111385056461
19,2Item7,1,0.5873057804095233,0.7166834832655903,0.5112356374757161,-0.09615122480004981,-0.6834202960892721,0.13795206666364015,0.18193925368487074,0.1369976260794016,0.07437339556947561,0.07282852351728472,1.401865263936667,-7.4537115071562825,6.900389101064098,0.011411568411078824
19,2Item8,1,0.5439482720657499,0.3541840684317839,0.3657100575234849,-0.14735022449960647,-0.7310777555816506,0.13536530399726346,0.09863433597528645,0.08642778373537345,0.0632886423671493,0.06093085622931828,0.9684832565496394,-2.403688708573488,7.005933463290449,0.016624794790363183
19,2Item9,1,0.6173062434022574,0.5912289112088067,0.4288450390349512,-0.1217875642637876,-0.7752743727485162,0.0772048531566707,0.11918163326389325,0.05929489560512813,0.06852245783213205,0.06835152324144898,1.3786539565914557,-4.854591843078636,6.924785811173766,0.008867399190669523
19,2Item10,1,0.7851555065398342,0.7006991877320476,0.5935478514120474,-0.08195282301250563,-0.7416542259697189,0.0663935748868688,0.13976253593479437,0.07434418124663102,0.07124257797099659,0.06093164997952099,1.1805268688692259,-8.550031231689912,6.98552793194338,0.02630805777188985
19,3Item15,2,0.8909370634391041,0.6130017405218152,0.530039566569062,-0.0568581748706253,-0.6179622525866775,0.053565833922985015,0.07781484546186039,0.07259484576724613,0.06499131399580832,0.11399031047096683,1.15652071661979,-10.781242146760379,7.572484150624991,0.01293448136165759
19,3Item2,2,0.847862539470612,0.5513535898383656,0.5792552375758857,-0.08041673565921902,-0.6059298417270531,0.06811262646282719,0.07386081461202787,0.08670731600377965,0.10420024761213395,0.13429625737996959,0.9518318577383659,-6.856204646642639,7.52945373875327,0.001555157758454644
19,3Item5,2,0.9042601565559825,0.6325678220032931,0.6279685652936334,-0.08462190020993414,-0.5654798206311744,0.05217562190618173,0.026031717816304978,0.04057281533551645,0.06943985261678985,0.10468349139169277,1.0073240221828381,-7.475226010160656,7.485993523171771,0.0023986462969565526
19,3Item12,2,0.9814542305277779,0.7864352913099415,0.6570628682785087,-0.09345662162304094,-0.6570139980760235,0.026557929777147563,0.08269423795611429,0.045835673544621806,0.07694147977966607,0.08354497853321068,1.1968950431995813,-8.4149767674785,7.341390663303977,0.0017743142850794318
19,3Item6,2,0.9011641154154864,0.6951163391855524,0.7621273365250236,0.04039685078895184,-0.640007549756846,0.032433598743682755,0.10355122286437035,0.11089263836341903,0.07623186247162558,0.11272599363310988,0.912073750618779,17.207190867672026,7.25302986378148,0.00013247573773531482
19,3Item8,2,0.9278549139841179,0.6894136784490725,0.6457968727519967,-0.04683716399855316,-0.6840287125577081,0.09922758077966409,0.11860020970064367,0.0672614767898615,0.092206580683237,0.09611801260103482,1.067539510440284,-14.719373128350433,7.1802439549928785,0.003340357258450054
19,3Item7,2,0.8784774877920347,0.9263914886177306,0.7929412670550742,0.06241038138352358,-0.598179725106074,0.09110073788408601,0.10489682750225296,0.07849123832279668,0.07960550985186708,0.13826663325953617,1.168297736464118,14.84354771173937,7.67760342386928,0.07725178502800413
19,3Item9,2,0.8904456493022226,0.7214095385802867,0.6956344575471493,-0.010555170719374686,-0.6768086907444837,0.046846438843142636,0.11155107441724435,0.09785125815002466,0.09301681955883559,0.08598172408513441,1.0370526211236997,-68.34655981476958,7.437806800352762,0.013170263500698751
19,3Item17,2,0.7871195843907686,0.5282778716696604,0.517557028304483,-0.06302875725225368,-0.6001220335833257,0.128578229905139,0.07854567150168727,0.06427021175158304,0.07440287163225014,0.14424765384248192,1.020714320853848,-8.381537302677952,7.438388866431222,0.028949556882155603
19,3Item19,2,0.8074012399841218,0.7429298529657248,0.7593420020732589,0.02857747376129216,-0.6988084771457512,0.0356341881023066,0.10942779619781742,0.11784848246787641,0.11056476171529878,0.07616242839518811,0.9783863528672064,25.997043446680397,7.327778203213742,0.0047137945147141804
20,1spl1,0,0.18901937331308608,-0.0200225212917619,0.2710507526305015,0.48112203685957694,0.2307778227408931,0.09721324316689828,0.09847614555010861,0.10028139713610251,0.005792405673929167,0.006633597370741131,-0.07387000782538593,-0.041616304629982025,1.3678519149847819,0.0007695245117783245
20,1spl2,0,0.28594758907024864,0.0689593728573167,0.31477705627646435,0.5151721292351453,0.2901972695475137,0.1700975018932885,0.15644114470649445,0.164028397654368,0.02313338340051258,0.00777354542345433,0.21907369442351265,0.13385695539438608,1.3258364881611375,0.00034850242862344933
20,1Item1,0,0.47021251930663865,0.19983166857673465,0.4032418408562176,0.48821156340889466,0.288276047521589,0.15478141051424807,0.17809021557524593,0.14096020988155794,0.018590748443066633,0.00912401985071997,0.4955628306250715,0.4093136728923702,1.2830044152358202,4.9129560216792765e-05
20,1Item2,0,0.5948515613398315,0.23379948056762193,0.45606539677719954,0.5155197822900955,0.27673187807340377,0.10931563071813453,0.09071468347098265,0.12057938372743567,0.015132093522413723,0.010646584958912877,0.5126446376048888,0.4535218397934057,1.2744664965553318,0.0002739545743289387
20,1Item3,0,0.3615945645371589,0.13927552446178307,0.4285813516693525,0.43761819101873267,0.21944948370235892,0.0747746033938178,0.10109571744240486,0.13673838831027676,0.014229600509276269,0.012814001482341941,0.32496869869472167,0.3182580774791493,1.2364274091848841,7.526121770846174e-05
20,1Item4,0,0.45918233123619645,0.23870655149336262,0.45304110329540753,0.4460091448264848,0.23733622937514676,0.12627684771251707,0.08226556363398693,0.13355052046424548,0.02902355125521132,0.014779800873622224,0.5268982201176009,0.5352055080642425,1.2435366208018597,0.0008649836453545735
20,1Item5,0,0.43793457221650256,0.16114921982501296,0.3910501780913083,0.4216965968536269,0.18573895085511655,0.11784055025771824,0.07409705792367062,0.09562214133117654,0.016362712596343674,0.012618162871125034,0.4120934561377234,0.38214493701215174,1.2115096124997113,7.807647159603227e-05
20,1Item6,0,0.5082984334591484,0.20618972338543787,0.573050270282892,0.4521675947543279,0.17241697484634674,0.140309620942629,0.10807837519185179,0.1279725146317427,0.021769540508524338,0.014617053624824716,0.35981088172917075,0.45600287442416604,1.1864199216073459,3.1721546549477365e-05
20,1Item7,0,0.43694530805602216,0.13035330811548224,0.43611205593320257,0.4357406514859252,0.21102300978900557,0.12279709467064587,0.10042414945012877,0.14973811939598253,0.021843437114363477,0.010894685750815534,0.29889865699229656,0.2991534238814056,1.1748163730542585,0.0006115645647764437
20,1Item8,0,0.4645317503333774,0.1510970110308393,0.48489869807567737,0.42887274496650185,0.18155396119564,0.12950298520967932,0.10733268670662968,0.10980996352508463,0.03625989654864123,0.013963652377583267,0.31160531327236624,0.35231199103204636,1.2279053453774642,0.0018031240301343155
20,1Item9,0,0.5295023943926653,0.22039756664506713,0.532561049832518,0.43705177509807774,0.17701103851339084,0.16357438615479086,0.1472373393056199,0.13356926675672412,0.028445733987058547,0.020834179279434994,0.41384469686721176,0.5042825099871193,1.1429283684238158,0.00039037279341796907
20,1Item10,0,0.6210168819375742,0.3475760334436312,0.5618906136884316,0.47311056257794676,0.14180954391598288,0.15861414419214634,0.1545479902433357,0.13729399377581958,0.03428049000900062,0.010157596169889474,0.6185830913662121,0.7346613248604134,1.1011150575578887,5.468429335211609e-05
20,2spl1,1,0.4011811115341731,0.0065411937520793734,0.2728002843781963,0.3750257563130941,0.1569416340261965,0.29720342827288615,0.13017074943956874,0.14812992644029468,0.02162940285462278,0.014725552051841341,0.023977957878640037,0.017441985315740302,1.952961723063648,0.04669263363419452
20,2spl2,1,-0.08812713824999996,-0.2526808408028529,0.12140203429122338,0.3412325222458898,0.08148847313544487,0.1404234173726349,0.0926291948886573,0.09338727147849701,0.01266406660735207,0.007462018016781282,-2.0813558866349595,-0.7404945999850455,1.490421923755257,0.0004269996188776993
20,2Item1,1,-0.03485923900894183,-0.22174757578675794,0.14077062131203516,0.30706277301555107,0.03905528444905342,0.13536155853433157,0.12369519007723295,0.17090135905504414,0.012295287843318448,0.017799531091345574,-1.5752404311691366,-0.7221571435928199,1.4006750597073176,0.00030329689563161585
20,2Item2,1,0.701449373336281,0.3131857920148184,0.4489792260557839,0.4694954158986615,0.22752998129923518,0.16586246144525704,0.11956279354689162,0.1553302083381949,0.045482483011882034,0.020183591310872266,0.6975507398606356,0.6670689015105298,1.3477410971716208,0.0002146464608198991
20,2Item3,1,0.5507460558249014,0.297837105922799,0.52099396896682,0.3509846064605782,0.04812119207818658,0.05020825855648707,0.048915731234544034,0.09204601786184469,0.02324483074151246,0.03567260487299785,0.5716709272887881,0.8485759762449165,1.3887709512709514,0.00045984384744582893
20,2Item4,1,0.7040419370035604,0.28684958082084294,0.46804034955032714,0.41572398814126243,0.1412607464049384,0.14777215853330383,0.18451260081889004,0.16638992767072922,0.03384708941142477,0.01843815870011715,0.6128736133189413,0.6900000681061776,1.6025932170109618,0.005162073417427454
20,2Item5,1,0.5619796920687894,0.35121878642346643,0.5469157212678729,0.42577411334289494,0.11529845226625995,0.1711358649444475,0.0964172754596932,0.12987209257569352,0.027926299611401306,0.021646048994558197,0.6421808189515598,0.8248946438782659,1.4887847446670974,0.0003066231879521898
20,2Item6,1,0.7113516496732996,0.30345063254884225,0.57666824536089,0.43153912795043414,0.09534024098912808,0.09802078677521331,0.12307973188272818,0.11809920153528372,0.03581832881632168,0.015419130401526529,0.5262135282526672,0.7031821964485081,1.4420999539760297,0.0008064031404887235
20,2Item7,1,0.6662245588928247,0.2788145879633686,0.503826077689577,0.3891806617490811,0.09277656132636454,0.14839305405870643,0.10654077360577265,0.16206107617871512,0.030852702228416986,0.027528128858952925,0.5533945140127512,0.7164142894302291,1.3722147039396737,0.00032313761568240483
20,2Item8,1,0.6044131400896586,0.25810455889533135,0.4532089262495507,0.36621275438559237,0.06576995865330194,0.14670054830315532,0.08787815209128216,0.10578243197077368,0.03949477045122633,0.0238436822404501,0.5695045780799702,0.7047940168647816,1.3271765627534857,0.000232448733120583
20,2Item9,1,0.6873842253234947,0.384077068508395,0.5957735869040296,0.40412930446205414,0.05583911937717809,0.1388621929983941,0.08955729658581119,0.14194761750966275,0.04986648736586476,0.02787759558421542,0.6446695125569485,0.9503816311199388,1.2975932513886308,0.0004801661310095155
20,2Item10,1,0.5965462038897021,0.27372868346960894,0.5357969135216922,0.37669719700127924,0.04089214193916464,0.12487712691375087,0.15779157613811576,0.18561145926219275,0.0593055927487531,0.03495728845599941,0.5108814105694646,0.7266544187798268,1.257996608781949,0.00013728555119660557
20,3spl1,2,0.07800122086469832,-0.21324309028782093,0.07512638036917521,0.20564645685842428,-0.07033547379165597,0.06294937332364932,0.09382274722764497,0.09244969565644948,0.019000342993931867,0.03810290254024543,-2.8384581607881865,-1.0369402542037778,1.9204598478444628,0.02315631404319719
20,3spl2,2,0.15908075540958228,-0.04669138535881512,0.2650023947807021,0.22006040013712516,-0.07064895895127701,0.08505797269728177,0.09144602600190531,0.11193588895739331,0.02987640360475716,0.04768350244277813,-0.17619231411573244,-0.21217531694728006,1.6200500666254092,0.001938560245805154
20,3Item15,2,0.21201835847558415,-0.1041884115570427,0.2532573097740154,0.3482411889818592,0.08190995926671896,0.33861945705163193,0.1687752485144259,0.10351193090559423,0.05893624469423396,0.07702865500088672,-0.4113935003045629,-0.2991846299470495,1.492275028580761,0.0008051162161152121
20,3Item2,2,0.4042319267878324,-0.091744458298888,0.2922971220787321,0.33493217966968303,0.05550194474323876,0.49117496246237385,0.20470656699649536,0.2110085145348522,0.06573785139918631,0.05720281222197673,-0.31387396951620367,-0.273919508467203,1.4230040143709208,0.000267160253881605
20,3Item5,2,0.31993667777465284,-0.002517293487832707,0.3026950369294415,0.22712097488734082,-0.05065697642988281,0.4436453861968914,0.2823723944502569,0.24370020140671242,0.055014381327443046,0.03097633370943585,-0.00831626942103851,-0.011083491861541507,1.3756309831414142,0.00045270392553746616
20,3Item12,2,0.6535790256305763,0.26632094502155385,0.49345616909924817,0.3549522060568922,-0.014093854342434844,0.11340321577735643,0.13891601680977908,0.15317240317850567,0.04458662354551638,0.037397562125277686,0.5397053703229389,0.7503008566414339,1.3227855177313659,0.00021358350128040983
20,3Item6,2,0.5716179667220058,0.18192665144047618,0.4619393050762987,0.2812942151189394,0.04747581132409813,0.18090584457611905,0.1503896144152679,0.20356868074023882,0.04648447496561796,0.06015349218312063,0.3938323694204694,0.6467486390248148,1.2790038933383643,3.1104852603598365e-05
20,3Item8,2,0.5329797853659186,0.19212740347045185,0.447507602175753,0.32919603307917167,0.027637017540828313,0.12057309637273803,0.09456088961515408,0.12563477761706648,0.03841093942964487,0.029833494487205476,0.42932768540023264,0.5836261181209892,1.4144458487397968,0.011861557933194405
20,3Item7,2,0.651767174677176,0.3131629118074555,0.48871992765974276,0.35922199270882793,-0.002905419389910976,0.09657911454149011,0.07298580995090498,0.08605706263849833,0.054878088884671765,0.043963752157524946,0.6407819559686632,0.8717810081007838,1.3645466168434368,0.0004877284622717938
20,3Item9,2,0.48387420702517786,0.18720190074533474,0.4267615451420602,0.3489089181135123,0.006600970952267958,0.09477638701353654,0.11337731406550527,0.12656299808241311,0.05278927740293419,0.026439078046009798,0.43865690908107036,0.5365351542774158,1.2953517675739898,0.0005081023989812964
20,3Item17,2,0.5790993531114806,0.30223384616003035,0.5044111788602893,0.33187089860236857,0.03295450059119504,0.11486080655210545,0.13929920158964276,0.11835680053784889,0.05334803891180588,0.02888696711149599,0.5991814976102283,0.9106970406930891,1.2247339846857337,0.00041622670783687127
20,3Item19,2,0.6032293696466339,0.19676285817122188,0.5468277524943027,0.3493608774069534,0.008023853548619765,0.11290200037632325,0.1227955923217084,0.1631861716932395,0.047399940820843645,0.03314850812454964,0.3598260273255716,0.563208047416295,1.1778809300423132,6.413955391214444e-05
20,3Item11,2,0.6014749198638312,0.32273768786176044,0.5139494491764002,0.3449729665145083,0.004976196687737975,0.13413465037535763,0.11883247815139122,0.12178125494517038,0.05582545615682105,0.03161008612651199,0.6279560913062343,0.9355448636658384,1.1833398228382555,0.002586652054868738
20,3Item4,2,0.735797952745035,0.3565681394650993,0.5721532886342582,0.33771662529760516,-0.0018712776512850554,0.11494165130259981,0.13768629197720028,0.16290200253352283,0.05379385523423951,0.04442141654112674,0.6232038614914388,1.0558205066009443,1.2163379830046497,9.817118482116058e-05
20,3Item13,2,0.5590449780170687,0.28353058437865825,0.431637550424051,0.3175843998413558,-0.03272869648540205,0.1483607914528988,0.0890002752603926,0.10958189290545582,0.05265706332293847,0.04586460271003091,0.6568719135840687,0.8927723894105599,1.1821358376542321,7.263804253192711e-05
20,3Item10,2,0.39697098963064803,0.14717622331373365,0.3749737759268728,0.277418447404459,-0.03591662810291914,0.12495273890700637,0.07500048734041594,0.13581658744212724,0.033440182282586745,0.04037446223417299,0.39249737546963415,0.5305206779152617,1.1563551959591563,5.663839285648978e-05
20,3Item14,2,0.604130044808732,0.30686222396445345,0.523366785076722,0.33891203009616583,-0.010617202479486122,0.10753249113731399,0.11985538037814321,0.13480440744250727,0.05817342133163682,0.037862982452525534,0.5863234582858484,0.9054332564469559,1.2362667935868925,0.0013541154997200316
20,3Item3,2,0.5642348360842305,0.2443897807306619,0.5405943315330941,0.3227321268991228,-0.020807928984533493,0.06812252262698075,0.06316173295022946,0.09353052658992002,0.05473600105134483,0.021163545866636817,0.45207610591385705,0.7572527170491418,1.210759187902045,0.0003206131876941032
20,3Item20,2,0.7848246403295795,0.3202712916716939,0.5752392968436916,0.3610565333359813,-0.021203963576869156,0.1896364502430795,0.09051284395571359,0.1661196618683126,0.05337207154336125,0.05533548805127797,0.556761843066432,0.887039178672405,1.1727691950906234,3.750117753753365e-05
21,1Item7,0,0.7739906009831147,0.3604942501769688,0.5091923703838153,0.20948567951465943,-0.03468969824182778,0.29421642008894827,0.19073314869132377,0.1620824073230817,0.08781998622795595,0.05577347990790754,0.7079726061041832,1.7208538993754374,3.0143251359879533,0.013385723059783843
21,1Item8,0,0.7454922257715784,0.35481210582961786,0.5161417228912221,0.19909069219036227,-0.035011957851131724,0.33682620544924674,0.23858814077720983,0.19925956602552075,0.09257189201510722,0.050388928129663564,0.687431551076067,1.7821631947926428,3.0955772864961277,0.02655707094182123
21,1Item9,0,0.7871751756597426,0.40182861612618176,0.48665181633208376,0.18432621235393384,-0.0745741299036896,0.3217471179225273,0.24089720659233607,0.2070865587134171,0.08643297467306565,0.07723622573052913,0.8257004326606265,2.179986279838619,3.245898075324509,0.012421466991853652
21,1Item10,0,0.6028415112924256,0.2811026883392293,0.44261017381039663,0.17700590511076725,-0.044008159763269696,0.26589362747859924,0.198801495027738,0.20215515994324432,0.08905180244238542,0.05861338565898094,0.6351021832239776,1.5880977901569007,3.318368185034851,0.011307828908482047
21,2spl1,1,0.7321390496974759,0.35862457323404767,0.53757759920321,0.3318876170540118,-0.03948912231608955,0.1612919574729175,0.16777082686260514,0.15155132007948563,0.04518849524352731,0.03190280505795174,0.6671121957062269,1.0805602671675585,3.3971318981564873,0.0022096134993322834
21,2spl2,1,0.7565174306510496,0.425894182728292,0.6134549979823711,0.3601050193869871,0.05519228414940361,0.1547396615791242,0.10336624960052102,0.10990080760866332,0.0586619115826558,0.03723343774236335,0.6942549713259911,1.182694376964266,3.305775252714027,0.0004784869671820726
21,2Item1,1,0.6350369222964786,0.27065852681773345,0.5172881316729789,0.2790951456347359,-0.05629417282489332,0.09087082001667234,0.10182808430990394,0.15991230702782466,0.04509448398276896,0.028733454470632268,0.5232258575489868,0.969771528030031,3.4476414369804553,0.00168149718621245
21,2Item2,1,0.7131119197387875,0.30475546544425286,0.48939249085874464,0.2716718462307601,0.0012386317277727002,0.15651763539318042,0.11563305739424555,0.15040110008594743,0.04047360883138995,0.03972776898277904,0.6227219880034769,1.1217778674924357,3.464120269276015,0.007812590288626532
21,2Item3,1,0.5107688342189315,0.19360859903954344,0.4063857654685609,0.25247804500539134,0.00349110252165834,0.21348234865675839,0.1718790306366224,0.20713507762377847,0.0424610886060409,0.03065193880315456,0.4764157975363576,0.7668334023600973,3.550671874544553,0.0054135638969560525
21,2Item4,1,0.5121256182050313,0.22888849938821196,0.44272392765476204,0.21067664203561334,-0.04665337679445779,0.24822030535054393,0.1746948049892311,0.1842563419239685,0.05277161808491919,0.03418908482464352,0.5170005156118411,1.0864445915322472,3.373344108595906,0.010803448444129362
21,2Item5,1,0.5768765881966367,0.2736526755848256,0.5005473315253369,0.2639510702809763,-0.02118302929690632,0.19534373382863204,0.17174194779662558,0.17059914568547813,0.04735928241883706,0.031199166097978414,0.5467068902439386,1.0367553132357696,3.3454433300587136,0.00703825240850985
21,2Item6,1,0.5503608511503074,0.22342369555508929,0.48009667784849935,0.25931190280075633,-0.062095239090525424,0.15598613758617397,0.18892497825018953,0.2070912973666857,0.05649241245488638,0.03701497969977879,0.4653722997854636,0.8616021566320304,3.2832595244427742,0.0059501627740023546
21,2Item7,1,0.6653669085537753,0.3461096681723956,0.5256452511805619,0.1993648112267081,-0.03567250441304321,0.20037307982866068,0.1836674544978773,0.1931678246296754,0.072181741546102,0.04397494218172506,0.6584472450509361,1.7360619675392681,3.364194005351561,0.006535207675851749
21,2Item8,1,0.6795010997165144,0.35948758849346046,0.4688572098541735,0.21613368099845198,0.006602538570417615,0.15633073224616514,0.16699454131572056,0.19173900635887198,0.09328435309519466,0.052520891566491805,0.7667314913180896,1.6632649995572426,3.418736267867781,0.005281125926264701
21,2Item9,1,0.7269811262347678,0.3367703773382857,0.5272464294929824,0.19462977150192154,-0.09162733901940205,0.16808594724116718,0.17181152656968623,0.1752035764850609,0.0913865599001943,0.09254231304626732,0.6387342955046674,1.7303127523049477,4.2735120050748785,0.23136313272455353
21,2Item10,1,0.5607896665216175,0.2850189326837358,0.4902527419733284,0.1532823705948833,-0.1011162910315784,0.2139520437292117,0.18471443552313263,0.19123768077220402,0.09203808405508193,0.06478586929986466,0.5813714186587261,1.8594371271670092,4.113744242518773,0.00586049432244186
21,3spl1,2,0.5044384448241735,0.18613527418196008,0.42967859791687324,0.26080713285191465,-0.02803871343780991,0.1163450437135841,0.15874045102468543,0.23664542214389997,0.0618227642464014,0.061247910176032976,0.4331965209604733,0.7136893513336449,5.513599798581507,0.0031706293562248876
21,3spl2,2,0.8243022613398817,0.3868541182680683,0.4270250348856767,0.3765911079528581,0.07564800079073587,0.2194572358320761,0.29828834470623294,0.2785276697985412,0.11053442587994354,0.06451617228251928,0.905928425169987,1.027252394098595,5.704582563434709,0.037309888016184685
21,3Item15,2,0.6200299551944024,0.2606874686601782,0.50498349319207,0.2749679566403149,0.06104726880175734,0.14161845138788337,0.157572204586234,0.18778592398799004,0.04816249695910375,0.039555646817527844,0.5162296820755611,0.9480648978059582,5.71974824458305,0.019171542974157466
21,3Item2,2,0.71144342598375,0.322546643390625,0.4877695844052083,0.30548737562604167,-0.02790141685934894,0.17145889437448536,0.24455934977839355,0.20761580174255032,0.08160825124137056,0.05343550269864142,0.6612684616706339,1.055842787852626,5.843292256171273,0.003777578179350011
21,3Item5,2,0.6173871008919308,0.35655700064361195,0.5301259524747838,0.2751761070604395,-0.03201904522574446,0.2597806135300961,0.2565000081552102,0.2911800907925514,0.09156522565682432,0.06601143058892783,0.6725892182914454,1.2957411279517697,5.987335981262395,0.03493897401699836
21,3Item12,2,0.5647186504776512,0.22235960222609794,0.46004881406484327,0.25118987425284545,0.03222953694292313,0.18101734692697985,0.19660753082994192,0.2084287374163269,0.06969106252191905,0.04413236825544045,0.48333914781360027,0.8852251787707317,5.9277601728129055,0.0044221740644776256
21,3Item6,2,0.790496290350567,0.5232761109332789,0.6246764172199799,0.3086191331485991,-0.019668130476200814,0.2579411589375842,0.19181863585641493,0.1735577821408697,0.10296700893399537,0.07745858398615242,0.83767546792363,1.695540078475248,5.8317550509885,0.0006051853331459564
21,3Item8,2,0.7582739494781635,0.43379291951543525,0.5637392827804936,0.2775845261305733,-0.023944864531921448,0.21497154354711903,0.19519702559519186,0.2563674469218048,0.07368436799927852,0.04471417243490216,0.7694920896879411,1.5627417133066026,5.899318192171085,0.0033663389428056087
21,3Item7,2,0.6873815154389736,0.3305290749464286,0.5266902240742979,0.27657128308929263,-0.054518045237747934,0.1892183481394715,0.2461515788348107,0.22693625844738005,0.07713752918022226,0.07210877370614455,0.6275587797358538,1.1950954201005024,5.796554551296144,0.001201807283524417
21,3Item9,2,0.5145280966141951,0.2949299063577558,0.4159813643271213,0.19703775279579697,0.06778102074345757,0.24014035776407408,0.21841732060123226,0.12220117512109596,0.08115297934513303,0.06223016329033408,0.7089978805320462,1.4968192677602832,6.085752088738649,0.05485043994487783
21,3Item17,2,0.5936034012453937,0.3264063983691733,0.4922245405562885,0.2524753800476034,-0.022460725311345648,0.23155471283246123,0.2357605572620179,0.30208577034756084,0.09034978104530221,0.07063446294182316,0.6631249984756133,1.292824658843194,6.010160585700363,0.002155647437971512
21,3Item19,2,0.6045130842215222,0.30216759753278727,0.528753183631292,0.19933839510502355,-0.027123032796332314,0.19480362457543174,0.18171260145312737,0.2389939053305306,0.08657979390893825,0.06321126188091969,0.5714719198211422,1.5158524571131147,5.846628079112022,0.001059228661430922
21,3Item11,2,0.6773240031923512,0.35549955142614925,0.5386967237985401,0.23827338652656366,-0.07160263257262621,0.15675222515326473,0.1681876442865585,0.2355728167809811,0.10350659715776332,0.06933987246095137,0.6599252140600962,1.4919817740305419,5.97098079129119,0.007026884686868536
21,3Item4,2,0.77729833726353,0.47155568882269505,0.6243125566629434,0.26229786233796987,0.019376521447198574,0.15427912166017035,0.22684039768566577,0.2224099922152815,0.1138631030582761,0.07696630652698222,0.7553198843026967,1.7977869999463059,5.8541431009392975,0.0005486822688730882
21,3Item13,2,0.7348701626902376,0.40082455219963836,0.5624772187489671,0.23844007699571546,-0.014764443907257226,0.22916223467818062,0.20769872121321842,0.2315977958154598,0.09941332740579072,0.046726546342448924,0.7126058409592586,1.6810284393835873,6.04319985906791,0.02682807377819126
21,3Item10,2,0.7328454412979746,0.5519206058901753,0.7147731946426845,0.2318738474524713,-0.019342536149969766,0.3083833053861806,0.22256810404199226,0.2354639131663928,0.08064000787429024,0.07267042716040435,0.7721618679249981,2.380262412400966,6.089646209108628,0.018993627362275507
21,3Item14,2,0.9295470281178838,0.547738318726516,0.6200382214259282,0.2604636288175433,0.07145742953807241,0.17128932469926103,0.19734481069648474,0.19141363734363523,0.10261202291977885,0.06771895002759035,0.8833944407224841,2.1029359036047017,5.997696432674514,0.00047674030287393277
21,3Item3,2,0.8115799996325104,0.4607422796008231,0.5521099519547326,0.2417458478631008,-0.090911182855535,0.25501894006738224,0.24422689041503848,0.3095209454133231,0.08799073734807641,0.1010107266538461,0.8345118162334584,1.9058953101682363,6.02722837077689,0.00878629075274337
21,3Item20,2,0.6532768071394478,0.3481948777072548,0.5200225523551121,0.21431725310485242,-0.04387579047275834,0.28211386359136775,0.2445573610130359,0.3478631605166501,0.08584994648551907,0.05380141509095417,0.6695764932900519,1.6246703008657633,6.152184948908592,0.009266788598410803
21,3Item18,2,0.5894008110910747,0.29963262113233147,0.49063080973224044,0.2585078106371585,-0.09087244653843808,0.18037296497614663,0.16245547864479412,0.15729521820801767,0.06713597692303451,0.07214891490268266,0.6107089375107643,1.1590853647119017,6.01146780371519,0.005362697451623804
21,3Item18,2,0.6287670857580892,0.3444136942925824,0.5028052332364163,0.2564507529230769,-0.07594279424008697,0.17984126794946736,0.16654817636492683,0.17152519442877212,0.06794473914303352,0.07323036365361596,0.684984305733462,1.3430012937138418,6.005710465336471,0.002264771373026789
22,1spl1,0,0.657911389999171,0.4435569517251719,0.6806873659606193,0.6847846705955865,0.5223995640697391,0.1610779563713706,0.11322807297471797,0.07135215356201315,0.009422328444475258,0.02186165158451726,0.6516309443287106,0.6477320099640366,14.538353253342336,0.17726102490401463
22,1spl2,0,0.6868623601905436,0.49204696666050696,0.679768658808763,0.6226218931185095,0.45275246165253513,0.17005046824522368,0.0962461873240544,0.06835469236869982,0.014025750100562243,0.03310297387332735,0.7238447368240437,0.7902821460480974,13.745064462728974,0.08158157089671651
22,1Item1,0,0.9378498885037624,0.7442433523093677,0.7865548462282724,0.6517943176741134,0.41650686081044386,0.13087205841267935,0.10294837778094715,0.06156639575978116,0.01302154431555363,0.04369821535746552,0.9462065549935831,1.1418377408126463,14.251012676927742,2.5473190140246555
22,1Item2,0,0.6468407263072832,0.5137677409747582,0.6670646663677726,0.5983115712769638,0.3979975686161782,0.1472885406807771,0.08613106906930382,0.0794565469504905,0.014663003686930838,0.03390738053861675,0.7701918061438904,0.8586959784507235,14.536205601760352,0.3656803487096385
22,1Item3,0,0.7835004056942549,0.6060494548249804,0.7749733491995511,0.5866673851862657,0.4273919849133304,0.14316266838882546,0.08924745090978713,0.06289962353366257,0.0211100827178914,0.03373543714079837,0.7820261879572069,1.0330375764787458,13.506269218909972,0.03590128053625171
22,1Item4,0,0.6689432373159445,0.5703018741773306,0.6651635859104092,0.6717639817716616,0.49762302882870507,0.1866742041827105,0.10296204452561676,0.07592367587561771,0.016229010159399346,0.04332681427037825,0.8573858903285764,0.8489616722592005,13.477944327248888,0.2569083177376432
22,1Item5,0,0.7095864234239996,0.5736678731771105,0.7077348447196776,0.6912448880734632,0.5236430605276755,0.18793646305465092,0.1300869134691549,0.0923681099916957,0.028366707618772576,0.053523803550341614,0.8105689251371567,0.8299054101449466,15.909084634317926,0.733855998994689
22,1Item6,0,0.6519066633481013,0.5774412879829715,0.7321984734244494,0.7305735201228231,0.5748009295940231,0.20940522137683884,0.1485716600733018,0.07790042888828483,0.017520859796942102,0.03914826055938236,0.7886403866613815,0.790394493213357,16.297676301556812,1.347580261368699
22,1Item7,0,0.8408251810286854,0.6852445298404404,0.8477275643263282,0.7663234237197556,0.5980565466874532,0.18073751985721828,0.1310738252265659,0.09676173539502146,0.010986812240568525,0.025656274827489126,0.8083310698722639,0.8941975512376309,15.694122325931973,0.09503418470557765
22,1Item8,0,0.7667163614844735,0.5746326369657404,0.7301672039167942,0.7596826862984793,0.586367888910492,0.17696723968857386,0.0953739861646055,0.057508361307892844,0.013579801615581913,0.03238108837817636,0.7869877380088884,0.7564113893515217,15.157658650117764,0.138411472008259
22,1Item9,0,0.6519263212687896,0.5180731138547946,0.6971115274937236,0.7959736319823598,0.6020842761339191,0.16284516498000426,0.07646964714777223,0.04393675807772067,0.013471106330330334,0.0341173196700015,0.743171060410112,0.6508671800015216,15.50596194622462,0.32133863140282043
22,1Item10,0,0.8440980070668637,0.6105406512559276,0.7497056856136802,0.7565285271818403,0.6142312384947117,0.12870296312643964,0.07802904439799675,0.055152928069178306,0.01869906080677824,0.03910582960971155,0.8143737764797512,0.8070292507319397,17.213851701193143,1.5375191860902955
22,2spl1,1,0.7002217851950742,0.4680785490361813,0.7260469249694858,0.7658711560058848,0.5088517617807323,0.12596112653232636,0.06094120109288932,0.05022516517664071,0.013747034701483222,0.021591890712802708,0.6446946227492928,0.6111714023362609,14.933483086793188,0.013315050876970148
22,2spl2,1,0.8735849388142098,0.6694210019060026,0.8170464844347728,0.7277933283348406,0.5455846478165273,0.11865684895508584,0.08531305082687617,0.052080777283571474,0.011182660715755046,0.025211941192962585,0.8193181340836261,0.9197954624258693,14.59401761803811,0.07387425705088455
22,2Item1,1,0.7950202625146645,0.644482148353833,0.8041769375081517,0.764794645067359,0.5927591887373433,0.1385430453900205,0.06832226271550663,0.05446387657100553,0.014246004509655378,0.02154277229359791,0.8014183415274599,0.8426865324800803,14.906334144801955,0.04250281678769836
22,2Item2,1,0.677441563233447,0.47585132971166255,0.6786450450953422,0.816152427252524,0.6481938775062278,0.09472687691760971,0.07365229327481321,0.04486141310663462,0.010224914472867429,0.024633691594108272,0.701178521009657,0.5830422274556174,14.6122638109573,0.14095090070134544
22,2Item3,1,0.722529326419489,0.5013311180095403,0.6612017586267767,0.787291345893559,0.615837858777593,0.19893393875911713,0.17000364948600571,0.09793083739301185,0.011217044459510918,0.017808254425663833,0.7582120142761307,0.6367796623037442,14.016777716035884,0.006326468462081427
22,2Item4,1,0.904932680498275,0.6692136490371257,0.7962805251074401,0.8188340789039303,0.6682479682270659,0.15255115727138724,0.09515268929789053,0.06344053650021989,0.010963185710298542,0.03241866707100129,0.8404244824478232,0.8172762534696176,15.441179906671886,6.485363409799372
22,2Item5,1,0.7341225466341362,0.6070743850300946,0.7490776485830491,0.837748109757467,0.678460090211959,0.1619177972815332,0.10842338557251913,0.06828390939546157,0.010183048707562384,0.01571275311301747,0.8104291796291129,0.7246502585140967,16.740428862180554,0.5063436556549016
22,2Item6,1,0.6936551508344083,0.5901223036444182,0.7450701634624546,0.8471926792425097,0.6427263450542184,0.16062007854066826,0.11170380368258952,0.06850413269357455,0.011173887148040094,0.023229212139463766,0.7920358803659431,0.6965620896010281,15.411213199101413,0.16916046805768345
22,2Item7,1,0.7613426323071606,0.5432330161925129,0.7339728128567401,0.8881261198374135,0.7370370315950736,0.12589742863356768,0.13066423737648086,0.09531977868211607,0.009687340257930077,0.02485265770352769,0.7401268901746317,0.611662018993765,16.02186570918717,0.2617559059300169
22,2Item8,1,0.6750540045922717,0.5158015921385212,0.6926422570228271,0.8430417169010417,0.6527693654634604,0.18332908636636483,0.0969349957497177,0.06791202861733057,0.014651211954100745,0.019617224128997888,0.7446868656424398,0.6118340067710235,14.876423780317424,0.27881867076978506
22,2Item9,1,0.7393352841592724,0.547178762101257,0.7609466457715913,0.8285938841104703,0.664117675629991,0.1623401559022037,0.08510868852800453,0.061419086388856195,0.01215000295722242,0.020377375952840702,0.7190763825857299,0.6603702633266546,13.863529995098725,0.013315119001661534
22,2Item10,1,0.6042945930988485,0.4806800447523368,0.6397208376031802,0.8854526021971487,0.6979768642177747,0.14099333737698452,0.09868263810448691,0.057778297537662344,0.011510164174084599,0.018423135032714238,0.7513903186300663,0.5428636643189267,13.383067260690508,0.04547366120267968
22,3spl1,2,0.49435745726387353,0.371385546490878,0.6780531380115327,0.5384466283117559,0.2879290521670677,0.15490572183513088,0.09572983717860849,0.05351275941185475,0.011563642781562043,0.04332009999304452,0.5477233643255227,0.6897351125878235,11.624048898118282,0.0011715223296157398
22,3Item15,2,0.5997840759911657,0.4715849764157307,0.6531542392254034,0.5025928988295635,0.32177809466229046,0.12136734648737799,0.08383290197399702,0.04786796105232925,0.018775705865102618,0.03150417107091385,0.7220116587668279,0.9383040957714525,11.412629620505498,0.0036633779917671274
22,3Item2,2,0.7689648063668149,0.5771622670317886,0.7521673092834731,0.5676704698384268,0.40485480401233714,0.14928077836114104,0.12483111755393461,0.07434575776966935,0.02302392472553537,0.035338399666392906,0.7673322931493401,1.016720609369275,11.194575515133005,0.004484228310078238
22,3Item5,2,0.8224636953673677,0.5145923883031505,0.7583700400052276,0.6375370573223538,0.48548098434030346,0.15429767446196715,0.12335437405888591,0.07842444993298668,0.018006723992217116,0.03429100439886741,0.6785505234635228,0.8071568257651941,10.97152218240066,0.003738603077438138
22,3Item12,2,0.6632364543668114,0.40020774638399753,0.6198394166649456,0.6013760875826086,0.3953666934575163,0.22376929114191918,0.1318593225064137,0.07082028009878982,0.024874850110351787,0.05000647702630961,0.6456635944381485,0.6654866297182725,10.877307251554708,0.00578603650529369
22,3Item6,2,0.8739305339602182,0.6504603033337432,0.7706945148810941,0.5901894572357644,0.47100357752535094,0.2336761646544559,0.09040033710540861,0.0583229929299872,0.01736406269177241,0.031055000974977282,0.8439923859975914,1.1021211820321979,10.861384957263846,0.03140181782349384
22,3Item8,2,0.6586131023056768,0.4630397564975122,0.6423251498455108,0.6326551536498044,0.4955426710922287,0.18221044122717733,0.11897924351900445,0.0703543773251896,0.02249025156137093,0.04506508330626818,0.720880625471383,0.7318991287660023,10.883645442738626,0.008751391404417242
22,3Item7,2,0.7618013032130435,0.6490683518583785,0.7600498522610204,0.6419208134712159,0.4148008688051379,0.18111821161150832,0.16048592933293918,0.10684805574576495,0.030188654504437612,0.04328225903201224,0.8539812869820685,1.0111346091699027,10.711700301916087,0.006677388255106226
22,3Item9,2,0.5343909139735906,0.359153466389714,0.6787240267297482,0.5919456215722496,0.3701986633882047,0.12761084871180578,0.09157270071610393,0.09610202560430672,0.024566544135194004,0.04547101751597235,0.5291597935482556,0.6067338834757203,10.500843160904134,0.001098895567260579
23,1spl1,0,0.3360454528927368,0.19359299320601214,0.2808216581259724,0.3307846545460393,0.0960271684445057,0.29690677997697784,0.28345776655957394,0.22844633352655336,0.24987185613595958,0.29574989902197574,0.6893805620568932,0.5852538500809251,1.5327689115214034,0.00032312872183493243
23,1Item1,0,0.32623091124883785,0.19096903199395912,0.28164112745902214,0.3661883119225643,0.19101381184005492,0.27009998995719847,0.2939704081021525,0.23647485746810523,0.2624041283946281,0.3095219732289537,0.678058041589421,0.5215049887032911,1.4984442198092047,0.00015439116305456316
23,1Item2,0,0.29477986062997635,0.1833354198131741,0.3056914949314804,0.3525037392546161,0.1722981160713423,0.2308563715266866,0.2943474018186831,0.21878356198642296,0.2791602962150879,0.320852182543555,0.5997400066839544,0.5200949631931552,1.4782189249183808,0.0003592079102301694
23,1Item3,0,0.24397898026938575,0.16813381875201314,0.30475579218323146,0.3748030753473188,0.18246536406642552,0.2226767340243217,0.29392144137060366,0.209957120826946,0.26555956999522157,0.31320229702285635,0.5517001563639655,0.4485924192260592,1.4385401246413365,8.872868047878651e-06
23,1Item4,0,0.27679908563236477,0.20140545859086442,0.301258538281433,0.3808562208337936,0.17637151962961917,0.24113347139461572,0.2878274112630039,0.23080126933071052,0.2675770469755844,0.3131343578527019,0.6685468869073724,0.5288228130319429,1.4487805763557977,5.789706470845754e-05
23,1Item5,0,0.30699668604219044,0.20672093505819422,0.30113892127294023,0.39021028061911783,0.19798273508882486,0.2555874423276145,0.2733517589326766,0.23014464287456748,0.26630663501929475,0.31845039676441605,0.6864636875828048,0.529768037378301,1.4435190540453697,7.665716856842816e-05
23,1Item6,0,0.313733425436307,0.20097203254424734,0.3284369834532187,0.37151036862757053,0.22078356932081789,0.26196519366268933,0.3004667099734993,0.24070127572814723,0.2747618203071942,0.28044361524015854,0.6119043897532588,0.5409594158723391,1.4516853516853518,5.679843138680612e-05
23,1Item7,0,0.4124420096167933,0.24417434376708355,0.3750656543734927,0.40898749536845685,0.2093701448049129,0.3699616918017011,0.31964900624763914,0.2949019559803608,0.24818553965452225,0.2986031683325239,0.6510176025686308,0.5970215371745909,1.4324399369367247,7.255560841179999e-06
23,1Item8,0,0.44201305283804865,0.2852849909260825,0.35972805325050217,0.4034941390128441,0.22601269300097745,0.3879616981555366,0.3298319631488794,0.28204968247302015,0.27199632173814026,0.287372524303228,0.7930573875325828,0.7070362680285797,1.4388579303833542,5.1389326555309546e-05
23,1Item9,0,0.480427562436983,0.30598520632194404,0.2829610707496275,0.37308405420273716,0.22624328057920293,0.3224841735769471,0.3055201399768381,0.23262714739357432,0.26371494644735,0.2837175655862888,1.0813685586853055,0.8201508535540843,1.4680083593369788,0.0009468795141698221
23,1Item10,0,0.2368248325256593,0.18728763359649475,0.31150647940464554,0.37585668650416854,0.21032977151444335,0.28585540246056834,0.3207122457227519,0.24440510469046633,0.2616237783936026,0.2886991376993346,0.6012319016709025,0.49829533389483077,1.4983167626024767,0.00011075740630199751
23,2spl1,1,0.5768311721415555,0.2907363126079266,0.2926179793924421,0.5637981850247235,0.3376048227787289,0.2680186419289219,0.2983882590821897,0.22337277915511003,0.22889825303687253,0.32682685432769853,0.9935695414820649,0.5156744377946213,1.4332608138842342,0.00026050623754272684
23,2spl2,1,0.39308422835240625,0.2507884575831377,0.2917097700586855,0.5767034395627934,0.3377695959975841,0.18979436030727326,0.26765162193786884,0.22021006136212615,0.21436138990925213,0.3226603343877195,0.8597190854216696,0.4348655477733899,1.4243862155929508,1.1839031085755902e-05
23,2Item1,1,0.4714491583798871,0.32229744538786664,0.3519954899453675,0.5613910277328776,0.3416778130116384,0.19608575232684733,0.24001063215539462,0.2229574764735203,0.23684024045787896,0.31645585638596696,0.9156294716226627,0.5741050869931571,1.427290982305588,2.8214922417370213e-06
23,2Item2,1,0.4110834067044913,0.36729861008858367,0.4925246850940411,0.6726515462415807,0.46697826396604897,0.39712553710491627,0.3620663053967238,0.26150914659737523,0.34829828891586606,0.43036115083348814,0.7457466000363133,0.5460458860085986,1.4331776388484183,1.9800723818775648e-05
23,2Item3,1,0.45202169248369994,0.38045669452263037,0.4727754151036049,0.7288504106141594,0.5293570804293454,0.2996717006732853,0.37226275820548166,0.24984324346778922,0.37861355490458337,0.4545826718508156,0.804730283266794,0.5219955816174218,1.4271530408869462,3.682869313681773e-05
23,2Item4,1,0.40770498083579687,0.35166444642787625,0.4916581570424052,0.6356927916336959,0.46033110798257004,0.30510015945890157,0.33544564962090084,0.2301845878994332,0.3424879332771645,0.4200757111798227,0.7152620996427063,0.5531987313729311,1.4347357494644317,1.655586755933148e-05
23,2Item5,1,0.41691811999156425,0.43663251022148647,0.5733550226747512,0.6556396321683783,0.5245206143465642,0.2508656258804107,0.37488799989949956,0.3423510120241417,0.31399790775816694,0.4348799956342536,0.7615395212254672,0.6659641793029809,1.416843958111746,0.00029485574017852547
23,2Item6,1,0.24697188136398607,0.2215830642339161,0.46300194271791956,0.6626960703058595,0.4816034276667352,0.283962761140052,0.29050774883537794,0.21836527532938346,0.2975731727939583,0.4107218167668649,0.4785791231341221,0.33436604475001797,1.451358955843449,4.7312002270365445e-05
23,2Item7,1,0.5063337177887985,0.31470644176285356,0.481088377389406,0.6477130113614786,0.4251035778542241,0.24772084623151822,0.2818093457358088,0.2556329545431357,0.3104404605083945,0.401018151354043,0.6541551529813127,0.48587327374429956,1.4233154904796697,3.364892379419842e-05
23,2Item8,1,0.43982737846071773,0.2125595807893781,0.4789490908198165,0.5041161160997687,0.18281714158778067,0.2891488276209946,0.33914349576737723,0.1833489175016205,0.22711598006416397,0.32857555803429833,0.4438041211890308,0.4216480560317234,1.445176952219206,2.4422351194910275e-05
23,2Item9,1,0.4095146221565276,0.25925117064342806,0.5007654965593722,0.6131221183908192,0.3654279919300066,0.3172897209119704,0.3233835991499218,0.22612687712883253,0.3252725969101126,0.4514053112263398,0.5177097302169675,0.42283773891735094,1.446846070375482,3.08911220263652e-05
23,2Item10,1,0.42047629948688764,0.2555593431206454,0.45716420390127804,0.6645186538281319,0.4215764476693532,0.2642201642186529,0.28739453972064133,0.21986803144811334,0.31449107467255694,0.33551689028619114,0.5590099583055325,0.38457813225234755,1.4482120016826023,1.1318837231941176e-05
23,3spl1,2,0.9513299299033211,0.5639265936278088,0.4834004298850093,0.5429133574972066,0.30513722779353036,0.3550365521617076,0.2809703668165769,0.2826056963144654,0.24597720074591833,0.3114519531042487,1.1665827285163404,1.0387045829720736,1.540256573540377,1.3190778627924883e-05
23,3Item15,2,0.4174502127148216,0.282737506372711,0.497516261088428,0.592605071400824,0.3654142797014409,0.25835804306993077,0.3262615981589702,0.2053906552809279,0.27388312185741664,0.3788061383478062,0.5682980194172176,0.4771094942323985,1.5862796918296411,0.00023250963281830556
23,3Item2,2,0.4144080736174617,0.3242427034227982,0.5130455950814703,0.72594513658007,0.47814972990504806,0.29360747537844095,0.31813041780310525,0.25486074236224604,0.39266255775627196,0.49978256161040535,0.6319958808715889,0.44664904637788144,1.5972790003324349,0.0002665821476267974
23,3Item5,2,0.42713622381044447,0.33726950407993717,0.5381136192720603,0.709495426087657,0.4654050338350718,0.23370959007858785,0.314588761950085,0.27453447872025694,0.37277522709039135,0.5112527649918022,0.6267626229371782,0.4753652965239874,1.576467786561884,1.8081616914320147e-05
23,3Item12,2,0.3314976599248492,0.3129117177979316,0.587561288595264,0.684761482621627,0.44812942383272136,0.32247115908223933,0.33464355105028637,0.25490720817017126,0.3412848093483761,0.47760248780035447,0.5325601317497922,0.45696454208110027,1.5553678438018252,0.0002718088266192623
23,3Item6,2,0.34116573168250824,0.3010967031504902,0.506117616819853,0.6253469206036764,0.3959902909059641,0.227676735989226,0.3182753999686084,0.2784800350380281,0.313995676787153,0.41834677757545147,0.5949144873626239,0.4814874635959511,1.5214274267399266,3.0556476704956715e-05
24,1spl1,0,0.48599157185082,0.280546073380644,0.440126685648196,0.08699987602874402,-0.24531608062547883,0.10901012173622038,0.0695853756727284,0.08593786529140729,0.08955606127374455,0.06748763215942302,0.6374211832442038,3.2246720680760728,1.427342604001643,0.00024161027654892033
24,1spl2,0,0.35569120204636784,0.17488712285179162,0.37644635896479134,0.07444623189533849,-0.2355369097618408,0.06215126168472016,0.06491076141117273,0.06323481806249454,0.08037104719560755,0.049021977348533856,0.4645738183473168,2.349173571987983,1.4778501734253946,0.0017159199001900106
24,1Item1,0,0.4993350438762483,0.2739809500168371,0.4629438641906791,0.07779136778237065,-0.21016743724195744,0.15874247223040094,0.12142701026674965,0.12361366415842046,0.10296889372491834,0.05071704581409137,0.5918232654492327,3.52199677554623,1.4974663786715436,0.0004314635217826286
24,1Item2,0,0.497244457034838,0.23134434619030422,0.4914817467393577,0.08221179370500058,-0.27602764074001973,0.09697962686439164,0.08723991829374024,0.10241431710771386,0.07675023681249231,0.04731385321527534,0.4707079098143653,2.8140043289461554,1.4738980830982917,0.0002708312213825675
24,1Item3,0,0.45071167058478434,0.21566799249610738,0.40614992840731284,0.06733388962610154,-0.2617957131376439,0.12578043758501187,0.09495584193092584,0.09971354947750563,0.07555697911381264,0.037105932545466166,0.5310058598577814,3.2029634778374905,1.4149022233470778,0.0010935255959067408
24,1Item4,0,0.583005457810268,0.32443532463884306,0.4838522108412684,0.11932622426561106,-0.2751063025266185,0.152808021545835,0.09811031945300722,0.1161605813569504,0.08298421875012063,0.05934656180365026,0.6705256619665442,2.718893721113484,1.3122682539492143,0.0005439039308999719
24,1Item5,0,0.3520366062740057,0.11571803912314,0.3336984575414283,-0.013304427742769335,-0.33026597245635264,0.19413464414557674,0.12597976512292713,0.11152885525891099,0.07546910688978482,0.050097572066277136,0.34677426928771304,-8.697709518828402,1.3010504114415247,0.0010906305658423938
24,1Item6,0,0.35749243216734533,0.15252795528857527,0.39197321506986693,0.029727303477276215,-0.35326212644016036,0.13945698770951004,0.08858096922876699,0.09063025908099834,0.08675261493367764,0.08792307475978069,0.3891285144885717,5.130904330904567,1.4497868223167791,0.0024112625184071652
24,1Item7,0,0.6365140582381559,0.3489926087794081,0.5234270426581075,0.11512797165379196,-0.2594437207712658,0.08836763392139008,0.06110061029853163,0.07850024432337409,0.07726082609677634,0.0697401513926437,0.6667454672199998,3.031345039218958,1.4604947444805094,0.0006912076670500043
24,1Item8,0,0.6676838012442416,0.3647178446163017,0.5918233775603203,0.16015155462946068,-0.24338916717568937,0.12170139409966935,0.11417316541464148,0.08920845204431323,0.09091161263669252,0.05459293425503171,0.6162612999566198,2.2773293907936916,1.4680992134480502,1.7834975019037085e-05
24,1Item9,0,0.6776608921824562,0.1890782523050877,0.4039896948736842,0.27776598439298245,0.16705671730447372,0.24739047883379364,0.22017455158973806,0.12624441623754637,0.03552487425603077,0.09219646425095358,0.4680274131650302,0.680710606223366,1.460298675683291,2.9217013416251976e-06
24,2spl1,1,0.652883921936576,0.3861569822344876,0.47454746260662806,0.08750706391927084,-0.4067427017245884,0.10515715463732915,0.07277173418386618,0.06069749323621926,0.07084699450370859,0.0738338221016971,0.8137373220786804,4.412866350742475,1.8331133181173276,0.00041233887272232897
24,2spl2,1,0.6020547899479073,0.31818356458647784,0.5037496429907767,0.0006907878890291257,-0.4066859352200971,0.08711767907919546,0.04041876956613799,0.04435081900522635,0.06055164851646524,0.04367405631603961,0.6316303512708855,460.60897857472963,1.7389094693263507,0.0005998425304188036
24,2Item1,1,0.5359005926719964,0.31061674065085176,0.4646947422513225,0.10765021419974224,-0.3412514466929169,0.04393904414614986,0.036950129674723185,0.043999761553412856,0.055150319974411686,0.03251804627674138,0.6684317934770779,2.885426100398502,1.6865810834449464,7.555165059413706e-05
24,2Item2,1,0.2787246455717615,0.07270511298171385,0.3210475343611499,-0.030271129716871268,-0.3994584658808593,0.1819914948860781,0.14348061887997607,0.14019951315919763,0.07350754268760032,0.051987586583578965,0.22646214337053566,-2.401797226054293,1.6586132780490146,0.00043509517102050313
24,2Item3,1,0.36220796800433325,0.21216757595261707,0.35597263746166685,0.007807369330738424,-0.3984642390245923,0.10784295460786379,0.09657807783460134,0.10950294425357258,0.06510093543032867,0.03809091402326005,0.5960221461669011,27.175292955848576,1.6557488488522973,0.0001064618299654368
24,2Item4,1,0.4367654055166533,0.2164478821091001,0.4135560641868305,0.09675772289891169,-0.22584279284646067,0.1781691123610786,0.08540333336514921,0.09020942338778574,0.1035165928469268,0.11972696218763133,0.5233821973117873,2.2370088235564074,1.6274903321883185,0.0025376488442860733
24,2Item5,1,0.7441756874443961,0.48601426432791645,0.6309952174223723,0.16301103564670735,-0.2671668126493459,0.16591195653754767,0.16395941976856046,0.09516434717599849,0.07692836775920855,0.08790445676869936,0.7702344647603824,2.981480728702141,1.8261118192152677,0.0064248607163480565
24,2Item6,1,0.6042578784013392,0.3593437170348032,0.5475336333273287,0.16584731169649802,-0.19229239990008296,0.08364479537026051,0.06032699393093189,0.057383543379974776,0.10914520872311652,0.15457810541810635,0.6562952383304711,2.1667141371919922,2.013659579325302,0.0006164698743045485
24,2Item7,1,0.42538699482295456,0.21808965661302324,0.42502135462217655,0.032387248719946325,-0.3848954684646202,0.08119707455729248,0.09843939470777699,0.07165672190815868,0.05767193299968482,0.03538645473669483,0.5131263493660643,6.733812179140004,2.063018139402979,0.0027162655411190366
24,2Item8,1,0.5319683472646333,0.2838930161011135,0.48072954250517824,0.11661483534877322,-0.25636679579950067,0.09200251834406994,0.07047823774781396,0.0784188036125443,0.06659177996894758,0.10367616648446895,0.5905462227911846,2.4344502379786603,2.058007004542801,0.0019011766972697902
24,2Item9,1,0.41077436807248985,0.18602479649746215,0.3752997502932674,0.026234753934293007,-0.33843703230218175,0.10844697288039762,0.06819584867217653,0.07438583840705794,0.05942941006711493,0.05496805269976022,0.49566991679698263,7.090776985086226,1.9616803144362196,0.0008693195504177304
24,2Item10,1,0.4097335526226103,0.19903012099595593,0.38613532721542526,-0.031686062677604335,-0.40610537625195847,0.14811332346388162,0.08912314133244943,0.07831905101450352,0.06763360537883416,0.03913079707316264,0.5154413658957329,-6.281314573613614,2.1924897393778573,0.021568008012636333
24,3spl1,2,0.7014017049024329,0.4091383572250126,0.5553392142042575,0.10651364067028639,-0.3480985505370755,0.0661172787257269,0.06151551382136338,0.04874376678833166,0.08583370094584938,0.13959511199889876,0.7367359372856981,3.8411826955602817,2.6170692431562,0.00834785624077128
24,3Item15,2,1.049275846097122,0.5487656429496404,0.629898958057554,0.2547945124928057,-0.3021607566726619,0.023762821266132505,0.011849423482973841,0.044645768236803496,0.12142607226892269,0.0980498825378444,0.8711963007062209,2.1537576905679137,2.53021978021978,4.490102606272017e-06
24,3Item2,2,0.6809957906037267,0.397107913315052,0.5663392298665749,0.12768750802556628,-0.3594044939121855,0.08924299700859856,0.1099448649269003,0.11244576541326416,0.11221889322528596,0.1167350877123164,0.7011838341261009,3.1099981223342756,2.576940443461231,0.001366068227046724
24,3Item5,2,0.5495343478171154,0.2744573880255213,0.5129196451933102,0.07017426452497827,-0.38769706544339705,0.0503283751228159,0.07921078507483584,0.09874508224711705,0.07992575543891482,0.09271905661933011,0.5350884686567128,3.9110831580820635,2.53473773805724,2.4976415371715948e-05
24,3Item12,2,0.665821388694187,0.2729701130939343,0.5112571723127631,0.033382774817586336,-0.4611700651330665,0.052907124767804514,0.06131570212814599,0.06688701822665465,0.08346240341069927,0.10456827821873377,0.5339193801921368,8.176974694540869,2.5083644725495833,0.00016505599384792296
24,3Item6,2,0.6728457247695605,0.3766958467107896,0.4919530327585745,0.06426598288653089,-0.4110213917337174,0.044580656384837984,0.024178885844193875,0.031443480049089464,0.06098177456535531,0.1365564504565257,0.7657150598966582,5.861512170666992,2.448080891071545,0.000541260221455997
24,3Item8,2,0.5745407665639177,0.2956126752633203,0.4656733689449756,0.004908523891207614,-0.46381867574218416,0.15505251365674116,0.12165267612504771,0.10950260703084455,0.10617980913176286,0.12126879265679233,0.6348069147657084,60.22434067571622,2.3374076756965954,0.0014535376703912592
24,3Item7,2,0.6622857404639535,0.4418433493503578,0.5413861425016101,0.13900569419393563,-0.35379086020161893,0.1138444782837623,0.10819599108189822,0.10690256945532278,0.11485988029627364,0.12794420605001947,0.8161334652796554,3.178598896497832,2.250603207941092,0.0002177834660231867
24,3Item9,2,0.7183779861810229,0.4685286193112719,0.5970773126194483,0.06578335491184388,-0.4020650293865344,0.050121935841088074,0.039389193361697994,0.10224906643271242,0.13415411350072706,0.10916651747838879,0.7847034355920817,7.122297316955766,2.224097539887013,7.167336488062008e-05
24,3Item17,2,0.659999657080064,0.3589522985178743,0.5312817216933547,0.09895141846857487,-0.31618038554570854,0.04299619894427699,0.042801192286643426,0.057169929861902384,0.1137416621810843,0.07483767162414111,0.6756345704839058,3.6275608823567294,2.2181806850993993,3.336615050071983e-05
24,3Item19,2,0.4766898546211564,0.26267499902010516,0.5004785804480946,-0.018937457747700406,-0.4344522025118266,0.05737474642335368,0.05490386370893879,0.07408704794624771,0.0879131530926048,0.055687134262671634,0.5248476333594061,-13.870658690850979,2.2007510309397103,7.300857759287796e-06
24,3Item11,2,0.5187974952575948,0.33349380610831,0.5551943275602457,0.06659775420234766,-0.3752348499937462,0.05320187580900401,0.06279457186665778,0.06252487565548075,0.10337368966889977,0.0695919345621875,0.6006794179132571,5.007583290082935,2.1683129818044566,0.00022132997779078815
24,3Item4,2,0.5909423983274785,0.2745393642274883,0.5112509258356752,0.05645039017379,-0.3911191165019418,0.11754508288578376,0.14143811558099043,0.10708870995806584,0.09595373617142774,0.07197904343098993,0.5369953379384874,4.86337399119667,2.1273117794126195,6.170813012776777e-05
24,3Item13,2,0.692893549750196,0.4577299281286929,0.6290283812068955,0.16433932132326798,-0.30923229126874513,0.06362229867895842,0.07018538952737541,0.10946913013621162,0.1154970026398346,0.07888414597699268,0.7276777027497301,2.7852733092588955,2.083763427583652,0.0003148327392916707
24,3Item10,2,0.6724377628578527,0.4650004141650099,0.6307438680666004,0.15284577681610334,-0.32420588517723653,0.052849901347370304,0.0424970012909836,0.08153583436632007,0.09763820825100407,0.09235514219439081,0.7372254206024005,3.0422849803837955,2.0509759411167856,6.429893865739888e-06
24,3Item14,2,0.8253514608910034,0.6143090535034602,0.6693845685337371,0.276669693601103,-0.2419611340461289,0.034538742350081725,0.05086891097407305,0.06428462480749862,0.07960498107622702,0.09593006302767035,0.9177221607175081,2.2203698688038784,2.1018041999408457,0.002996424534835192
24,3Item3,2,0.685737097701728,0.4800475642590909,0.6490593507109317,0.17065825255071376,-0.2924434246421863,0.12857588492322897,0.14605945435149004,0.11544344415631576,0.13418042273632394,0.09474399482728903,0.7396050345683753,2.8129173612833047,2.1708401318419206,2.101339928543641e-05
24,3Item20,2,0.6228154484538625,0.4201146963346107,0.5638796104698904,0.08088966220194647,-0.3170107845074513,0.14208644043270946,0.12689443991462473,0.09033792314728559,0.11282946079708604,0.08809845138563958,0.745043246446664,5.193675924768856,2.155162279580884,1.956122560369567e-05
24,3Item18,2,0.7946947379708272,0.5334820383404726,0.6738746425443131,0.23061622586983013,-0.19417192735773633,0.07292072402029288,0.13511167220436554,0.1414171684189395,0.15226914560530677,0.045758754404942655,0.7916636179313246,2.3132892493362713,2.138024013024013,2.879803271541087e-05
24,3Item16,2,0.9387414437004105,0.4887047740601916,0.4182415494106019,0.3282867818916211,-0.13011271303898767,0.12082400495796186,0.1260392118065096,0.18566103322708308,0.09282302002517903,0.12304552518352932,1.1684749484607964,1.4886519943190342,2.1254074784276122,6.876679534231984e-06
24,3Item1,2,0.9961205532141681,0.43423343622174637,0.5313342812848434,0.4984678795178295,0.6290354920601318,0.3222011432575678,0.13692528416926078,0.061326815545611,0.0972584293292291,0.2197031549411851,0.817250929780883,0.8711362420596614,2.1192765567765566,1.9099109071638314e-06
24,3Item1,2,1.0037948329213287,0.44185756994510494,0.5315009361017046,0.49947880643452364,0.6297842880808566,0.315906327473557,0.13649190264871153,0.0628570550355934,0.10002125473726028,0.22728618266252454,0.8313392114688859,0.8846372726294854,2.119334554334554,1.7916590260914018e-06
25,1spl1,0,0.9100841896848951,0.7384628190004313,0.7819798194226071,0.5087500267224777,0.12900785714305835,0.1054009930286016,0.10210879000772273,0.057194604697191925,0.03217996793564946,0.06291523058640534,0.9443502245382013,1.4515238894557105,1.8295827306165007,0.0049071663746041915
25,1spl2,0,0.9798990284814972,0.7359172573094063,0.7642571816062922,0.4888735035914637,0.11091622865827186,0.13434268480033756,0.09877579921658425,0.08395480682258405,0.0331669568921345,0.0740585105963547,0.9629183396088732,1.5053326686713964,1.6421038718159637,0.028525762631542256
25,1Item1,0,1.0990054909043145,0.8137068225791334,0.8115078951267436,0.5046590791624976,0.16618906888499954,0.07690047536460025,0.05848613395008586,0.07219422050127514,0.027438989778766732,0.04497064112022536,1.0027096796751889,1.612389144602578,1.6506459139911096,0.02566026891462274
25,1Item2,0,1.1427731367820115,0.773239646662865,0.822228529551149,0.5348770912797045,0.21806685839478576,0.150522083021212,0.10539318580711292,0.05910980639889613,0.03855621002887363,0.03773616640688134,0.9404193821206299,1.44563986348197,1.6411980532542052,0.008152422172357867
25,1Item3,0,0.8552521130720622,0.6400776893607409,0.7296255685403598,0.5459998682089889,0.19657604017603011,0.18564857505138035,0.14589565335922883,0.06275275467258522,0.016408088899458818,0.04443980260378256,0.8772687198503323,1.1723037411859571,1.5665307282800351,0.012877015891408203
25,1Item4,0,1.0657812287987862,0.8236725006973947,0.8205083535439992,0.555456305461965,0.16979979543403373,0.11340360442381706,0.049639801314305704,0.04111672271400824,0.021800263323938796,0.03980422364575756,1.0038563241140355,1.48287541452875,1.2490795835804591,0.009146224901002361
25,1Item5,0,0.9484974053449561,0.7040340586059578,0.7232862815443293,0.5426089491936941,0.18866592469677293,0.1784103598511144,0.12352358345415937,0.07577268492796847,0.03435780888595868,0.0474745242288271,0.9733822907982614,1.2974980570347028,1.0811654499909165,0.003185810041746508
25,1Item6,0,0.8915669883438111,0.652151975541445,0.6909586939324203,0.5729472804465374,0.23116330771710597,0.1792493364932926,0.14202205901560755,0.08164508153382675,0.030084723618328438,0.05563270933102487,0.9438364121103204,1.1382408061958809,0.9779260653047059,0.0022160286413581134
25,1Item7,0,1.1917408854535032,0.8718969073885692,0.8114333871630429,0.5778511323186438,0.29796696603242645,0.11221854608366234,0.09551890321526901,0.0694438404428175,0.022598068781655482,0.0321070526268042,1.0745144581274948,1.5088607724643504,1.2417284461127143,0.02016317333724992
25,1Item8,0,1.0917963578695222,0.8154467310322255,0.7764866375449533,0.5931552643453964,0.28498129752955026,0.10627237691457139,0.10316412289473309,0.06673413582807418,0.026832727202537446,0.03230614296120392,1.050174839531404,1.3747610089196258,1.074567685136121,0.00803850676290597
25,1Item9,0,1.0144957415590499,0.7275877158421713,0.7131693435184008,0.5542712323737036,0.2601610122187186,0.15807614848865362,0.160603163433907,0.05974382630703058,0.03274073601649834,0.04584610891211932,1.0202173178566827,1.3126925447917184,0.9397482007218637,0.00028166922382632305
25,1Item10,0,1.1827474545941814,0.8947340085239385,0.7942969486139262,0.6463228356124411,0.334785314335781,0.06192550264403308,0.041179106581764685,0.045725306341177455,0.032066459828936,0.02645661363860857,1.1264477459706101,1.3843453423578376,0.8457784141598444,0.0012427366092103982
25,2spl1,1,1.2569919355847508,0.9996467529343863,0.9498321481493013,0.5709227079662819,0.21397641041220689,0.0821257249994625,0.07550125851489964,0.043892756391668376,0.01310175920246095,0.05335741675365016,1.0524456914094775,1.7509318463515953,0.6680474310532113,5.964701520629754e-06
25,2spl2,1,1.18463701772158,0.8562537709453276,0.8069533610037333,0.5632911679238921,0.16996289523582608,0.06177624740571007,0.04886928810771032,0.016798475370360177,0.01516939969241493,0.023308613769726844,1.061094495993148,1.5200908840468943,0.6688718005115233,1.478432558133014e-05
25,2Item1,1,1.0665243485381648,0.8187724730476715,0.8323640133459631,0.6005637542353265,0.2549500214536994,0.10054120238608868,0.04034413021167362,0.030129209158504294,0.022411042935974658,0.03357945820253266,0.9836711570129912,1.3633398051583077,0.6720431296368179,3.630444693200994e-05
25,2Item2,1,0.9961641157541267,0.7175497659074813,0.8041298636382456,0.5311040600226304,0.26687180483979833,0.0867770496241182,0.06429194519272872,0.05948278106339916,0.021703328389556784,0.030903060766221985,0.8923307011241101,1.3510530582761,0.6610553467696324,1.013940870003183e-05
25,2Item3,1,0.980099355391542,0.7532568873868879,0.7662071588198097,0.6255051181353704,0.25456616453336706,0.0805942109474887,0.06113810930940478,0.046964766156306466,0.012887144040891146,0.025360165076524156,0.9830982101029083,1.2042377661562669,0.6463462320190296,1.2155429010427699e-05
25,2Item4,1,1.0869232791207348,0.7012135671362955,0.7746295765419947,0.5933510996953506,0.2995391921280934,0.08179662754945943,0.044336967495061934,0.03668296309843932,0.029112454236511976,0.02943226011717788,0.9052243646070703,1.181785230219579,0.662778094920952,9.898701123717565e-05
25,2Item5,1,0.9732031822213325,0.7267040883835683,0.71874296058336,0.5192912331159513,0.22681657290880844,0.13261636175064193,0.07102771325140819,0.057433709917164455,0.032004128185261195,0.030613167527839102,1.0110764587978298,1.399415281139339,0.6889175674507987,0.00015626407271262396
25,2Item6,1,0.8718523868106717,0.601305713863685,0.5911972794350624,0.5217570389355364,0.20160283361570963,0.09050633313576499,0.08170512389849527,0.054852154536765736,0.03196909793948818,0.051156536588574456,1.0170982407449234,1.1524630581658792,0.7212600657978808,6.89715213918175e-05
25,2Item7,1,1.0388978065677363,0.7454981712016979,0.7075944123793011,0.4829036890070014,0.16770012282493768,0.11078407062239416,0.083738011592448,0.04993376887628695,0.024100165533240948,0.029068887658240977,1.053567067667165,1.5437823040674823,0.9179969663460228,0.01399558999825329
25,2Item8,1,1.0573937051829267,0.7769407748868631,0.7617181900407509,0.4198825826210456,0.02454844586354142,0.10888625502714251,0.09207146553263197,0.0776883429439645,0.02199773504559105,0.02223953516853283,1.019984534996221,1.8503762842139488,0.9787309072611666,0.0006686131599294785
25,2Item9,1,0.8675549077210952,0.5741685338704868,0.6108044620736307,0.4020300034056795,0.01626473138933065,0.11483127990235453,0.10525589119037707,0.04787438335252056,0.03759173945096327,0.04385949312105126,0.9400202005421046,1.4281733392493414,0.9401083745107067,5.570253915509283e-05
25,2Item10,1,0.8174234073389149,0.5813215701575253,0.6455717729953162,0.3501656291474629,0.010241275563930131,0.14672746382763918,0.10995730729600676,0.06309153194520052,0.026064443702552027,0.046979637970272096,0.9004755064798464,1.6601331487408322,0.9713890496013399,0.0005565275186930574
25,3spl1,2,1.1865209558889669,0.8134655078671821,0.9376826094237527,0.43025506786454665,0.018484089062322552,0.09192462591580829,0.0722125271461719,0.043118129753097166,0.03455397753743226,0.048328817783368665,0.8675275608444578,1.8906587434610285,1.2984688514100278,0.0004003961665282066
25,3spl2,2,0.9030700318495598,0.6951831084075908,0.6434618428089245,0.4142446116890814,-0.04185840660759077,0.16458307226529367,0.07719509882189754,0.058942130866276234,0.03666072321815458,0.03841571058651512,1.0803796916574044,1.6781946876624143,1.4033010353641102,0.0044541413196247485
25,3Item15,2,0.8989269624913172,0.6334127237988405,0.709913756221278,0.36287607710757624,-0.02092345219404304,0.13233059308907283,0.09241527879192975,0.06566209323698317,0.03816366272276669,0.050990454707356,0.8922389760104448,1.745534528211756,1.8240840404849519,0.014590944925958811
25,3Item2,2,1.0407136602491909,0.8076376634190938,0.7549684835768607,0.4336420686990291,0.07267872652097086,0.09754652953888168,0.02241236666499428,0.022865837653146,0.028843898477518545,0.02662327301514138,1.069763413861908,1.8624522846218259,1.7599014154569708,0.00030573760059180723
25,3Item5,2,0.8346284943420933,0.5640116949722588,0.6234724632380098,0.37845635428616337,0.03635979051185093,0.17299915230413035,0.09127625919370284,0.06524721644334401,0.03130456613685619,0.0315405037910152,0.904629678652413,1.4902952139508685,1.6323160966018107,0.0031743200217413127
25,3Item12,2,0.9762347201846435,0.6915139942312614,0.8155971036032906,0.44810443455758686,0.11581680200574407,0.06982646261152538,0.0721750269220041,0.044154669782819476,0.01890886627508694,0.018331779179566098,0.8478622475831572,1.543198280041112,1.4805030482449837,0.001439802443348212
25,3Item6,2,1.0514111296810114,0.725857254143503,0.7067770861181346,0.43054077151959147,0.05855180314378767,0.12801741097008915,0.04885659676655146,0.035035359648757446,0.022070812681415634,0.039138124772085246,1.026996018084241,1.6859198953345895,1.3456758875028105,0.0015866577497512006
25,3Item8,2,0.7985779778531635,0.5554225384944715,0.5449790813470691,0.41684290871267654,0.08747100021568875,0.11581599181547471,0.08837651580337803,0.06498533240548131,0.028778604919469656,0.03377733867490015,1.01916304035455,1.3324504880683128,1.1208179654288237,0.007147582211960891
25,3Item7,2,1.0262374247457684,0.8602658951765936,0.7521183707048067,0.49710605098119115,0.1922443532850188,0.13146147565607105,0.0565032421465399,0.039273778878078425,0.030035174381113448,0.023434032552708265,1.1437905621513431,1.7305480223949137,0.9451970340637338,0.00045239031670837865
25,3Item9,2,0.6545430390154389,0.44572075815926326,0.4171837424620802,0.43174785928358617,0.1753403741464518,0.06489184554175946,0.053744860219322003,0.017609918019255582,0.030856175869688446,0.028455280146462775,1.0684039470482793,1.0323635602189185,0.8905261405261404,6.146882187508259e-05
26,1spl1,0,0.9050532397392935,0.5772845943993621,0.6421809296310841,0.7613339562469547,0.5101896124042826,0.10999125378694342,0.09249505150170795,0.07278103486051028,0.0595873035494395,0.07912440820334005,0.8989438441157899,0.7582540997998697,8.356553310685662,0.06706682481026735
26,1spl2,0,0.7957286782296582,0.4861589204496656,0.6116279262511308,0.7528059926439719,0.5254271242009474,0.0819781070659521,0.08559599478214974,0.0616660934507488,0.07006103048623265,0.08897240264389367,0.7948605660219495,0.645795762194193,8.201796679445133,0.021290230095131514
26,1Item1,0,0.7978844922578043,0.4612332098394042,0.578294098577512,0.80253167205432,0.601361979423178,0.22033484322880043,0.1523163513508819,0.09692405630680133,0.057356297025075234,0.0814277000263446,0.7975755073004727,0.5747227496754328,7.758447146054793,0.027038058605072423
26,1Item2,0,0.725039094241142,0.47999193966885423,0.6582951419329323,0.8349403456003122,0.6883171196917178,0.1830199084569919,0.1566546177100675,0.14537845797958573,0.07787888692689474,0.13311953336706805,0.7291439786876208,0.5748817165481015,7.212917001959833,0.027923140007644925
26,1Item3,0,0.7065980553747914,0.45354627201869074,0.6264092897106532,0.824300678862859,0.6447490331734914,0.25499305270997263,0.28461976095034913,0.2516198179881532,0.08360823546531541,0.16654492819252603,0.7240414194753535,0.55021945644173,6.719185027639568,0.013233851093179252
26,1Item4,0,0.713856080426637,0.4502164858076521,0.6199645573817193,0.7995759215806153,0.6324311542568364,0.24677352482641593,0.2445957309603381,0.2262384272229122,0.08506298129545901,0.1709474290521249,0.7261971345311141,0.5630690883669777,6.567666897455018,0.025037813874639086
26,1Item5,0,0.8170039311740953,0.45344060611691883,0.6060803146916812,0.7933843452164819,0.6284229735343259,0.1613257318696277,0.22775041358770015,0.22437957452960863,0.08444496096631823,0.16439868253166176,0.7481526695012949,0.5715270389178987,7.123924138080745,0.04225962958713703
26,1Item6,0,0.8233911521419608,0.4003372826460462,0.5227889111807431,0.8018500865639053,0.6012856907665298,0.16254892919748354,0.2571253109709614,0.2701862715929354,0.08334380400371683,0.16680136359860656,0.7657723285983504,0.49926699373733047,7.470236963456043,0.06686029736059179
26,1Item7,0,0.6422172685007685,0.2780403959199651,0.5345706814647656,0.7932145883947288,0.6544103918874592,0.3102343931645276,0.3132641782253946,0.26762771755850656,0.09017815727074738,0.16084107130461983,0.520119050745532,0.3505235526897292,8.1663119765851,0.17472220672540634
26,1Item8,0,0.5121174456214208,0.3553264203145216,0.5813888208330924,0.7907129674315471,0.6416976743600832,0.21609026874498455,0.25966136665991313,0.2157195873757812,0.08445945705764979,0.17062034191872152,0.6111683041896018,0.4493747219289254,7.5881679221936515,0.012281096882254011
26,1Item9,0,0.6382801591762851,0.4547963780820771,0.6376260212374628,0.7893129484499761,0.6030585349160418,0.2582436916102939,0.25069109599297934,0.21180250944650256,0.08913622116705702,0.17691670100913093,0.7132650836397376,0.5761927235566031,7.134042607308771,0.020552985496638757
26,2spl1,1,0.7075542681618621,0.49244955595901624,0.6713656712333977,0.8242579459797402,0.7220098157485308,0.22535979984331564,0.2501638250452945,0.21577163546856296,0.07711544272184016,0.14112665614552483,0.7335042232957929,0.5974459303224897,7.157665054125797,0.11574577417924665
26,2spl2,1,0.9378827332152778,0.6274071649281133,0.7057495667254396,0.8395298557962964,0.6868256660127315,0.12561971192073246,0.18326467057025353,0.23262147492439333,0.06929050062077766,0.14093835621200285,0.8889940477755927,0.7473315687929697,7.393536128796991,0.0036326398971869255
26,2Item1,1,0.923882258493052,0.48368733413338194,0.5702882096913475,0.8164105621468402,0.632421120464029,0.1125133390882477,0.20502033103339556,0.2486100075979607,0.07634972316774633,0.16479412815803818,0.8481454202727051,0.5924559969790416,7.360745284607297,0.004400078499150811
26,2Item2,1,0.8228634279147403,0.47445824776815926,0.6055532755235448,0.8245809702718393,0.6530901246000664,0.1345260625777829,0.20528412499927873,0.23665820125113196,0.0766075032366686,0.15649373733845645,0.7835119817896182,0.5753931564008221,7.029380903868784,0.017016107768055566
26,2Item3,1,0.5867860834415204,0.37196684449274064,0.5928008581961343,0.8251576855791666,0.7142961642794999,0.3103913520882718,0.29466839490251395,0.26839129111489607,0.07385480833084779,0.15883286782820152,0.6274735245781276,0.45078274194450435,6.639125624434767,0.006392925113553837
26,2Item4,1,0.7514672265078803,0.3643197997453665,0.5060123307188722,0.8449035117098468,0.6618952571378249,0.22734025135099603,0.3007224063438996,0.3043599567131201,0.067791493935399,0.1584154430337358,0.7199820575672718,0.43119692872016696,6.257529581786744,0.01618312346963757
26,2Item5,1,0.8898302386871324,0.5767337711290424,0.7117922278891311,0.8602720832233846,0.6872877844498757,0.16322213605207905,0.2073208384666888,0.21745599664200269,0.06717376390957172,0.14343184725644748,0.8102557849347841,0.6704085622512,6.750918450554101,0.041541684676279104
26,2Item6,1,0.6871860562942609,0.42814111578253045,0.5492242878984687,0.843895408637268,0.6841339598204201,0.20967261121818426,0.16989861912229445,0.14281012384590505,0.0753114415799059,0.14788003555011237,0.779537839889084,0.5073390741236032,6.827272864712033,0.017696683922036407
26,2Item7,1,0.7936404110948011,0.36013230717880734,0.4717882187242636,0.7908864669801221,0.6362116597274211,0.19143184089666762,0.2204130125564377,0.09852319090876278,0.04135761120325675,0.11563979142116693,0.7633346745904052,0.4553527235060226,6.532161195998828,0.0033439351121577377
26,2Item8,1,0.24557949252150144,0.06262933080611358,0.47245261301154134,0.8003092852345133,0.6229373941305311,0.09715108365506227,0.07239105132028381,0.11480945185217503,0.04044500251747663,0.08717319020764969,0.1325621426333851,0.07825640897007087,6.34036982028913,0.0014181844671139873
26,2Item9,1,0.4384808883261131,0.19997281728669278,0.4852740258718252,0.8020252516863672,0.5323982787296789,0.179055707241106,0.1369352887762097,0.15502795168877037,0.06119501346661984,0.12462638333775555,0.4120822591222491,0.24933481410577527,6.210847382756888,0.0027264744058605023
26,2Item10,1,0.4376025227605661,0.24878623206625175,0.5622283111988503,0.8898958268382559,0.7003822192595994,0.17292756373066764,0.20013308774057945,0.24299926369246924,0.11775548860172158,0.15575982054387016,0.44250036269653464,0.27956781488750865,6.06721712949717,0.005081295036977368
26,3spl1,2,0.7655944852271476,0.23942099190140415,0.5064751460578056,0.8720402308590309,0.644772295565804,0.08680566864721417,0.13050336296787188,0.13195662134885633,0.05014952550475289,0.09747929291328396,0.4727201192244844,0.2745526905232368,7.111409353493885,0.0011447571149389051
26,3spl2,2,0.6918083676624102,0.3116947735171907,0.36471224949132286,0.8617722463195809,0.5430505496940733,0.4655301690699962,0.28927787777753844,0.07814353634738629,0.05406586349992717,0.09528441924712085,0.8546320368928941,0.3616904286331715,7.0751569858712715,0.0018925349365862148
26,3Item15,2,0.7491727114656732,0.38198570234923085,0.3446376887807693,0.8205395599634616,0.5905121781440383,0.36311805835250366,0.17839709468231854,0.0589540660464087,0.05454433570697944,0.07058168438746681,1.1083689151706517,0.4655299031538597,6.966322684124685,0.0006014116717967836
26,3Item2,2,0.9705706397473403,0.5626640110954954,0.5998185302603058,0.6388341190874335,0.3916759820430519,0.08312594355834026,0.07723835183927247,0.04341069611553193,0.031254395475234426,0.03779784233623888,0.9380570652148018,0.8807669994496957,6.8780739819887176,0.0006882868971117055
26,3Item5,2,0.4738689926973662,0.11128480682313777,0.3285193084182399,0.6035100288178187,0.35818945928236245,0.14321726368978185,0.0986951483141637,0.07141071379796358,0.027251944213933278,0.04883498678185886,0.33874662350961054,0.18439595255232338,7.270569398970316,0.04759971130392969
26,3Item12,2,0.7699985956228167,0.49014523624413897,0.5583642338722387,0.639599785292787,0.37795954321200487,0.1409664975133237,0.08910186551591752,0.08121996046929467,0.027132377636420898,0.04006632072950574,0.8778234808615399,0.7663311444881677,6.991562594170295,0.018782335843972025
26,3Item6,2,0.6631587768604595,0.3211240080991743,0.49285300797830905,0.6383073314767832,0.42938232836582696,0.10949241942459133,0.0801309899609844,0.060646759047910254,0.03467225530640801,0.05716924597116985,0.6515614234858151,0.5030868231657896,8.046347325084994,0.5650499028539145
26,3Item8,2,0.3874350073502395,0.13079366338956225,0.31041701154989104,0.6220307499090711,0.40230342520398044,0.19189843239441007,0.10197921716803869,0.05560394098575094,0.030787321887388242,0.060540520615716235,0.4213482447858451,0.21026880616177407,8.942650503068185,0.13408585817894234
26,3Item7,2,0.7292007527189895,0.2555360977738807,0.4510443940019932,0.6511801556531738,0.37620146971746404,0.1984125688301757,0.1782611085903268,0.05920533891655645,0.017627816453776157,0.05781886489068376,0.566543117718493,0.3924199703615696,8.848517810597212,0.03522105264884003
26,3Item9,2,0.7005476788325482,0.4275824434750623,0.527888399182809,0.6813511126611648,0.46074626226276866,0.1632871866041898,0.11649962736202457,0.07176570521446674,0.03273670402082369,0.05467214346048663,0.8099864352522038,0.6275508102973449,8.770246976016182,0.0038588379553942996
26,3Item17,2,0.17808455935708334,0.10642462108929167,0.38310730583041663,0.5700416684458334,0.3531865044527084,0.06872664620003649,0.073104815516699,0.039159744299954724,0.03219135370134232,0.04641298375837221,0.27779324275953,0.18669621326586963,8.681067408201555,0.0013597341434872289
27,1spl1,0,0.6731183012747948,0.44000696387468363,0.7449696743234439,0.5821777689909542,0.2812429238487517,0.10237720812364591,0.06722705734173434,0.13346138916777936,0.2781167798756402,0.3299738642703523,0.5906374157896368,0.7557948560652195,5.7951340181305335,0.036764930366289736
27,1spl2,0,0.22035253460311627,0.20538098070669789,0.5396826970130135,0.5610873977849719,0.3060478869981207,0.27069028302512915,0.23710106567465572,0.22730721074940857,0.32419117945136783,0.3608456399110718,0.3805587643681426,0.36604097891246173,5.996345158678981,0.005404291951530258
27,1Item1,0,0.24892558622661956,0.24841102105735507,0.6112484589156966,0.5618227147858013,0.2856184812405017,0.2802374633688696,0.2494439800935989,0.32202099792439115,0.27035475384063334,0.37477986710781563,0.40639942240773247,0.442151970857767,5.973076690685601,0.0005270585328747163
27,1Item2,0,0.5408239378365616,0.38736195838978327,0.7069358227252196,0.4935139102827832,0.21120523197649405,0.1312076968510456,0.13677684890311476,0.24742418427473817,0.15329448201530768,0.19515753630280877,0.5479450119652556,0.7849058547973231,6.002692360691534,0.001556433918043383
27,1Item3,0,0.6527775584835827,0.41250836710330124,0.6934314513980835,0.43700200751584745,0.17419878181387125,0.1695140900266839,0.14446968387507056,0.154066443894064,0.14972378816941234,0.21648674044965044,0.5948798048844335,0.9439507349274392,5.973424817063623,0.0034051410686178106
27,1Item4,0,0.7279936929530998,0.4364782295397154,0.67487681071169,0.4797227216630559,0.23983637364873034,0.08838926503777156,0.06726986553795879,0.11368829166471632,0.18716588568354064,0.2764924659676086,0.646752447209848,0.909855232866019,5.857852165389683,0.0035301486660811445
27,1Item5,0,0.6778901069177216,0.39200647408411043,0.6401369259254209,0.4870837451173107,0.2344125498677796,0.1765491663600536,0.1230539460510475,0.15886097955152412,0.19644513676037564,0.2832595352425595,0.612379098276549,0.804803028655566,5.838472770041717,0.002862109304388639
27,1Item6,0,0.6454541759569041,0.375538687349255,0.6143855728429928,0.4899028332488751,0.21440713238992953,0.2135818433552253,0.17299265827926222,0.19886887178070514,0.188775298653018,0.28812201556736944,0.6112426842971813,0.7665574907829128,5.926680160626447,0.011494588786339402
27,1Item7,0,0.6136183067129755,0.3119806645567049,0.5397696642928702,0.49934097195430155,0.2550598651230355,0.1407271113165828,0.10828817966013837,0.12287557267796352,0.17893790594970896,0.25964283198765464,0.5779885099460513,0.6247848293139298,6.006372048079423,0.0039022729447712465
27,1Item8,0,0.4794656169843855,0.2244939077455586,0.4938761670171831,0.49542672041912633,0.252287436204786,0.1302843491507031,0.08057189334918308,0.10121920130957399,0.17929444412469675,0.26108774851554833,0.4545550530345654,0.45313241704546425,6.028670796358849,0.005826684048896774
27,1Item9,0,0.42348499233216635,0.1430367514609201,0.4174264660628666,0.559447103274985,0.3114622985560143,0.10761420974968129,0.09956174711154843,0.09875991211119622,0.14157907291973204,0.2217984742384119,0.3426633497089153,0.2556752021199367,6.067982267392613,0.003886243396478553
27,1Item10,0,0.3456926748245097,0.1149240366695711,0.4096392736276288,0.5510568806103496,0.2806960663769205,0.1624777410720419,0.09723006908529214,0.1102342634583386,0.14773998183560294,0.23847325156803129,0.2805493608346992,0.20855203973449965,6.438908587245579,0.020775483199255564
27,2spl1,1,0.7698735327795327,0.43077333477125695,0.6127616158285375,0.34680071036851995,0.07312509523079837,0.15559874634254586,0.13124661634830637,0.1409217894200061,0.3456846602259929,0.4327836148876933,0.7030031303213884,1.2421350956039572,6.631020758356836,0.006941183443952809
27,2spl2,1,0.7297937964944198,0.44651849094586793,0.6734766260491979,0.30952154855569664,0.004814502613188288,0.2396142284418337,0.1527845466757056,0.18277028246561122,0.3884148776282342,0.5324487618343333,0.6630051779261665,1.4426087346319627,6.650170370981043,0.006046404709923263
27,2Item1,1,0.9569782671593916,0.5377838339335317,0.744997224130291,0.3177444689829695,-0.03847774273346552,0.07775085755624009,0.02977074888218661,0.11757824673873854,0.3576537977548659,0.5664402510955198,0.7218601838946176,1.6925041495210156,6.704279257788467,0.0005819048019189536
27,2Item2,1,0.8038597869550811,0.4812729131712371,0.7051741942923415,0.3353642756964653,0.01844678396914583,0.06642611875462455,0.07766953474771196,0.12933592358441973,0.35168677274917337,0.5349324049707158,0.6824879815287591,1.4350750709409401,6.684862143467433,0.004337673359490477
27,2Item3,1,0.8171873613420343,0.5116969927256977,0.6467697257793655,0.2908105785813455,0.010721922741674179,0.09176039744886834,0.09317516520274532,0.17267865765904247,0.39074459166468894,0.5314509719733935,0.791157921496617,1.7595542550836456,6.877552170728584,0.0037438944505128304
27,2Item4,1,0.6486825870212979,0.39425427407152,0.637488332683646,0.2809827560066944,-0.05097031012399876,0.18480535506056547,0.1513840112379539,0.18651206795822878,0.4029958126048729,0.5658203325012099,0.6184493946632268,1.403126221236867,6.9749387997818415,0.004150669496854542
27,2Item5,1,0.743486718351695,0.4173658654900076,0.6501793560398053,0.2573345155914495,-0.05034435460220087,0.1590990826122217,0.14999732142807054,0.19298317721263808,0.4158321210091741,0.5772496864446749,0.6419242028695409,1.621880620673315,7.1094141765252195,0.0030070142143253714
27,2Item6,1,0.7441765180335201,0.48713228052198126,0.6963665508702848,0.24627121369493807,-0.11318175014065249,0.12219413960051857,0.08828668815903068,0.14687490701731457,0.4134084531270759,0.6156977991183921,0.6995342886783591,1.9780317449012603,7.148239954458126,0.00989924121223899
27,2Item7,1,0.7207289216586944,0.4242045560899239,0.6271971116761846,0.2334012387740989,-0.07089312675525312,0.1800164329931675,0.13469521567302944,0.15185289837713553,0.4076869201243145,0.5575972357108671,0.6763496634732379,1.817490586170395,7.0801482857563025,0.006182592364362342
27,2Item8,1,0.5203372168350162,0.27217140941375767,0.4346243506177064,0.292881776359899,0.03899968720621624,0.12623004281974318,0.09884305866570636,0.11086759947099936,0.3347065694423878,0.44973427576325514,0.6262221810644388,0.9292876185987767,7.179385907825831,0.00877828661463009
27,2Item9,1,0.47997957503049643,0.19541181116695036,0.4511594594879042,0.30269580479697605,0.013832564658454305,0.20496603829103732,0.1483225323093155,0.12008060563087034,0.3249950647253173,0.45054118918409436,0.4331324692950541,0.6455715851511231,7.124457327155539,0.00445230679685322
27,2Item10,1,0.681845309149654,0.3750727815496548,0.5983562744711896,0.29062578140632866,-0.05357316642144393,0.2201216887029377,0.15507270386585492,0.17275948022986026,0.35845065245710483,0.5253176043406577,0.6268385524231279,1.2905695373759352,7.168305283212434,0.007504737903196283
27,3spl1,2,1.047108482278437,0.6390701075488485,0.8291033746414863,0.3945611859659351,0.015255436966573626,0.08414208206402148,0.06015407239917276,0.08919232743882756,0.3179442776160893,0.47575335230136706,0.7707966537398223,1.6196983602546373,7.4951561579616115,0.00037750506735013175
27,3spl2,2,0.84473737809851,0.5349801658246413,0.7363523265169704,0.28395770582643476,-0.06241015863879692,0.07353038369880749,0.06840026064936218,0.08572997306859795,0.3439303556194945,0.5225775580767811,0.726527432361938,1.8840135448468052,7.577068355738253,0.002624192399878349
27,3Item15,2,0.8757029297528947,0.5590330979077371,0.7350905522925851,0.3053701541831217,-0.03680101424420505,0.10797475014501834,0.09582385838411153,0.14000129035359313,0.32595857112802773,0.49207117771642844,0.760495554464332,1.8306736543147153,7.518925704192376,0.001321556628355731
27,3Item2,2,0.7500282244164359,0.4864665098550173,0.7359950047048442,0.2554854135790656,-0.10553876270544978,0.12444410040023487,0.08842339396371988,0.18079584721497327,0.3466549638575569,0.5750330066541647,0.6609644169923957,1.9040872084870795,7.6871497207259,0.006031725221993018
27,3Item5,2,0.744713911733709,0.4657993517603496,0.6920076830660303,0.29214862799678004,-0.08299204997335942,0.14241079279269286,0.10793464160450618,0.10776842473143963,0.32462360024369796,0.5331728314185512,0.6731129761788942,1.594391708630895,7.579179382946119,0.0013499339478477792
27,3Item12,2,0.9415914953708868,0.45631625271116844,0.5938313486503068,0.3327194031623675,0.05375094037869496,0.21039836570216613,0.05695316688442844,0.03555279540313231,0.27306964114256993,0.4120102636162064,0.7684273539614946,1.3714747231528628,7.49623043057581,0.0002542294295999063
27,3Item6,2,0.4567008108161443,0.07874089084736513,0.3962845110610787,0.2500154237357871,-0.060089919540087425,0.06881337670460635,0.08273648644087422,0.10400188964298408,0.3375919849504723,0.49801238801484726,0.19869787602304506,0.3149441316693857,7.440146986276361,0.0001556689693379127
27,3Item8,2,0.5536568513278933,0.27507968828966667,0.55091111627984,0.27455228889613326,-0.0558638476117073,0.0929087140344248,0.07356923876182518,0.10440401680405038,0.3140069139548604,0.5154865501155592,0.49931772959654686,1.0019209397005318,7.39737014971741,0.00041648806781952063
27,3Item7,2,0.6372589600133499,0.3110581840339903,0.511897499256701,0.31834570041250515,0.09265155052965167,0.21181774516533192,0.19204708057562273,0.14151217490937829,0.2933826552876205,0.40249141715205516,0.6076571655028675,0.9771081646581687,7.355731798136187,0.0004330601049890424
27,3Item9,2,0.6669945156763567,0.3393853234381998,0.39420039430415593,0.3147412733985787,0.05713935937984498,0.13003624910584985,0.08088486303154183,0.06948076448090963,0.32247902889199304,0.44087515772865005,0.860946177327747,1.07829938760562,7.291689737497759,0.00041933574079413617
28,1spl1,0,0.47145929351920995,0.3172746427716941,0.5133236416516623,0.08630813846843484,-0.4505151952137466,0.20016904634816868,0.146242719201968,0.1468774132250076,0.1707996556905749,0.10942250997074211,0.6180791539870576,3.6760686156110434,12.156598056818366,0.017154673629283832
28,1spl2,0,0.5111831191564441,0.35343433680469954,0.5168690380512259,0.07616284024502469,-0.4538473161705939,0.14922425055782715,0.1645798275494726,0.17089417268719717,0.19706465603685827,0.10309134619852553,0.6837986222844186,4.640508823294293,11.733787524506056,0.11392810379509519
28,1Item1,0,0.5594669734453577,0.3612724971881025,0.5341397422173135,0.11871265575251143,-0.4117421088788344,0.13639517687522162,0.1745851968863718,0.16221395391424004,0.16778924810069148,0.05804939976248004,0.6763632584462446,3.0432517228661853,10.856318258652815,0.0334426262782561
28,1Item2,0,0.4460690205404316,0.2531826617845705,0.4344772525360292,0.0734483260319827,-0.424867615716628,0.16797827375993438,0.21170351749622843,0.20935895270874869,0.18957321934450141,0.07683121476801949,0.5827293827790118,3.4470854819378443,9.967875106331,0.107888626439145
28,1Item3,0,0.5335581100991444,0.3352222782265164,0.46021588871110575,0.08035988606016659,-0.4136714225857134,0.14731569035851266,0.15803810330753787,0.1531492084139476,0.15481063178254492,0.06055728607323779,0.7284022253924078,4.1715125604336745,9.064287002338775,0.04124543121161717
28,1Item4,0,0.4590510985166421,0.2828275428376917,0.44646303011868854,0.1249607541071379,-0.357408287913107,0.15209180573223932,0.16596634629226492,0.17674727692006398,0.14854104194896112,0.06499273797440644,0.6334847974512458,2.2633309361423364,8.310430168041067,0.04580516677925736
28,1Item5,0,0.562463772108225,0.33561211954131737,0.5004524024487484,0.12092893539293367,-0.34641249850648304,0.12135967759297094,0.14415077658021672,0.13510625237059679,0.13774374928520913,0.05784109727200367,0.6706174597794445,2.7752838117323293,7.590497139776741,0.04215679672870084
28,1Item6,0,0.5938289094811321,0.3810650985982981,0.4544217484539401,0.08984736256307807,-0.37571812187037923,0.09127350211508452,0.12609555502888983,0.12994359272136116,0.1352575066259566,0.03568378522284073,0.8385714351397315,4.24124964257597,7.21528057545107,0.0009285187165458811
28,1Item7,0,0.7200064804220468,0.4630497649169297,0.6010544304030658,0.15462092188327772,-0.358945423932642,0.07381633341979597,0.07963845231983277,0.09081839190254805,0.11351176226565773,0.035451830505174,0.7703957257847909,2.9947419552429055,7.058437198034816,0.003495370368065138
28,1Item8,0,0.6180117346910222,0.42318777657827744,0.5537706554332341,0.11649762661000268,-0.3731780219104321,0.08509357329980054,0.09873092121909895,0.12157605017600683,0.1296428106225254,0.044836718054652,0.7641932118685663,3.632587077180461,6.817953760583891,0.005909594212341152
28,1Item9,0,0.4844769025856091,0.2697936820480909,0.4759268616701266,0.11954615897423868,-0.3527188785276998,0.15718278583786838,0.1773418751697093,0.19153065027984076,0.1375273547138056,0.050818314717904586,0.5668805507939771,2.2568159621875723,6.647913270176244,0.0020085562187176077
28,1Item10,0,0.5797388655038211,0.3549315849737513,0.5120869459920274,0.13383430599305995,-0.3256048834477025,0.12426473280409661,0.1454294242363904,0.13604774848636927,0.13501822045260028,0.0729780145121491,0.6931080494408252,2.65202243690892,6.41825829526333,0.008493497032332924
28,2spl1,1,0.2678651612584009,0.08771434682000812,0.26110924825462556,0.0646328832257085,-0.36315740905819843,0.23535432230846015,0.16416473483753002,0.2002059389726384,0.1599529693337673,0.1516205034280074,0.335929681045009,1.357116394708542,5.269818743867604,0.00017607219709109718
28,2spl2,1,0.6747035456594868,0.4618265718977393,0.5550118081529816,0.07702416653506344,-0.4833766506450346,0.06622613203807941,0.09937126722542818,0.11885337742102986,0.14349757251040432,0.07101772115769461,0.8321022440991755,5.9958658000101535,5.213658247578288,0.0006451109215091631
28,2Item1,1,0.7072606140373423,0.511404612761914,0.5839899683341415,0.11113774373803749,-0.4242123979035726,0.03323125505612037,0.07323863961644884,0.12048692310050484,0.13697521406290206,0.07037862654883667,0.8757078710530105,4.601538513916623,5.168702191653782,0.00010745511039220886
28,2Item2,1,0.7391822140776915,0.4882250586390122,0.6596528969427122,0.17698687589359047,-0.38758266814101694,0.05063912257130664,0.07543179685833518,0.13211415702291668,0.1354583166263717,0.08940208421117514,0.7401241776723193,2.7585381877355064,5.139607263471624,8.900674395370132e-05
28,2Item3,1,0.6026205846130498,0.44280695368794154,0.5441986622460752,0.13380934805020442,-0.39104184438439493,0.05221736804621446,0.0895883080199816,0.09675540387601185,0.11955848927595017,0.07474283012193171,0.8136862208493033,3.30923778369031,5.075027953679632,0.0011576114961823905
28,2Item4,1,0.618233438544659,0.44433873712057564,0.577511410614954,0.11995972340163105,-0.4121732628531195,0.07279539166554234,0.076016202200559,0.10182705402596771,0.14035734767939728,0.08307333997154775,0.7694025229354793,3.7040660049610294,4.966400157123475,0.0011749088448958184
28,2Item5,1,0.43708655447731953,0.34405454351735065,0.49891455659977063,0.0934843765428222,-0.4511470598249388,0.12087901084449676,0.1565444147563086,0.13840705265412936,0.13229701378779118,0.0744851346234598,0.6896061425278179,3.6803426685892013,4.864796107571116,0.00032984886516234383
28,2Item6,1,0.6618317733048453,0.434798825005026,0.5650879098122533,0.11286858279365586,-0.4141685328874319,0.09641502393588498,0.08732044508213466,0.09950082470115307,0.13379925597348757,0.06547340998348895,0.7694357226295095,3.8522572924270646,4.797303829583411,0.0007976896611850578
28,2Item7,1,0.5743306123696252,0.33896324861464455,0.4675743719047589,0.06509857765560575,-0.44248549544232574,0.11837128622720104,0.13104689903393485,0.145210971550277,0.1622104608482438,0.07797857512969975,0.7249397491758783,5.206922418504384,4.660734907184025,0.0018326548483658524
28,2Item8,1,0.4692519954761623,0.30919220867701447,0.4428730947372124,0.05095722309102364,-0.5425128562135036,0.08686760074335449,0.11385127096120104,0.12482613899078784,0.15372860092663043,0.06185495851698501,0.6981508058472801,6.067681554330981,4.660433517836614,0.003165244866517643
28,2Item9,1,0.43881092134208055,0.277986054933077,0.45647465830358336,0.02220453364544285,-0.5617958522673384,0.12565777811944123,0.16878939430169004,0.17815890595799466,0.15379895765717935,0.06012929769433785,0.6089846375200411,12.519337125136712,4.925574286951168,0.003980853562554682
28,2Item10,1,0.5489314696147206,0.35890150968107504,0.4942107204915798,0.05344660600322415,-0.5125780975352758,0.13524538740901268,0.14439298905213485,0.15122336953122884,0.14254814803752364,0.049728188017250256,0.7262115006284618,6.715141143747898,4.80174426644939,0.002301620416844961
28,3spl1,2,0.48386742588494,0.2085289266284,0.33191211317316,0.12146249850619997,-0.10903590506320002,0.10867191615105358,0.10414798148593463,0.11477825147367007,0.14644154950651325,0.1009267101256548,0.6282654887360017,1.716817350838032,6.104171287262472,0.00045353823653682167
28,3spl2,2,0.19016509192550624,0.0682748040115298,0.22729146305044992,0.04328986705286841,-0.289621581738892,0.16165810318108584,0.20448553193915278,0.1992588889087273,0.13513118475168842,0.12484379962761846,0.3003843734156925,1.5771543569536448,6.051740138593202,0.00014799555224499655
28,3Item15,2,0.4261268580772344,0.2511663420906766,0.3740286896028356,0.0730284049200108,-0.38292447626949927,0.1634481368807973,0.18437544263071187,0.17820083936981648,0.1798931535897964,0.09659713980976296,0.6715162456812143,3.439296516560737,5.996386599046108,0.000598660400379755
28,3Item2,2,0.7587526467759288,0.4835069210592106,0.6770137381785138,0.1674551266686002,-0.34847284237606424,0.05733244845527441,0.08934213737097366,0.10540453393485133,0.10701544694116386,0.09937285961867763,0.7141759362902979,2.887381997737856,5.900449546897672,0.00036938743686491864
28,3Item5,2,0.5584469534820502,0.3736320341720591,0.5222144368310977,0.1277286436484682,-0.34919958192698836,0.06564018598343133,0.08829898661557536,0.0982999257423918,0.11226360087916698,0.0693359310270908,0.71547626244088,2.9252015881039095,5.807004758116507,0.0013248952680397566
28,3Item12,2,0.6439232168315749,0.41408264613969487,0.549463479150245,0.13592648259325546,-0.36249196067759515,0.05656474865536706,0.06830240200777522,0.08037612144376152,0.13655965388986502,0.05632040651342806,0.7536126805487935,3.0463720916873718,5.6842917937580495,0.0010980587314010524
28,3Item6,2,0.6335038158607911,0.4261060652897984,0.534414997375576,0.09644950098214287,-0.301893882522043,0.05217927306487052,0.07775078202348379,0.09653282085569609,0.13044357914714316,0.06636632728109061,0.7973317863177556,4.4179187713036585,5.647539538364161,0.0006086977708307383
28,3Item8,2,0.47183773121952194,0.28886534234492484,0.5181653300483351,0.10243631534693877,-0.35089553580833777,0.2121773572086603,0.1837889192133843,0.16414897483137506,0.11926391580717993,0.1086024964306525,0.5574771699999728,2.8199505082413805,5.636888330250434,0.0008683489442565346
28,3Item7,2,0.6495727220991585,0.46945272033946717,0.5909647050483787,0.1491535941062061,-0.35807129848794916,0.0811952712359654,0.08282806396019537,0.10047273618710302,0.1228513616646808,0.0717110801535631,0.7943836840588513,3.147444887300164,5.533564547911143,0.001534685430409634
28,3Item9,2,0.5832996397117964,0.41357293375075915,0.534240432384625,0.1477568395957014,-0.3176632569704089,0.08570044934758472,0.09528255757416308,0.10179142874943696,0.12886514393824855,0.08004677835243396,0.7741325963117591,2.799010401707188,5.51742958806461,0.06844241586328974
28,3Item17,2,0.49857577117117696,0.305533985711089,0.4639120657138183,0.10715378238337352,-0.32175836403029795,0.18966708069237753,0.16064885757498598,0.17387394802228048,0.1409365764233818,0.076118795150979,0.6586032302961611,2.851359756640166,6.735466581013974,0.03418790269407212
28,3Item19,2,0.4091828823772847,0.29789259807389584,0.49471993265613096,0.12822828684615056,-0.33002276802313624,0.09645404967410154,0.13021051537466635,0.16418190643270442,0.1544916676532767,0.08528667805956348,0.6021439157957085,2.3231426004167663,7.7975136329364725,0.27999910388986604
28,3Item11,2,0.6631054545513599,0.3868569069493142,0.5243513764239004,0.204626430356713,-0.28500067951715136,0.12292541376059524,0.10616527712831005,0.09500975357504847,0.14306627498817145,0.07855640356533496,0.7377818074015818,1.890551989713048,8.147103420984436,0.01038791979902889
28,3Item4,2,0.6514583777103408,0.4644951397320212,0.5908443407452997,0.1566112315699177,-0.284090869785899,0.059222904268085776,0.09224707056168333,0.0961796238955751,0.1306652794665229,0.06482607892811044,0.7861548413241048,2.9659120365115026,7.960938418571804,0.0005824825106145599
28,3Item13,2,0.6249028310114414,0.45469555181775906,0.595499886932667,0.15925339363164126,-0.3201992106788072,0.07113966165948638,0.12346683011268875,0.11107625839670283,0.1205653170201752,0.08935531657751371,0.7635527076189331,2.8551702327569592,7.853063384149714,0.0040386944575029355
28,3Item10,2,0.6894859835593681,0.49862173568681917,0.6115638195588234,0.17176006724700435,-0.3440139320940087,0.049002666880053114,0.04982480254370094,0.05837866131529099,0.10113778705213078,0.08075498006601164,0.815322487898643,2.9030131437172133,7.7500606246250845,0.0008803520680321493
29,1spl1,0,0.6822417063250377,0.4493379123943062,0.5521431737394418,0.37553421038361334,0.17913956573728318,0.1893438264178134,0.1632234008983777,0.12198913884136846,0.036061650726035524,0.0350941841050112,0.8138068764616176,1.1965299000023764,16.556023103666355,0.0006348855787779546
29,1spl2,0,0.5440350167425468,0.32146806719060544,0.6158810065017483,0.5119517295279757,0.3401545766273371,0.20560447064930515,0.1553077806356409,0.06968786200551037,0.08743572666533361,0.04914212038740022,0.5219645731479923,0.6279265173282558,16.700993718560746,0.004826336044359901
29,1Item1,0,0.8276809785244673,0.5794192338841545,0.800616082811668,0.4685990465667859,0.25523690692969375,0.09897029853057644,0.08546413007656324,0.11776112316800391,0.06913295171989482,0.03953839507231,0.723716704672715,1.2364925556140278,16.580027577670933,0.0012738154550195838
29,1Item2,0,0.8143023164557258,0.5439384360129291,0.7648348955470446,0.4623281836516189,0.2566416978807392,0.10420783791360706,0.0779919279596027,0.08935366677951923,0.044342213539678876,0.037099577719470075,0.7111841241405382,1.1765201734841377,16.55174267733876,0.008379489600880884
29,1Item3,0,0.5740394355911306,0.5245134754845354,0.7552145758542885,0.4553064728378818,0.2089943901359771,0.10608322456234341,0.1263002745220412,0.14222567899367458,0.041043013072550705,0.019218761964263982,0.6945224464142399,1.1520009172355756,16.62889798953665,0.011763365866845602
29,1Item4,0,0.692755276616297,0.49911865731381583,0.7107562794884524,0.47042870081535726,0.26362829487458467,0.08208058984029436,0.08742280240274863,0.09842179265705,0.03839281267550705,0.029174453090470818,0.7022360139692426,1.0609868304968333,16.294655801794118,0.006516076856406318
29,1Item5,0,0.7745514417350357,0.5544156560725161,0.7416413165085528,0.47904836706523607,0.25891458157830993,0.09018270122449996,0.10248789297222559,0.14627795266526086,0.0701084495637287,0.04567648771612025,0.747552277609078,1.1573270947809942,15.99252515594658,0.01642629529987372
29,1Item6,0,0.6064173775045801,0.4317924629598605,0.6195807557361307,0.40981336022681536,0.2252727927337846,0.11946588605387627,0.10626579427672522,0.12886234642728409,0.052045608374717764,0.0510866706899053,0.6969107065792133,1.0536319793655546,15.591523836726426,0.014477351079618945
29,1Item7,0,0.6605031576634548,0.4810670530413188,0.6410298938379214,0.4467898878940072,0.28695970672756843,0.1032246309739728,0.10260312677865037,0.08829060916136654,0.040300869838058626,0.03693969766561792,0.7504596227340571,1.07671875527927,15.21607021430414,0.01543684520813858
29,1Item8,0,0.760723120132396,0.5596801216223626,0.6938703350100713,0.41991865573856413,0.21945157081990396,0.14871831306528296,0.13950280595443876,0.11805883746454698,0.057485998615401684,0.04686928394170082,0.8066062095126646,1.3328298532132428,14.765034216041268,0.018042424512810896
29,1Item9,0,0.747679086042928,0.5680981159406656,0.717176223752268,0.43740797123058534,0.21785287054586136,0.11472970544008074,0.10673424038983638,0.0842931338859305,0.054289358630722685,0.05173697189900087,0.7921318308298662,1.298783177278683,14.884619508125109,0.08930947356420707
29,1Item10,0,0.6766519348271107,0.4620754618199213,0.6839852436668905,0.4253424835480538,0.25135265819638775,0.13396304503268014,0.1268124882484958,0.09947660754035262,0.04692354696574176,0.030972835169955523,0.6755634941291138,1.0863609411387578,14.862966097496916,0.023750891971825512
29,2spl1,1,0.585385973513195,0.34615162521328935,0.5817514292682022,0.41209428947219606,0.22081227430276862,0.10163154814201933,0.10194793458057284,0.09214616184990204,0.027745116205971636,0.020915743518376145,0.5950163716034264,0.8399816091037159,14.206561612569413,0.00047738085243597637
29,2spl2,1,0.738847751099978,0.4491082109910416,0.4977142335946272,0.42336329161087716,0.2702569513766952,0.2009522533539968,0.09479728093716329,0.10552951411012117,0.04175631889632259,0.08132449567023432,0.9023415039692934,1.0608104642738292,14.266505517759692,0.0014662048272949537
29,2Item1,1,0.6888422424516302,0.38681934168294313,0.5416059355819132,0.4306034793731476,0.1995915739534529,0.06037673604129244,0.04212761252939918,0.07195214819064413,0.03546969104177636,0.014471883700348687,0.7142080903399406,0.8983191249353988,14.436363494714834,0.052453483593293444
29,2Item2,1,0.6565110935332122,0.4341306237978983,0.6851261448268033,0.48123338730669435,0.2252560577769045,0.10963541408365005,0.08786645657788007,0.08786034754528749,0.03349880936853552,0.020377889878319445,0.633650644399206,0.9021207471191149,14.795563793552448,0.0006368286885834221
29,2Item3,1,1.0368297609414132,0.6480846487361359,0.814395074769678,0.4875597652779517,0.23471217874798744,0.13171464790988843,0.15858812369346495,0.08076935081944103,0.05720057482634864,0.028698334475353308,0.7957865512922417,1.3292414459946864,15.122785290787244,0.07030542919119234
29,2Item4,1,0.9137792632044575,0.6135088649996804,0.7848358766219511,0.520359584249958,0.293004863070143,0.12579812485370226,0.15112211227576475,0.10739161576644284,0.03656324567965532,0.02845138922289894,0.781703388558904,1.1790094434504894,15.17875358436208,0.041403453857514136
29,2Item5,1,0.6999608976423884,0.5057323003321725,0.6435675546290637,0.43862871901564776,0.23487006053033985,0.08801618979882386,0.11316543729769157,0.09469816499328913,0.016585999123015144,0.021343822321030333,0.7858262833617177,1.152984921539408,15.101089629511845,0.018186702780610527
29,2Item6,1,0.905649005018373,0.6800436441480089,0.7206463627488507,0.5111097878497266,0.2971630655433836,0.07139408176532899,0.053680694650091516,0.07768790970726556,0.03440119208561441,0.024639499281702025,0.9436579137239745,1.3305236154417523,15.10543059826395,0.009730092652093087
29,2Item7,1,0.8135372403189423,0.6111687828032238,0.7384919934013209,0.5136540540689937,0.296592776734432,0.1124375792367825,0.10474471916948278,0.102402677796925,0.033078774080963665,0.036099080800549015,0.827590261555489,1.1898451433837742,15.016357841844156,0.05041721987578749
29,2Item8,1,0.8027200634209021,0.5522927886546456,0.7120909018462651,0.5201425216413887,0.4065368644638352,0.133137190274502,0.11026714755235142,0.07706482718728928,0.0513261544360369,0.07927177713016842,0.7755930969586917,1.061810493497035,14.90977033872675,0.021610330030339003
29,2Item9,1,0.7290768825218185,0.5490182081806921,0.7053596747550887,0.4832298025252023,0.19539227517900185,0.11325548765696988,0.1034047543539849,0.0811228148491321,0.0408690281267169,0.027841680781746356,0.7783521330347773,1.136143102465034,14.99478722294775,0.024900788868617706
29,2Item10,1,0.8435532018684372,0.5724892332227154,0.6563146902614001,0.45429251743202564,0.2591594276669026,0.10873879237050857,0.09243209299119906,0.09143089362643853,0.03555459007071237,0.03312829824782249,0.8722785591198989,1.260177550796217,14.61524108941449,0.07443110756690682
29,3spl1,2,1.1008186210038797,1.0312310570756547,0.9690249508941563,0.48432066811348207,0.26527800085807474,0.061097017009594815,0.06931573251969449,0.061939264965692006,0.01961226861811923,0.011937157451627732,1.0641945339590109,2.1292319796370798,13.834578910058967,0.0001969645447220069
29,3Item15,2,0.6498983743043747,0.35557438112528716,0.618501139031749,0.4942035037528719,0.30227558936776994,0.10465674939965247,0.10139925884255455,0.09731584416638055,0.027649021439513706,0.02103862313131128,0.5748968888028805,0.7194898006704612,14.27213615180904,0.015194582797074353
29,3Item2,2,0.8141363453631124,0.513958504142322,0.700282798928905,0.43667563802384723,0.22735959160478386,0.12767184107628624,0.1301242861707509,0.09630287567557332,0.0409695235800872,0.02608707713744101,0.7339299268731159,1.1769800241003467,14.077690143235628,0.001327045782783434
29,3Item5,2,0.8787073923422044,0.6761387624241639,0.8034838221361282,0.5423835299619642,0.2902904460216675,0.16666277840313565,0.11951688399106833,0.12498223576234363,0.05971543291535331,0.01808323729301507,0.8415088679509243,1.2466063658403737,14.082446371534612,0.0009668277615328789
29,3Item12,2,0.8064295682835425,0.5725792847867245,0.7985311851305884,0.5116666976186132,0.2554631722073335,0.12404638583902175,0.07927570327441695,0.08061257490143821,0.02935326470596607,0.021250341786648138,0.717040604965286,1.1190473922429618,13.953519316029244,0.0014216166569549944
29,3Item6,2,0.9768990877390439,0.7156838446627773,0.8300840636937963,0.5877220291825554,0.3184021149855934,0.06174458485844918,0.12271759836495413,0.1418099858903227,0.05310494289684999,0.021974751328517353,0.8621823681518098,1.2177250603324756,13.850749941872499,0.00024328686637033962
29,3Item8,2,0.8056395900456107,0.5668859540413823,0.7754385409704336,0.5257516688329039,0.35107964910421224,0.08779681363093624,0.09155103257518617,0.11276851000451511,0.03451284275144611,0.03391556750814548,0.731052073580058,1.0782389986921999,13.775867126586437,0.0010901979396791205
29,3Item7,2,0.8942518724992986,0.5766393816651898,0.7776583350408399,0.4847669881980358,0.2946992042777059,0.13024901937788996,0.08091430542114157,0.08678373454709454,0.030648547134573392,0.02060304394970659,0.7415073624760922,1.1895186646663816,13.664766337776125,0.0017744686508938687
29,3Item9,2,0.8867727052688253,0.6590300139539017,0.767511993312762,0.48539760748285715,0.2773079535604604,0.11315095183644683,0.0974799571845801,0.09849867495012551,0.029465938879391095,0.03272565389188484,0.8586576090501411,1.3577117036355912,13.450308286775465,0.004114160574424601
29,3Item17,2,0.8955590297199638,0.6245091753913731,0.7233258774550587,0.4998169122493225,0.31886653053873076,0.08130870547397324,0.08565559285881594,0.06632757618493178,0.03270709673561643,0.0160247591055855,0.8633856384694174,1.249475875739024,13.327663665582683,0.00020512495650142396
29,3Item19,2,0.9815641640083461,0.6467349172924969,0.7584180548581569,0.5865169952603683,0.36395568178258475,0.09795713400484628,0.1149746492386556,0.08220195475803703,0.03991135465631921,0.028023863681711555,0.8527419835234678,1.102670376845135,13.279924885921583,0.0015716660890905693
30,1spl1,0,0.7424418181107558,0.4425276810629388,0.6205033812556978,0.460803483992503,0.1959807021415034,0.04973790076854226,0.082867718291239,0.09520400984252926,0.038510558991282286,0.03917429343901593,0.7131752923799237,0.9603392671176054,5.425905457280855,0.000668032522428158
30,1spl2,0,0.7351469313348348,0.4542886326657248,0.5872979770860632,0.40660512452693837,0.17643312024404176,0.07036265954025829,0.06815727093612292,0.06661478329690451,0.04054039303667997,0.04274456998259998,0.7735232362730063,1.1172722726428772,5.287828480592722,0.003567421365984697
30,1Item1,0,0.8498584014168958,0.572854048068286,0.6665312743450198,0.434176833807898,0.21371671475011456,0.08198962098917191,0.04457507191672376,0.07378603255427846,0.026937480108159252,0.039236114697848115,0.8594556163501207,1.319402607745634,5.101734521022887,0.002442802307827594
30,1Item2,0,0.6073065072184685,0.3241176358140015,0.40912067111310063,0.4099788454635886,0.20008014957695194,0.056795826308592395,0.05987871338447115,0.021005057481314718,0.03158426647127767,0.038174413205387246,0.7922299162736998,0.7905716078031536,5.002057676786103,8.686123667561274e-05
30,1Item3,0,0.6131252435749647,0.31857206289728185,0.5126395549612539,0.3864797711149393,0.16068116714367411,0.12782719816239246,0.09549261339723066,0.08959458450403612,0.03342175116505248,0.055853229252679125,0.6214348057865438,0.8242916858337888,4.932202179588939,0.00162961199168117
30,1Item4,0,0.6588878230960827,0.41693165464914905,0.6004899223988335,0.4411739914457747,0.19897129466582306,0.1435722576323286,0.0912000356436109,0.12209178234696773,0.043201051010783795,0.0538218948426236,0.6943191524168697,0.945050392335615,4.887396709428336,0.002082664973925936
30,1Item5,0,0.628878870154132,0.41824175528248614,0.5828123713388319,0.40497240070123414,0.18019029096309586,0.13542554846293944,0.10563578264610612,0.09957067360807943,0.03629093829777676,0.0388732394706061,0.7176267614293735,1.0327660688123665,5.149573376248988,0.0019110788430681338
30,1Item6,0,0.6147173328014451,0.4029651090700607,0.4594046871802214,0.4093852679147754,0.12346146651832021,0.10910258909741408,0.08970296102675102,0.07026252623494053,0.034304843696401854,0.026547394447625113,0.8771462708973926,0.9843175601756905,5.200329825991218,0.004476078700734076
30,1Item7,0,0.7316360357028642,0.5242418061058703,0.5695886231649936,0.42420460156304174,0.14191719292737334,0.10025648716129214,0.08157690583984371,0.14282248739196435,0.04316034798141085,0.03934732798728692,0.9203867209855169,1.2358230036600366,4.970461637455594,0.034417947464325534
30,1Item8,0,0.716879055678455,0.523426922005628,0.5955346470612813,0.4315261576860846,0.12058561764343052,0.0923953980354654,0.07331530831440637,0.16048899753737456,0.034777756505734767,0.03692077251843862,0.8789193436680894,1.2129668421477942,4.8145182269092475,0.004308264273671094
30,1Item9,0,0.6263339777187841,0.40365300830686957,0.6055496391531409,0.47749282002143795,0.2262815321315222,0.12062351752817206,0.07158028278661299,0.10423276196685059,0.0497891618782291,0.0841733148352454,0.666589461113027,0.8453593238184973,4.75180557314079,0.022061205912110513
30,1Item10,0,0.6783061864595674,0.4546144307119138,0.6634214622404616,0.5292118683003495,0.3114016506531767,0.09577474343975055,0.09036236087710274,0.1218961786929912,0.06941677735664963,0.14088387166695956,0.6852573452950462,0.8590405035944148,5.025304023592129,0.00892038933456888
30,2spl1,1,0.7385763846217409,0.48414544161038686,0.6201461621882884,0.5131108870014718,0.2619036441208758,0.11530066128421147,0.1428464732958296,0.04557510380970242,0.06881395987171703,0.12041336122791262,0.7806956978034079,0.9435493436829939,4.3997302247562775,0.00015311792343036313
30,2spl2,1,0.7434369379840532,0.46275327365221763,0.5565452922096761,0.49091452553779075,0.3001445808209834,0.1544777758490155,0.10601894045871177,0.07595868705883409,0.04949076754448803,0.12594478279173765,0.8314745974823604,0.9426351200397708,4.536159822182845,0.004255317117120676
30,2Item1,1,0.7125613282749284,0.5048924372322869,0.6217844381227023,0.49910213973060397,0.2474105682186321,0.11937021337001286,0.0931333185950972,0.10558377102906533,0.06077299670877084,0.09052562709195391,0.8120055849976844,1.011601425898929,4.538521773790884,0.00129316082354924
30,2Item2,1,0.6319761237250617,0.44193115341954403,0.559375045811295,0.4753218023156513,0.2309003026175667,0.09241488381464395,0.11338205980995937,0.08344447512424925,0.053012296353478885,0.08838260820834566,0.7900444539647643,0.9297514869648569,4.381603410927205,0.0022710875215630854
30,2Item3,1,0.565931355242421,0.4010971507401125,0.5529168540670474,0.4458828242538055,0.26125930754304544,0.0944064606469124,0.12063070803440737,0.09236640549626082,0.04519653592749475,0.12183957446629827,0.7254203720945982,0.8995573007590052,4.338351015131544,0.0006878152113425653
30,2Item4,1,0.6367818984314856,0.34623027927695654,0.4824329863090647,0.49378375305802574,0.3152676694171796,0.19787915993886124,0.10864173782987922,0.09116449318308953,0.061180842342503663,0.11097555998113146,0.7176753837008006,0.7011779476978705,4.744450107107141,0.01237893980921115
30,2Item5,1,0.8818796702864835,0.6111667224200631,0.6689925307550054,0.503440245115234,0.28719345965138415,0.14796731291437007,0.14512405686299806,0.10004200705653667,0.08062296186001787,0.1297965373321703,0.9135628477297876,1.2139806603387273,4.669851190415194,0.0029142759101349635
30,2Item6,1,0.7287714604681673,0.5129060290240968,0.6227677952188639,0.5956115871534852,0.35500837552165265,0.08704914452384142,0.11938216781868215,0.07679045544065745,0.15432761621023386,0.20151803673268368,0.8235911235908583,0.8611417897596786,4.455517303707839,0.02070111847660588
30,2Item7,1,0.7980952001817083,0.5151901977426772,0.634778109269235,0.6385932187423712,0.3609481644262355,0.12343259714486356,0.153768596646856,0.1084691558057439,0.18296936537556518,0.1932143389312683,0.8116067479456156,0.8067580140461267,4.388183867546721,0.015542210693446685
30,2Item8,1,0.7768697258149077,0.39234702744485833,0.5388429662059786,0.6249777890845789,0.38440767980578794,0.09104698686967733,0.08440700654799829,0.05757130637612792,0.18918643261195076,0.18490374781978272,0.7281286967133774,0.6277775525299253,4.97500153975592,0.01597565513368356
30,2Item9,1,0.6839522856242521,0.5629253692481955,0.6990572854407547,0.6488796749735909,0.41913353930235286,0.17604214885594016,0.16161755971357067,0.11737823990517238,0.19108907112631057,0.1959505770208523,0.8052635744837537,0.8675342903960923,4.747731661809332,0.01205934257498122
30,2Item10,1,0.7234646097148211,0.41003259518094604,0.6421561409381671,0.6120605503018004,0.348473825069186,0.11799887735536345,0.10300758374012249,0.12768250612571036,0.19138836742895107,0.19745947765788022,0.6385247580804544,0.6699216185536575,4.832360305270138,0.014973648647450462
30,3spl1,2,0.8753113091601977,0.4543986754214891,0.5802812689855328,0.5930638870564043,0.3458598490227593,0.03508740446877749,0.05144399708369273,0.02915621148820604,0.2080417226069543,0.19088194225503916,0.7830662454999071,0.7661884066329676,5.136875368966551,0.0006632601788238246
30,3Item15,2,0.8821629328179599,0.4961547572932471,0.6515544716201723,0.5596330356269971,0.3658123559440948,0.0965166873942425,0.12493087952281039,0.12272627998745857,0.2161994159122851,0.1932013817163426,0.7614939013433548,0.8865716010685426,5.361465257412944,0.05534543036131062
30,3Item2,2,0.7287678998402952,0.37950136867780304,0.5816687496626884,0.5941547058636384,0.3206421867813838,0.0635609523687333,0.06644934799690802,0.06331191054706944,0.20441541941193841,0.20582130464538517,0.6524355455668567,0.6387248376455269,5.671108619982614,0.0019176801488780607
30,3Item5,2,0.6357620272584434,0.3029409626491324,0.5541112731095431,0.5820212632572092,0.30947148585233997,0.11119146329477823,0.04809300796369989,0.08415447986509102,0.20522315278535322,0.21117577434688156,0.5467150314455496,0.5204981007622697,5.559391677403216,0.0006020083745858241
30,3Item12,2,0.6943031731684455,0.4169467730346643,0.5886288233154221,0.5865721835147474,0.308779170728093,0.07276267250047225,0.0867976371764469,0.08184055983307252,0.2046520691383572,0.21497825344822943,0.7083356366715056,0.7108192035726877,5.547006075913417,0.003313005707426033
30,3Item6,2,0.7038919477197683,0.30568391140946116,0.5434746863224232,0.5830542544843358,0.3288233199558026,0.12714627144854695,0.10066350058337223,0.06404438208525136,0.20976247119315508,0.2007908751973277,0.5624620953654652,0.5242803882042391,5.390187325805402,0.0011804350077372916
30,3Item8,2,0.6184787772846424,0.4583327766632545,0.6276203480994098,0.5779334644014162,0.30397720316227567,0.10122590182115039,0.13921915167875004,0.1258978380980863,0.21807146455105733,0.2176407954956668,0.7302707398205447,0.7930545713335869,5.113466363679134,0.01620841598831217
30,3Item7,2,0.7301716476391454,0.4266924500213892,0.6744468912712273,0.5828908209051071,0.3307362384474948,0.10423632962182547,0.1419853349397138,0.11617577133338029,0.20824175771408826,0.21714550215428824,0.6326553727373331,0.7320280813940376,5.19008793181267,0.006563646907361429
30,3Item9,2,0.8359889294385178,0.46119805385352336,0.5680313557081695,0.6022990777813026,0.37233515530832395,0.07459733975184592,0.050534488259508584,0.04209296223380591,0.19616335193386591,0.19072721731565542,0.8119235820470161,0.765729303100904,5.281774897748299,0.001938636652768868
30,3Item17,2,0.7709582290116063,0.4018371815950115,0.5997980543808391,0.551890372617229,0.3007990528205017,0.10601023509066737,0.09546479220804599,0.07801986244187385,0.2262056918624795,0.23057097825787434,0.6699541253761931,0.7281105103560134,5.288245178799624,0.0023477820230599915
30,3Item19,2,0.6123985568022753,0.1689355970619867,0.5016423676942287,0.6692711060083241,0.4870738729184239,0.11169567101751975,0.03994755737371049,0.04330433051253633,0.17539790545333242,0.16692925430837222,0.3367650095061244,0.25241728694540155,5.499810149200393,0.038884535169518196
31,3spl1,2,0.4584675723214829,0.1562706938898828,0.5176601033964285,0.20590423694906504,-0.1282080178433891,0.16893646450790198,0.14580434570008816,0.13871797093747099,0.04407459812069701,0.038015080490081336,0.30187895988640717,0.7589484094472101,4.767045703659956,0.0076122994866297785
31,3Item15,2,0.4571570646648786,0.2586211013527358,0.4553132259315587,0.22026373788648224,-0.09400609691743059,0.11753421009181618,0.12503631511559746,0.11213973346203308,0.06144845545592317,0.044549134347534575,0.5680070027739628,1.1741428828011582,4.8422773113881545,0.004256731038296565
31,3Item2,2,0.46213336828539675,0.23957799617894437,0.5697791571423394,0.2274842882076334,-0.12022879032205884,0.1013903436415149,0.09526005018722923,0.10846900678357455,0.04793072039004733,0.05142776718866032,0.420475183683525,1.0531628228632204,4.917734415519546,0.011852686244140688
31,3Item5,2,0.41181119148056905,0.16732259588649054,0.47810609028516265,0.2569887854878862,-0.1183500938246206,0.035540392461004953,0.13355325825299288,0.21017023797655796,0.052804026688788565,0.041874227461461216,0.34996959657368654,0.6510890929257636,4.921716625886571,0.00017856037400092314
31,3Item12,2,0.3514460528816861,0.20701391674520975,0.5295568669674011,0.2527555726303903,-0.09936220242454921,0.09514126525870134,0.10928867863010831,0.12856797275804133,0.04675132989958255,0.041113053335207185,0.3909191425272069,0.8190280980625594,4.971384772366808,0.004140122317702299
31,3Item6,2,0.16434940781175666,0.00010783350201214643,0.4504593922977345,0.20394433736346265,-0.17735986022191663,0.08459100388816977,0.11874969443376282,0.16590003383814386,0.04107488107600917,0.04433182066576786,0.00023938562191525456,0.0005287398653840993,5.0683282569159,0.01129659472739493
31,3Item8,2,0.4716594399856532,0.21840402252771152,0.5169912066276696,0.23405076142131015,-0.1210187839086501,0.09108154104935914,0.12276330086070529,0.12827299164988135,0.06804202434490826,0.058688685624214,0.4224521022899161,0.933148092611494,5.100577752463862,0.0051249528228574604
31,3Item7,2,0.5184127305723971,0.2556871047755084,0.5574091103917164,0.24295248565231417,-0.14926101814399545,0.15394116843804792,0.11302090567756407,0.13222076643411912,0.05791837614655603,0.07249026450506235,0.45870636046317803,1.0524160847195547,5.169470278990002,0.010110298585564054
31,3Item9,2,0.38642266856127383,0.157235699835779,0.45450720123911614,0.17481279142118716,-0.19021798136892287,0.11255950420926601,0.1207065628306829,0.15191853292100174,0.06782368494555248,0.05606225943876037,0.34594765288902357,0.8994519088565407,5.175832816666455,0.008754377326844556
31,3Item17,2,0.48225474910388866,0.14839379560990026,0.37981089274236257,0.18933066964975995,-0.11164243591075922,0.24136085878781174,0.12970991525908157,0.13285560896736592,0.07511213635713704,0.11827057507461049,0.3907044217393099,0.7837810699166211,5.0772261485844705,0.006106677007363019
32,1spl1,0,1.038594631418552,0.600980949285181,0.7562764297792988,0.6095416384219458,0.29528195457228507,0.10752144515331866,0.09519469819910366,0.0837746984588468,0.015122383652051107,0.022858505606764463,0.7946577796506301,0.9859555285757291,0.7772491487394294,0.0004245440256839627
32,1spl2,0,1.0658599426160131,0.7463507873888889,0.7893804745522877,0.7317851708562092,0.39489070237581697,0.05255152490309879,0.03547384362179929,0.03654550823518865,0.009174067034229925,0.013155226567142287,0.9454892925578212,1.019904223388038,0.7645853627162037,3.370528839857657e-05
32,1Item1,0,1.1253718153834786,0.7829415729775543,0.7970059427884887,0.6418110808014353,0.342482213075007,0.07349781711161774,0.09030482911849838,0.05261690655769368,0.031189738303678882,0.0374596057750399,0.9823534931946921,1.2198941326784105,0.7537530329476637,8.993755043330258e-05
32,1Item2,0,1.1539011252307243,0.7415922211244371,0.8228136252490312,0.6216061124081537,0.2595952726887829,0.15345397067761055,0.1581764086998538,0.09670522799832187,0.021542361906831738,0.02747364291918117,0.9012882109222486,1.1930259454148888,0.7394382388719873,8.219976584310728e-05
32,1Item3,0,1.1266413311593766,0.7763793320244932,0.8053561953466952,0.7602068839904542,0.4807365499336165,0.13544447138457213,0.1265407735721146,0.05024375195772588,0.046326923525261486,0.05916753586817285,0.9640198157614623,1.0212737444942268,0.7151453168182329,9.629268501934057e-05
32,1Item4,0,1.1514737111827225,0.765632785696778,0.7793739884680732,0.712755935030981,0.424192583910664,0.17731251584056842,0.13711511521767347,0.06306606162339382,0.02610745788332081,0.021752011156421787,0.9823689217795508,1.0741864739285716,0.7426442049964139,0.0008312352609236256
32,1Item5,0,0.9106518846217988,0.6306486835928417,0.6905832260800768,0.6219451593810477,0.3156983528133057,0.12289704460147009,0.1101274574811561,0.08948228505147046,0.046499236348269454,0.026068779791548254,0.913211701157802,1.0139940363977775,0.7497518638458234,0.0017739224957456362
32,1Item6,0,1.2679804602792,0.9106331943325748,0.8966403707115094,0.6211281538120971,0.26957520018117365,0.0693170535398639,0.052826946638259,0.03425204381437615,0.02021305145764928,0.03645096519855066,1.0156058360325178,1.466095502639159,0.7295496371583327,0.00011429105023649402
32,1Item7,0,1.1443937555037702,0.763076062616437,0.7308094246073351,0.6244924114347264,0.3078438693954276,0.12971292423841413,0.11654883222030978,0.07461170549133471,0.027300726005687274,0.04465384104039572,1.0441519168725648,1.2219140656031522,0.7083143194254304,6.552107526122024e-05
32,1Item8,0,0.9774746551645506,0.6056432049012751,0.6677884831950711,0.5503802205863382,0.26942501964706433,0.1656515783769312,0.15002256525097657,0.08193636868534435,0.02724276971035212,0.030763526953944454,0.9069386777930085,1.1004087377189078,0.6810455828161381,0.00017426561485247612
32,1Item9,0,0.8323973021726496,0.5391590449989748,0.5364279969864902,0.4970273409835516,0.1989718971898833,0.16120759040469512,0.11037493865761688,0.07263797456368795,0.02715842088777397,0.027856751050728844,1.0050911716441642,1.0847673748636901,0.6796438916513962,0.00022391456993218649
32,1Item10,0,0.9020697795084069,0.5439387344693427,0.5739233028617932,0.516409236203159,0.23309107589723138,0.169410857037834,0.09664701651919999,0.07763958552312471,0.03439504553077475,0.057741663730782704,0.9477550934232999,1.0533094594033248,0.6453175453715702,4.3374594479296534e-05
32,2spl1,1,1.0993656722284526,0.7590820189653478,0.800796210889302,0.5094357100680443,0.19982926474435042,0.08666164602111018,0.08167147960714163,0.05736314163036491,0.017081285007754018,0.026149722046391755,0.947909103084368,1.4900447739988898,0.8709497177530954,0.0007715945295351449
32,2spl2,1,1.162768214443308,0.7682669584395091,0.875582195699883,0.483643734563121,0.17148290904161018,0.057943237354781005,0.03049083188096054,0.044707249751476,0.016757890482611983,0.015738569283363566,0.8774355638284437,1.5884976935450072,0.8809055624698082,3.477935506062592e-05
32,2Item1,1,0.7104173460665757,0.43854559799606074,0.4844042321042359,0.429084616457048,0.12835313162688658,0.13524973042567337,0.12347687064668227,0.07222702935693763,0.025964252502722086,0.034759842228046206,0.9053298217187398,1.0220492186251813,0.8810887793938641,1.3720677939474953e-05
32,2Item2,1,1.0471392667168429,0.7692110902282343,0.708162685408869,0.3787762618124491,0.030395866057473544,0.09962259262888493,0.12959914256833538,0.08463820233866487,0.014908010036087613,0.02912876557992544,1.0862067502157522,2.030779554444014,0.8729134775646402,1.7783080502865434e-05
32,2Item3,1,0.8055569043265689,0.48407779834752523,0.5917108951112701,0.41559870480653854,0.08308162454510014,0.2156385816119382,0.13892562330561037,0.08913749880232105,0.019562287583699704,0.037394917626299866,0.8180985030508807,1.1647721505967916,0.8663472482402522,0.00043753502951143395
32,2Item4,1,0.9481404943837014,0.6081987827948399,0.6424941775508612,0.5314258976810972,0.24463666564374498,0.12892349275627402,0.09564911598740937,0.06238944331351992,0.04712995157585212,0.07416636899498406,0.9466214684880503,1.144465831086289,0.8339580606054174,0.00030586109764662456
32,2Item5,1,0.7862663745916927,0.4283117259116302,0.5020985092706339,0.40898864040590255,0.09827947251478919,0.17244010191094897,0.1498062217014445,0.074883344832766,0.018046317996130504,0.01952606722198671,0.8530432119401584,1.0472460174915967,0.8857419976488909,0.001099097230042073
32,2Item6,1,0.7475534619784595,0.4985717296987813,0.5204912653170901,0.47622040726103787,0.16727912350211685,0.21839055925392353,0.1712716549177347,0.09248139604569772,0.023582060657571763,0.030823939243380144,0.9578868310828579,1.0469348248206356,0.8668998374370991,0.000311325849189514
32,2Item7,1,0.9192593462135199,0.6096878337358058,0.6150700599556577,0.5028594480381214,0.20274186005049719,0.18027572951812618,0.13347319741999342,0.08867053107061192,0.04427041099151947,0.05735059317797981,0.9912494078942986,1.212441836187085,0.8372200865037539,0.00014845669538920885
32,2Item8,1,0.8190253182335708,0.4955329988172414,0.4835661077589679,0.38545806449853426,0.0767269417095279,0.14459521125214475,0.1030919995685266,0.06898653333837096,0.01941693387806665,0.0253853662602546,1.0247471645376172,1.2855691530966957,0.8115374711988836,6.643430486771633e-05
32,2Item9,1,0.8553939144390338,0.4996296685807823,0.5199176107510288,0.43355821180157206,0.15932812243254618,0.12359225727379225,0.11253665200630206,0.05992171997937168,0.02354942249917646,0.039784343517885665,0.9609785421541717,1.1523935052510452,0.8148737972752228,9.168706802710933e-05
32,2Item10,1,0.8384677434451306,0.36563704661401303,0.5190878992403679,0.4952742819451889,0.17415609622616054,0.12415381437936253,0.10736216118019758,0.06012402011203226,0.03224698847376973,0.06485344858113867,0.7043836823102635,0.7382516298640068,0.8951891413429874,0.0004896893100252317
32,3spl1,2,0.7667930447602924,0.4902586270939496,0.6184019377346672,0.4249630025904194,0.1224459240213794,0.25774714499925544,0.20955978779200307,0.0958531360302768,0.008641748176116605,0.010901318274577427,0.7927831340520763,1.153650136486851,1.234138855114016,0.0001336066692627374
32,3Item15,2,0.9700990256515697,0.6400852541215535,0.5985214649160666,0.45540379785016016,0.20872225286911597,0.15347847996034028,0.09614633346076332,0.05073011806160928,0.027411791610336213,0.03431197676589453,1.0694441061389026,1.4055334095536571,1.2107997369545243,0.0005989341010695039
32,3Item2,2,1.0877443434120433,0.5554710127865901,0.687555953478498,0.46457560760351824,0.201559784994456,0.10299257563628288,0.07819293285640666,0.0525602211315503,0.022296059599880562,0.037552483447422354,0.8078920837910675,1.1956525536420153,1.1720079647774935,5.662597392231025e-05
32,3Item5,2,0.8760493738647387,0.49627415341645154,0.5455113176218965,0.46042965893270293,0.22121588481284762,0.16476930847007207,0.09755505895050831,0.05665298999492191,0.01724235852796538,0.04763573015470812,0.9097412582935385,1.0778500965576103,1.155614865360628,7.907549988870644e-05
32,3Item12,2,1.056692982890078,0.5980792576486867,0.6405685558161479,0.5426224910267509,0.2543246623553696,0.0963932927626539,0.05935315273762155,0.03327490250387042,0.03808232794606669,0.05556945167775872,0.9336693961710391,1.102201376531222,1.1447688689068,0.0004963635329263326
32,3Item6,2,1.0801764244679786,0.7296690350883923,0.7662216192982823,0.5695068867970314,0.24070889431987988,0.0927176604472285,0.05709075239804784,0.028809160884234363,0.022695041123756827,0.045982193812559254,0.9522950224301158,1.281229517540869,1.1162277213232625,3.8571757669056076e-05
32,3Item8,2,1.1174040586989384,0.6411314673405435,0.595741573911708,0.42287518841878413,0.1033463450606851,0.11489165825689054,0.14033598187703333,0.07839576015467731,0.02110396743907865,0.02166672544057546,1.0761905737996589,1.5161245761940754,1.1353403141584262,0.00025329762161980764
32,3Item7,2,1.0906886678648888,0.7146115209550762,0.7913709637054535,0.6049159815626555,0.37694236949757703,0.09421259810288533,0.09478714693859742,0.04606743873448714,0.03345667059845434,0.0833915582202271,0.9030044730299817,1.181340122520335,1.1316811981895116,8.395837827804522e-05
32,3Item9,2,0.6260057567809177,0.2791815937398779,0.49807715816079173,0.44916283313115396,0.2003594176970135,0.105107317400122,0.06787532321900965,0.030805715183914825,0.018640380178868658,0.025641007850208855,0.560518764221732,0.6215598721116757,1.1294652198607,0.00011742825511940875
32,3Item17,2,0.898075314813123,0.31028062316818933,0.49622179827408636,0.3775765420681063,0.02595587582736711,0.039639300971189576,0.01927428662382582,0.021194825453188085,0.003703233779286407,0.010041298043293187,0.6252861595804398,0.8217688012261442,1.1159552253302252,4.145203590940139e-06
33,1spl1,0,0.8394629750951974,0.6640044110021127,0.9238535830881279,0.49973218838538114,0.21691852562685926,0.18437218449474743,0.10760775135520112,0.0485633448478571,0.036329562372286114,0.02403189752872014,0.7187333820407328,1.3287205129186683,18.644785448118643,0.2431131837883044
33,1Item1,0,1.159273484968957,0.8799022690821605,1.083635194078539,0.5763527867673841,0.3127645980318709,0.14150412763733727,0.04708939342698079,0.03842525086696437,0.024185002662988498,0.01963309852981844,0.8119912246098536,1.526673051223774,17.966032449826493,0.028284813662679854
33,1Item2,0,1.0614119265492399,0.7870038713257714,0.9765096096137396,0.5701578451021103,0.2745375239331007,0.07540411035412008,0.07232149298746852,0.06482435094661405,0.0300712489925831,0.012592270635021842,0.8059356126880686,1.3803263021041123,18.214811591930335,0.01479391785064702
33,1Item3,0,0.9739280362265054,0.6849550106498806,0.881109533764853,0.5728221125303076,0.3321216576682497,0.1343344456419695,0.10146122511146431,0.06507710751373706,0.0287416431382523,0.015309825863809776,0.7773778215130526,1.195755182055555,17.864613957425757,0.02426226933545693
33,1Item4,0,0.8970842751809207,0.6241266229196406,0.823657594710899,0.5617186441759693,0.2847191054596117,0.15837399379408568,0.10864114240225706,0.06891142047970167,0.02714784973307705,0.026435579332590456,0.7577500968481409,1.1111018448107963,17.8564044030526,0.044882119801735405
33,1Item5,0,0.8645909177519341,0.6322734349169197,0.8543308388631277,0.5985698553144032,0.303967696656,0.2014434628327107,0.11143092646389036,0.08036062380921731,0.027864523957434044,0.013678599968429005,0.7400803124679617,1.0563068424628677,17.82364667897679,0.07719375137798137
33,1Item6,0,0.8388192790664802,0.6266131241562272,0.8342682644758914,0.6081391854455166,0.37791289865742234,0.1820120041975078,0.123685968634172,0.07580212478512574,0.033108317720076795,0.03152937855368229,0.7510930837082583,1.0303778117287392,17.546790423004524,0.011575053470628947
33,1Item7,0,0.9970860104577939,0.744049367722237,0.9615644006292325,0.6615648050482686,0.33154825018905404,0.21813734181186362,0.16631125879752737,0.09400533712941285,0.0418722648643144,0.024016449401232487,0.7737904673483673,1.1246810001376497,17.55930595333201,0.08512469353374721
33,1Item8,0,1.1525595045229995,0.9177229570578472,1.0429799488805263,0.7122552927055403,0.35944375336660006,0.12849203344291618,0.14829198880718758,0.09115465174850922,0.04297240995025048,0.0459926360726206,0.8799046972695618,1.2884747437724922,17.750015317581504,0.049588632650150906
33,1Item9,0,0.9395348737140491,0.8626049083055832,0.8880682028578527,0.7374040394449968,0.38867643471462887,0.1688270395509264,0.1150532271406731,0.094045952290526,0.062260054860138546,0.01619506146686234,0.9713273198593819,1.1697859802680661,18.12921783988436,0.0694766592593721
33,1Item10,0,1.0322072631154917,0.9325287077977261,0.9866829403568215,0.6694025632823489,0.3822885528358416,0.12495524114904849,0.12473508932121917,0.05999849481398592,0.040706025427850415,0.04363659272320475,0.9451148577833666,1.39307609136136,17.61467957829898,0.013199231081040647
33,2spl1,1,0.7751103195353836,0.733076648090278,0.7954772184168322,0.6194340537615741,0.3216987978974868,0.24688609112108356,0.18901053309925037,0.020337644971393395,0.06613021592272514,0.03335785496407258,0.9215558034807076,1.1834619721908024,17.469464232464517,0.0012610032730240154
33,2spl2,1,0.9039511039765391,0.7783355475485005,0.8693845699470513,0.5971226344174301,0.2758338637807863,0.14303798736865228,0.19614003990430748,0.10066950636100061,0.07991046848519281,0.06606915052244249,0.8952718665119996,1.3034768762440065,17.623722170921038,0.10133674663628756
33,2Item1,1,1.2360156642497102,0.9657395238195249,1.0979279650043452,0.7685894445886443,0.40584451204294614,0.15698809136426675,0.05349413040132748,0.04471002819650177,0.047142811780598794,0.06272189821565265,0.87960189896074,1.2565089585375298,17.719890937601264,0.013532797563850412
33,2Item2,1,1.2788673450689159,0.9733062072020215,1.0440270348959702,0.7545495265194276,0.3473589330725847,0.16868015721929155,0.09917965679401142,0.04351134197372152,0.06368251168509025,0.04830662508586203,0.9322614968172189,1.289916926198011,17.57678474096384,0.011800774366702361
33,2Item3,1,1.0289424130086071,0.7576858106510685,0.926225164288928,0.6461356151463877,0.308509118904501,0.19430718443670836,0.15251147708521665,0.060889939119886216,0.08032208394173654,0.024259066474108304,0.8180363037477123,1.1726420765503942,17.74300015420789,0.03128837881400562
33,2Item4,1,1.053758784687835,0.8342996975510328,0.9893390793631444,0.6639683625955793,0.3472861997931277,0.12752982501391594,0.09216923834354064,0.07394966093386686,0.05926142050739902,0.04388525895903867,0.8432899438732339,1.2565353159796055,17.60766981081789,0.02096546613524871
33,2Item5,1,1.003059845024479,0.7689126365085402,0.9332496742882814,0.6273461973151148,0.29231870809243565,0.17127235041648584,0.1647405409250447,0.08514012975190313,0.0553771724577175,0.03874207814130137,0.8239088176173462,1.2256591951519518,17.534628737943418,0.04933607172491419
33,2Item6,1,1.1981962195175666,0.9538426565272539,1.017204911272927,0.6686761401104365,0.3102678094895247,0.1492281170280533,0.0986000221358885,0.07083539003737481,0.04938374701782288,0.03316324905457923,0.9377094477413688,1.426464319398709,17.664235365010597,0.04746947373062031
33,2Item7,1,1.355206240980993,1.0059172413808195,1.1397679812544583,0.7249252755341045,0.36820027201056416,0.4496335802551534,0.2957237802940978,0.3069168438176856,0.20454910745097524,0.14396030057975095,0.8825631681556079,1.3876150741910234,17.022943888615526,0.007159244734207053
33,2Item8,1,1.1308800299828654,0.9229044824100079,1.026932808718238,0.6742284760436865,0.3133270057762705,0.12088248883507714,0.11211537583215682,0.0534371214104953,0.04542298792797812,0.03376862602978752,0.8986999671996333,1.3688304689483006,16.972681356488017,0.02819772326650309
33,2Item9,1,1.1115425332305475,0.8932327258602306,1.0623822677718107,0.6519126754506157,0.3269070903577285,0.1416213263135112,0.2183588545150362,0.07010211482932804,0.04274633931594881,0.05056528443185281,0.8407827880004728,1.3701723530266336,17.00207752446558,0.006960363309664988
33,2Item10,1,1.0297698567112883,0.7886632356104095,0.9404743808239013,0.5979305284582015,0.32154826689038274,0.17416397915428278,0.12772990483919106,0.08523252956839392,0.06508344029961015,0.03534930449180352,0.838580242963048,1.31898807094703,17.307632109803535,0.05329519192115642
33,3spl1,2,0.8878768075020108,0.6886314461273458,0.8525825545297588,0.6614254050348526,0.29815190082888743,0.25781433483476207,0.155064495991079,0.11307819759868284,0.04172508610504813,0.059524187292492106,0.8077006052504315,1.0411324388876888,17.804280667343242,0.03797819430127112
33,3Item15,2,1.09450151992282,0.8434394231976431,0.9783613912799854,0.6086877424867543,0.27326637529822484,0.19685200704453476,0.1528406860561339,0.09026509190089962,0.03912892865947572,0.06435144433247687,0.8620939356898389,1.3856684847408913,17.87532484371511,0.012294761856857059
33,3Item2,2,1.050914181774809,0.7853827512143278,0.9736054507831768,0.6420545469436288,0.2776661247549178,0.25170827944052765,0.25845895755900145,0.0649055184118746,0.06828980864860242,0.04189909444900095,0.8066745618318841,1.2232336858756787,17.955754541945396,0.007403431449136845
33,3Item5,2,1.190656456326244,0.9067364947461879,1.0111239128852327,0.640476046385634,0.25754429351420544,0.13094111851980067,0.06823359195259476,0.031217016761651426,0.054485339124798346,0.03484569211345736,0.8967610025778765,1.4157227244444273,17.778784897171867,0.001426146057289305
33,3Item12,2,1.1415253573141313,0.8702229773946745,1.009246174909702,0.6247505843296862,0.2871245667205332,0.19645813420890243,0.15284631359943412,0.04837451161412441,0.061692534607394905,0.04354895089572492,0.8622504579819522,1.3929126243802563,17.74670436101122,0.006821118956447627
33,3Item6,2,1.1125462230631806,0.8760469447287582,1.025835649735512,0.6108980279956427,0.2770945294768813,0.09298188544575146,0.07841876925269832,0.12155504635980718,0.046699169578587836,0.037451768721496845,0.8539837196149724,1.4340313819133417,17.65041550489311,0.0015640544523078182
33,3Item8,2,1.2706871468518055,0.9329064455670762,1.0541134081795387,0.6801517769834503,0.361336595275141,0.13822740482876072,0.09892215279459321,0.05678985196748302,0.06188822191670166,0.06557657695791021,0.885015253048718,1.3716150949910126,17.515373737858432,0.005821000313804466
33,3Item7,2,1.123306814900934,0.8487016646399933,0.9524346748796418,0.5457081483470646,0.24906023039872302,0.199782777071235,0.08219040901210432,0.06066765680101023,0.060094266430656254,0.044525874546312114,0.8910864819743741,1.5552299624908625,17.454447466977793,0.0067857055776119
33,3Item9,2,1.1276200993144805,0.8395060770492431,0.9585248618698308,0.6032940348488517,0.2896213103007984,0.13463786166615324,0.08873942957890314,0.07372669378370394,0.04667154446243858,0.03955865751902967,0.8758313003334681,1.39153717286138,17.301370112656144,0.004628560881491445
33,3Item17,2,0.9072667687316394,0.7231186181229655,0.970600673157503,0.5312346858779278,0.18532507455493055,0.19695432973805538,0.10072831690827508,0.04832069684516946,0.04950785888622223,0.0466374544098634,0.745021755471831,1.361203693931851,17.24938707011266,0.0077446679706517215
33,3Item19,2,1.0221528943586602,0.7820276145374183,0.9508083655620916,0.5542200963376634,0.20367413242165033,0.1723925782077893,0.11218449919476176,0.07782039248410541,0.06000939275478837,0.06636752780242036,0.8224870983887675,1.411041602955371,17.333348140251122,0.00486059834782561
34,1spl1,0,0.8416599597318314,0.5200377992298691,0.6258654966104522,0.36093630962248,0.008811977396466204,0.09537684379176305,0.08639611492795705,0.06123639647606584,0.013079873093951052,0.023565252323744186,0.830909838000925,1.4408021136277438,2.863994967994968,0.03592336603583253
34,1spl2,0,0.9163023085643198,0.5725229138601801,0.693532069322944,0.4176352502849522,0.030229507529742527,0.07580191455801634,0.08169360134733675,0.07492225658490265,0.013520896334303291,0.022255052033669703,0.8255175764165947,1.3708682686595057,2.727276597109444,0.01807134842583884
34,1Item1,0,0.8589902831134769,0.5315841773301708,0.653970624472555,0.37772503883832476,0.037837697450756914,0.05127583509915224,0.03792996548241476,0.03908324490361748,0.013715882801198016,0.023592527702970822,0.812856352601543,1.407331051067468,2.851665094474459,0.023261059928439118
34,1Item2,0,0.6431773292695939,0.3511730834313009,0.5466917609481077,0.3971099769063808,0.023661373633812276,0.12441451005763342,0.15228722545184997,0.12236518204051647,0.018469788695393247,0.02685251978578721,0.6423602985710154,0.884321983755569,2.897151624440836,0.005445871963281881
34,1Item3,0,0.52388644,0.32430965,0.5163317000000001,0.275095025,0.013057947500000014,0.06017297030465186,0.0628895029833173,0.0844262336851698,0.010587548497609527,0.03157651545391396,0.628103309116788,1.178900450202978,2.792820512820512,5.152356800705288e-07
34,1Item4,0,0.9335613837799087,0.6025775814851276,0.6887136830627838,0.37130503782335933,0.03687208109320008,0.10416493333257422,0.1007512449041882,0.07611817543197134,0.01954939886108663,0.019031885991455888,0.8749319135500089,1.6228640025857322,2.921316565240868,0.045453375501802576
34,1Item5,0,0.8506945355868497,0.5585939647946547,0.6833253128426935,0.35577862194446996,-0.021842614380264327,0.13465374340808045,0.11386189192387378,0.0807631463755797,0.025454839911099838,0.015859799534635694,0.8174641762550702,1.5700605060856627,2.6310713320974637,0.06391350818521568
34,1Item6,0,0.9432332173793123,0.6252265349338632,0.6805278543320087,0.3547120378076887,-0.008891252920736193,0.07884751990125094,0.07125951783409695,0.06181709457280517,0.02947631859100806,0.020037993760117254,0.9187376093941582,1.7626312798276267,2.9597743466097897,0.018024322900126944
34,1Item7,0,0.9884991387342265,0.6700133904481412,0.7373442970974083,0.34126345373424577,-0.03999646053751018,0.06219498986123239,0.05892921168300852,0.06872682202199294,0.031018348257072274,0.022094473817149282,0.9086845754106961,1.9633317929395777,3.046241270293074,0.028719921566727584
34,1Item8,0,0.8523066329402628,0.5243053996589212,0.6351650519118484,0.32894990245840794,-0.06316544554709393,0.13415236684027335,0.1261855483654053,0.10334583125076936,0.03757317811958888,0.021164182298511757,0.8254632355090972,1.593876131735098,2.4626776714908996,0.09877403753995091
34,1Item9,0,0.8620874720510098,0.5357037406283269,0.658019905295684,0.36323792077434636,-0.037779151412093655,0.059359743757137824,0.07236289758346492,0.07125873009595063,0.03953624180869429,0.020279272120060823,0.8141147942530575,1.4748012487559632,1.985312961574089,0.0013460273908065833
34,1Item10,0,0.6031432127496497,0.30650074704029306,0.5290681748746586,0.3504985070500075,-0.06192325795238886,0.20703721655317123,0.1774007587262958,0.14031432100221022,0.04104601034217167,0.01882232095871355,0.5793218360442569,0.8744709035867363,1.923203324353576,0.002974871251007447
34,2spl1,1,0.7374217110331354,0.441648538250999,0.5449551777092825,0.2649035359672885,-0.12936083961206474,0.17977564047873965,0.21764524128715645,0.18024418527082725,0.05538508475888908,0.02778823246520795,0.8104309409390996,1.6672051393014649,2.5817532364116214,0.003089439285285414
34,2spl2,1,0.9799034459533537,0.6130200859541898,0.6849750766206631,0.2964415298819875,-0.12215945465072202,0.059595017838318276,0.06966888141581616,0.10988379393216757,0.042470990476694136,0.01541554296638146,0.8949523945945348,2.0679291600279557,2.4315668336492235,0.0035833852915793316
34,2Item1,1,0.8669592423754484,0.5791939223379833,0.679355279287515,0.3111278209231865,-0.12432407913588879,0.3386800250051853,0.21870601182656949,0.15570170161869776,0.04606545876650393,0.024217304014884953,0.8525640988509846,1.8615947579287164,2.3445721262864114,0.0005112241711204101
34,2Item2,1,0.973868638445548,0.6301100746762326,0.7058551919076527,0.2819083757032744,-0.1353183776571192,0.10501282061690351,0.08419910581133108,0.07192902316467026,0.03570907354044604,0.024628101637581272,0.8926902869136647,2.235159103978884,2.4106047169205063,0.0011866664464677736
34,2Item3,1,0.9971962924273357,0.6977299088048443,0.7070872233987889,0.27048103872406576,-0.15154683591978374,0.07628616546421421,0.07353683615277692,0.06024993828755331,0.03983287228516325,0.032553274677107495,0.9867663913714453,2.57958897790633,2.682028217570885,0.023532900029982453
34,2Item4,1,0.7041544006187903,0.4028741938093195,0.5645346053584775,0.2648395027765838,-0.14622489857165505,0.1864055761232818,0.1845224433506338,0.1401467345997325,0.04501216990739521,0.017496054986239257,0.7136394992825219,1.5212012863050086,2.394099255026199,0.02511066200279378
34,2Item5,1,1.0444772540724208,0.7033693951217758,0.7311480479659909,0.30230864261565477,-0.15057018274635295,0.07121657296305106,0.07740175454869791,0.08634897922650261,0.053214180708027956,0.029744067440349124,0.9620068002868908,2.3266598887460734,2.7870299082025465,0.029813147080277026
34,2Item6,1,1.064548827643007,0.7083662861702964,0.7521299937191682,0.34348618406095116,-0.11708953122397009,0.04110562410170707,0.03589027186171735,0.06557410942339591,0.050364463177535124,0.0380237706612543,0.9418136374614173,2.062284647764211,2.4980080411870147,0.0023017787724186477
34,2Item7,1,0.8651528786378315,0.511742983963042,0.6264410644500956,0.2519472471962149,-0.18395802980578604,0.1510660207357692,0.13580903859269738,0.12737160169180534,0.05456743085895284,0.022793778743522237,0.8169052320913166,2.0311513129307914,2.3576968264753817,0.0062472305875958655
34,2Item8,1,0.7755438379363224,0.43217886398427513,0.5453574841199167,0.24103787454413486,-0.17153071842078946,0.12402642019265092,0.10240238980869659,0.07394554368904473,0.04479276972840815,0.030397546410099757,0.7924689323540592,1.792991508113179,2.260119922540304,0.005515837807271957
34,2Item9,1,0.8666704766870005,0.5542703139113825,0.6688432547281103,0.236875008737802,-0.18003825316111602,0.11302227953003671,0.0776976218407159,0.06706501102000532,0.057072683497381704,0.023595990402114436,0.8286998622838733,2.3399273503984515,2.3531595260340192,0.0025454291688529512
34,2Item10,1,0.6186998518926167,0.3090462586620024,0.4477823677263245,0.2222796910126714,-0.20345417146845746,0.15440832171247743,0.14261393254455296,0.13328056200649807,0.033086368590500584,0.026765810529876883,0.6901706727333992,1.3903486002868168,2.1891789251752933,0.001918438043576031
34,3spl1,2,0.8841995132922955,0.5263778272926927,0.7018131239825257,0.24501127856262514,-0.16665110080021844,0.07827562608873977,0.0681041252404534,0.11193462493396207,0.04688188813814717,0.020396267763387013,0.7500256244221691,2.1483820182986717,2.360341462905565,0.0032684163133439663
34,3Item15,2,0.8679926306170798,0.5673521946772039,0.6435798535103305,0.21567475379167356,-0.22841710255892564,0.06034868564512057,0.030611643120219273,0.03627195008848681,0.04188027904477181,0.026611578816775144,0.8815567962562709,2.6305915832626106,2.2568837255227785,0.0009135770893279599
34,3Item2,2,0.6809880468782238,0.43371715348067214,0.5935374859598586,0.19444648973862522,-0.18475665997756863,0.0813798953663477,0.1315744316481788,0.10969903965468719,0.033855025827762536,0.022111976964009575,0.7307325367133969,2.2305218871945307,2.193730098284553,0.00013714379954449016
34,3Item5,2,0.8102259964976952,0.4510681994514621,0.5798902710508499,0.18640802642212617,-0.21470099137267357,0.05903948249380061,0.08121924861240168,0.06618829628048237,0.03527037008314558,0.025346240004664476,0.7778509507604026,2.4197895642659506,2.2200965011999485,0.0008916048844452241
34,3Item12,2,0.7940810811304849,0.4824691602096608,0.6096957104115045,0.2409278423221239,-0.1956352099644978,0.17036825111958326,0.15843706768696977,0.10296696684069392,0.05216192799830948,0.030172678765108735,0.7913277905345572,2.0025462958409204,2.207101583862147,0.0005955888398703445
34,3Item6,2,0.9286425758692113,0.6516845679585745,0.6440627020602387,0.27125009621942475,-0.1266503140471102,0.06283055274441623,0.09563052432572258,0.10901861222608805,0.07431084502160447,0.03402215764260145,1.0118340417200389,2.4025228917481325,2.8300201813155175,0.09565401726468471
34,3Item8,2,0.8951461285913832,0.5769981726824249,0.6716016220393594,0.2832681405895042,-0.1587077408416625,0.11596960654573853,0.09962198506291547,0.1067341986286234,0.06850045620307213,0.0327206241300495,0.8591375495359841,2.0369328137104,2.8459128248477366,0.006536633833028407
34,3Item7,2,0.8658579667107544,0.6260385401846776,0.7399103866676496,0.28588917116964296,-0.1644458253561362,0.13373358584322578,0.1668071405174974,0.15951624013374366,0.0789853599816378,0.030039689528426814,0.8461004881389494,2.1897945117459514,2.9235570427265927,0.013111803299692032
34,3Item9,2,0.8868813488232217,0.5783446082226443,0.7211585626206702,0.30755222383492037,-0.1348521540237558,0.13757484896601999,0.10443142371224552,0.11652348694120634,0.05783725359753248,0.02575904956214985,0.801965943965208,1.8804760997358174,2.8358835805644316,0.0019580882504140317
34,3Item17,2,1.288492007971411,0.8758307289618817,0.9029901635295012,0.37485028127848535,-0.09335352929078873,0.04378758067464655,0.08014395228742291,0.09895764645822648,0.08091286348709567,0.0399835260248585,0.9699227780827815,2.3364814443735855,3.0490112017701563,0.009179719359702384
34,3Item19,2,1.1019349332146193,0.7030184896170015,0.8155313468863848,0.36317626055124014,-0.052557790748738904,0.05306617187312316,0.07361420442601543,0.10283724652004722,0.08324558152423968,0.036852880801604614,0.8620373593719196,1.9357501137717212,3.0178699041575294,0.00027922831768516714
34,3Item11,2,1.1598294395319433,0.757155280326087,0.896923393056788,0.425121092837622,-0.04801909335758651,0.052065778070461276,0.09580085881017852,0.08886835700574258,0.06281157495474263,0.029458625270718256,0.8441693965651523,1.7810343718566168,3.0809640963159084,0.00625298087919807
34,3Item4,2,1.2819609676488093,0.9098001118622449,1.097094575582483,0.44289541395578236,-0.004283800607908163,0.039880482307829694,0.11402804560224579,0.11934103117725298,0.068148386004207,0.025278957522631294,0.8292813867481945,2.054209822770636,3.1158735023276853,4.0808676066689684e-05
34,3Item13,2,1.098179821302521,0.6764702730934873,0.9616252585609244,0.36338283219432777,-0.01603363995325631,0.04032495892878119,0.06741686043258041,0.14595296411269273,0.04739596370173348,0.017550601675210612,0.7034655822189632,1.8615911685947155,3.133055716213611,0.0001908765031470588
34,3Item10,2,0.4910527735452838,0.239206962869783,0.5061804417751168,0.3280171143079299,-0.01811827560630217,0.15846944783717837,0.20754382194406787,0.24032135840313826,0.07962270049993232,0.011735254403587046,0.47257251101670206,0.7292514680071637,3.10137109267544,0.0007674081507998091
34,3Item14,2,0.5347272541001655,0.15485525980537249,0.4781347049548841,0.2945935597719785,-0.06815784615242551,0.0389241659021494,0.03845452397455609,0.12734738149528727,0.05514342716332156,0.02809953100731986,0.32387370729784326,0.5256573137565408,3.157257414400271,0.00017780524911562863
34,3Item3,2,0.25399505504078285,-0.03950145748843117,0.31722130505587126,0.2176934721580808,-0.08360542477572601,0.1307864872002208,0.10518777671352943,0.12109722375700482,0.04009803999001295,0.027250968456081645,-0.12452334296068338,-0.1814544869691463,3.534882767257956,0.013850362027825951
34,3Item20,2,0.8247828285048544,0.44970202041796115,0.5483995293446602,0.2845902044820388,-0.08420175419354368,0.05330148710783325,0.021554568756198416,0.01829003416735096,0.02550597420836281,0.006412541206934851,0.8200262683218033,1.5801739193949276,3.4271262071262063,0.001720115870365623
34,3Item18,2,0.6338159300104895,0.2903489136877623,0.4963589060223776,0.26393223914622377,-0.056368126406993006,0.06483359607418793,0.03320463000722051,0.0595821584590409,0.050871375107256624,0.04081363038002472,0.5849575973755465,1.1000888467695462,3.5982656798983323,0.0004482140158209161
34,3Item16,2,0.31283334020028813,0.10117987529719019,0.35615268203602307,0.29001683910479104,-0.0483854517961095,0.02137602238686649,0.07840379443788847,0.08226523692722575,0.06315738225837116,0.023025951912445067,0.28409129038333353,0.34887586272794063,3.6403337403337397,0.0029484106692083934
35,1spl1,0,0.9350669971713333,0.7193938258738518,1.1452122686053277,0.9900357738785976,0.7030751751747396,0.3414250627927128,0.19012204953766423,0.16358252105595666,0.058082076416857774,0.1802629115146393,0.6281750946676244,0.7266341723480315,1.3437581334577042,0.00028232813946584733
35,1spl2,0,0.9831247345056605,0.7609462025921612,1.196456290921956,1.0031591529333703,0.6864638537196546,0.39724831582503506,0.2048531091410313,0.18507766423738634,0.06477465440092606,0.19007816201838382,0.6360000007771258,0.7585498269227806,1.3325386081853519,0.0001065716139957754
35,1Item1,0,0.9660482276584021,0.7730312577161593,1.1081610757577884,1.0148920134535437,0.7279090399209867,0.4698839682637341,0.2124492271007364,0.3224841052107584,0.07984988473186223,0.18059805727460287,0.6975802290203712,0.7616881862376151,1.3605022350542064,0.0004896963809930224
35,1Item2,0,0.6906893572944509,0.540263452873052,0.9566554174299098,0.9145015846934922,0.6368532367829023,0.10604471763577841,0.1421246576847597,0.18276415635369195,0.08075175743739188,0.21526927339444762,0.5647419566804397,0.5907736643926703,1.34142616577886,5.659863988225719e-05
35,1Item3,0,0.486735922958296,0.4200427586047645,0.7771336380312173,0.8800341975417225,0.6347790895180975,0.10234732359509312,0.13509689886534743,0.11825185541748687,0.08776542109117069,0.22218905932189756,0.5405026079277614,0.47730276766607976,1.3397108660266555,0.0005746355420987644
35,1Item4,0,0.5108038967330569,0.5066032397033289,0.7874285369912798,0.9193586660719495,0.6377006058621869,0.11101922456856377,0.12818332646067426,0.13387943759202453,0.0876854302886115,0.20873207817776104,0.6433640835467652,0.5510398257480961,1.2720407581167075,0.00012829394825276431
35,1Item5,0,0.5789258326115514,0.5875034548040132,0.8511689915285482,0.9944757296814911,0.7259780060898345,0.06278340027188258,0.11254582120620266,0.1262826402686768,0.09009165441456969,0.22168049180466326,0.6902312701250197,0.590767010876586,1.2111435543014488,0.0008190256504885138
35,1Item6,0,0.6136429508133736,0.6776853199165196,0.9345143533787124,1.0988340868250934,0.8433919571196469,0.052097199975947896,0.11359846996083155,0.13246137570796637,0.0978672280434733,0.19321720961226746,0.725173794004546,0.6167312494444475,1.1619325142576085,7.997951478538167e-05
35,1Item7,0,0.769550469739063,0.7200507612710103,1.099286158222474,1.129889667567164,0.8591674330205854,0.22051078900936713,0.15817486899514163,0.13899091771614844,0.0730156909346219,0.18097041228843716,0.6550166717102148,0.6372752856339693,1.1549128370940542,3.7274978119524004e-05
35,1Item8,0,1.015800753417768,0.842971448256717,1.1932717420471324,1.1693269909572017,0.922366088165313,0.5221329878635983,0.231424148304653,0.20139128505958862,0.06924661891341692,0.14915006771833536,0.7064371155761299,0.7209030955881418,1.1278006231494604,0.00010067187055873568
35,1Item9,0,0.6541198985882335,0.6501440621843377,0.9460461108738737,1.0860950645903336,0.9136356315544497,0.30837246521874495,0.28331886738007306,0.1639716854951036,0.040161471661088674,0.10063449612672805,0.6872223816834571,0.598606956961875,1.1038273740818343,6.617658077142987e-05
35,1Item10,0,0.6547290949122706,0.6279398491722882,0.9396663125096095,1.101200756731804,0.9349890276702552,0.31246155504259004,0.2653621608314268,0.18427292154370858,0.035528783519429674,0.07491572105596658,0.6682583382466509,0.5702319443238361,1.0823761353599612,4.716098097666408e-05
35,2spl1,1,0.590360734627727,0.6502017196799846,0.8981716784830036,1.246961542387113,0.967389547931253,0.06243709451475007,0.08997405408125607,0.08365644748227101,0.025154950140690475,0.08130692144390271,0.7239169688073968,0.5214288468863653,1.0137681347262184,3.270012469103452e-06
35,2spl2,1,0.5244516413525513,0.6298660263207413,0.8299821818672156,1.233812338586782,0.9446918824186419,0.03220262956640121,0.08552186543191376,0.10777787687186177,0.02099411898031851,0.050396127428987365,0.7588910211841381,0.5105039122332742,1.0155669593345318,9.671647891201742e-06
35,2Item1,1,0.518886357424267,0.5638831616242468,0.8306931543826342,1.2054468967559038,0.9412371461349754,0.031244510475165386,0.10278664427163119,0.09052670986801084,0.02833425561493518,0.04998664732144615,0.678810410282616,0.4677793461279701,1.0280500903646304,4.9715309803541166e-05
35,2Item2,1,0.5548282052192276,0.645888263415174,0.8348074306281833,1.1933356158181239,0.9341816163900678,0.06180049239518872,0.07703096511314968,0.08986790602143115,0.028215712221508628,0.0523060908145797,0.7736973090374304,0.541246112420035,1.0645487034939365,4.782124722811056e-05
35,2Item3,1,0.47501057901502597,0.6160873070956341,0.8657528923024137,1.1679753858293895,0.9189172391919069,0.060414787580932765,0.11178729472500366,0.0706501685920782,0.03469923416519886,0.04891962370084753,0.7116202693190774,0.5274831251094062,1.0941667570881053,0.00012246497702295071
35,2Item4,1,0.5440343287731533,0.7720833506420667,0.8461626706431447,1.1877915341549294,0.9066676100941362,0.03247586041175351,0.06028490629143017,0.08938106941456776,0.027084685976750837,0.05213814362506779,0.9124526246741363,0.6500158721381695,1.1268726710205148,6.842606248409118e-05
35,2Item5,1,0.5503153785760869,0.6419716209166427,0.8391677499740858,1.1661930675842211,0.901433896758566,0.037380925426729245,0.07792953239554634,0.06528237674033405,0.03524743713895099,0.05826936837713385,0.7650098805291998,0.5504848538467199,1.1531519328129498,5.053747111108812e-05
35,2Item6,1,0.5187483110965365,0.6217408683485599,0.8621490799193519,1.2017425213435282,0.9311710807400326,0.03531223206769853,0.09034981287291124,0.06975964235159346,0.02772102744393176,0.052467508255190705,0.7211523878046325,0.5173661219344204,1.1562107393241958,0.0001680322910357377
35,2Item7,1,0.4924550116468195,0.5574061136413266,0.8226246097888538,1.2294174505663855,0.9392445250293741,0.05159512999552503,0.12238755249492929,0.09643876414736809,0.01724966498757265,0.05068800086223948,0.6775947453198653,0.45339043538965745,1.1600772900135956,0.00032629735994973904
35,2Item8,1,0.46895407317290455,0.48810877269187136,0.8696023727600554,1.186401387575265,0.9806336970411849,0.22775633840509016,0.18921162553701307,0.16552834870990163,0.01851262340518865,0.047874693775005445,0.5613011042982187,0.4114195898557024,1.1441024974512273,3.057219421349803e-05
35,2Item9,1,0.507831022182746,0.46322746470049697,0.7314384091992657,1.1127416724735681,0.9269369885462555,0.05690710091020342,0.14476997463891417,0.15157210822469053,0.02388072486477828,0.05944616845651272,0.6333102804572431,0.41629380452200737,1.2017283070286604,0.00024966145306916506
35,2Item10,1,0.7113249976423606,0.6802279221838174,1.0384821190486428,1.223938622873081,1.0176130539457788,0.23539388033538836,0.15760831678193177,0.17522541834949878,0.027441261430533347,0.04497889351963328,0.6550213133683566,0.555769634944011,1.1831314077592832,0.0006610315726967358
35,3spl1,2,0.7547799172946642,0.7056466556875001,0.9554434094042266,1.2277431802982612,1.021031278357314,0.08997944001322457,0.1683093939403995,0.1150947246217749,0.05021796218380015,0.05331720577079435,0.7385541079706195,0.5747510280947543,1.1580477656427024,0.000258676073843476
35,3spl2,2,0.6973880614734089,0.6553063413948126,0.8923310324291631,1.2262595044877942,1.0556291648081952,0.029070246121250316,0.12347622816298989,0.08213603328762645,0.021252528746190078,0.04164338357847109,0.7343758278545106,0.5343945049658457,1.1864105110858356,8.668444984039159e-07
35,3Item15,2,0.613330220863855,0.6674504691261987,0.8893051216759221,1.19753218875882,1.0501394610078574,0.08829358262156663,0.13433021241931103,0.1525852850558969,0.019835031246696364,0.038590329837727554,0.7505303321742238,0.5573549294408708,1.2254290022147163,0.0005881474821731241
35,3Item2,2,0.7335811890531437,0.7089581915804641,0.945230444578967,1.1970009317178143,1.0481693735741016,0.15635001697613318,0.1128311985481838,0.10670932830242574,0.021693535988057414,0.043403428722549535,0.7500374061123447,0.5922787294499099,1.2044505429719439,1.8473778237610268e-05
35,3Item5,2,0.45634353631913777,0.6226894773840692,0.8835660946109358,1.185773494479495,0.9930430842534174,0.0893357167445656,0.16813836756080755,0.11127022035596937,0.020406402815666358,0.0634863657553658,0.7047457801711086,0.5251335771611847,1.1911968945461768,1.1244216563099445e-05
35,3Item12,2,0.9439771786159383,0.8979858374863455,1.1536534261953821,1.2204180460861471,1.0501493757187188,0.4567097695313842,0.14827629747775353,0.15569673813862336,0.016009980848821298,0.038924906357771585,0.7783844058517785,0.7358018341586834,1.1741094378200563,3.705732817343079e-05
35,3Item6,2,0.6743115047394042,0.6756490051447818,0.8124564280522624,1.2067930437915235,1.0385082565492554,0.07809395787065289,0.1405024147346875,0.12651108544507592,0.017854017631904917,0.040480448460149844,0.831612602208013,0.5598714775999573,1.1614486762415754,3.384580853258933e-06
35,3Item8,2,0.5637802939832609,0.6360799233061477,0.847105497497826,1.212799875826087,1.0294617839965217,0.05437049184441357,0.15259362612912172,0.10148583782205756,0.01451492902489525,0.04956433790283433,0.7508863116035838,0.5244722855437429,1.1607070400029325,2.515866279560568e-05
35,3Item7,2,0.5883518851850253,0.6801227610400028,0.9037518379015088,1.2170382634433163,1.012626606972645,0.053568102323042065,0.13421974060206884,0.10467320168941302,0.02071184854374653,0.04228238730828995,0.7525547741807946,0.558834328311852,1.1445228855108696,4.0163463640307483e-05
35,3Item9,2,0.6222879170307719,0.7410941850248061,0.948941046840537,1.202954448748666,0.9701877871460333,0.04600020082926762,0.11697231002447848,0.09426704423181403,0.03347984601010616,0.04603954864288781,0.7809696784761089,0.6160617180306729,1.121669564576139,3.3828023792027466e-05
35,3Item17,2,0.4992613568497074,0.5451800319349468,0.8935593028997092,1.160545521146992,0.9577537332090493,0.07036973017742874,0.15444570745580619,0.11190970107815984,0.025325291943664115,0.05216766806334284,0.6101218235383473,0.46976186761409566,1.1035753500542231,2.7640246684502987e-05
35,3Item19,2,0.5870579376265619,0.564528576852365,0.9048809330912713,1.1489261543358384,0.9874691521613546,0.1870023405649419,0.13778286171537202,0.12184884871005584,0.027160054366725563,0.05631132602731095,0.6238705619533184,0.4913532294748305,1.0887369056320848,3.8758796063415386e-05
35,3Item11,2,1.2297231914331002,0.9534876458320781,1.202675518193258,1.2687439354755434,1.0463253124670029,0.6449110545563941,0.3543587560240419,0.35969472501653954,0.06134132795915998,0.053734093342277314,0.79280539980698,0.751520947939094,1.0726318640757142,1.3502378207236702e-05
35,3Item4,2,1.925917193820933,1.384282460567465,1.789902137105927,1.328772375220681,1.033995790706179,0.652263182091591,0.15702055001611198,0.20661633340401372,0.02794131915618639,0.03908510560010508,0.7733844387896601,1.0417754653394187,1.0615044624261212,4.675351609315212e-06
35,3Item13,2,1.410087210965433,1.1032267125104749,1.5603355616794694,1.231460489888268,1.0050627961417598,0.4745642283896306,0.15156642056342637,0.12278869046952857,0.05115408953777976,0.053639493956551154,0.707044522279535,0.8958685403822444,1.0543919357478677,3.439422829326804e-06
35,3Item10,2,2.891128941431497,2.264292784547109,2.5129882893604916,2.018554682271279,1.5972953005052344,1.8264792056706498,0.8372326605748346,0.7056321031225932,0.3055206352616193,0.13132996358851187,0.9010359472157718,1.1217396304952143,1.0533665257453304,1.709617733859844e-06
35,3Item14,2,2.6023434944400634,1.9480500960173504,2.268593367823344,1.7541695871845429,1.3440571518257096,1.3992558648871234,0.5243508906279977,0.47386957017594233,0.14474687284844837,0.05433147328916382,0.8587039540840012,1.110525521100535,1.049358627483627,5.631303857816047e-07
36,1spl1,0,0.7879992911070782,0.4478632812173738,0.6424786521518829,0.8027941041277222,0.6253780394298246,0.13901809296114698,0.1031135263525562,0.07745031517620263,0.014522000968544637,0.016358595560793,0.6970866331826565,0.5578806301101576,5.843337202222219,0.03050281607616398
36,1spl2,0,0.7659603296619899,0.4180615702172646,0.6397203024565832,0.8315764747971527,0.6390319882323897,0.15310366569841186,0.14237780156600213,0.1110808105002316,0.015532451674379,0.016004404360757223,0.653506802829868,0.50273376217925,5.410119343707947,0.008605318665979567
36,1Item1,0,0.9234827909585986,0.5447167817301751,0.729892694294785,0.7801856035857881,0.6091608425855892,0.09876377338093642,0.08332375765682798,0.05869778067348869,0.014277537217704245,0.019185305733619096,0.7462970724897828,0.698188711158511,5.144653432536107,0.007401871321182905
36,1Item2,0,0.7142943516355837,0.3932396673296082,0.5889079736113922,0.821031077815527,0.6602567968725603,0.08609319248188672,0.07823616147557387,0.04907639829633498,0.022638154735121607,0.029548720426596627,0.6677438314349515,0.4789583214035228,4.935057788704268,0.010413970997371283
36,1Item3,0,0.6886584265193271,0.3628006138465678,0.5836573188144559,0.7727255456273415,0.6587426032272524,0.12803178731647274,0.08778484566619398,0.05118787329317113,0.030891739285756153,0.02641822540299475,0.6215986701955555,0.4695077255178854,4.6472334271725195,0.01142490391839898
36,1Item4,0,0.6381063411836857,0.33174663693519046,0.5695539453508544,0.8428036113843874,0.6526049688857049,0.1451420913662796,0.10417098955433936,0.05753774685909623,0.017078311958950425,0.026262838825560585,0.5824674538043306,0.39362270410379646,4.521335769480513,0.004586508666713841
36,1Item5,0,0.5848048642150591,0.27335748377610813,0.5060316848344143,0.7308997820283875,0.5553557053733055,0.1495318352125732,0.11545747031212883,0.07445201917236731,0.01700598313831649,0.01744581299040224,0.5401983540326312,0.3740013201857678,4.262358680203682,0.027506554982715956
36,1Item6,0,0.6319799425135157,0.338950051350814,0.5562740029535049,0.6569021101294515,0.4969707176901862,0.11168164919899466,0.06933985155305238,0.05619384664236277,0.01457164126288206,0.022805406278083425,0.6093221127391466,0.515982587981087,3.685371868668571,0.01750721422159027
36,1Item7,0,0.7219537308170886,0.4009634382569545,0.5800829701028901,0.6673158280274748,0.49546973527433397,0.13237114235135292,0.0986478475847971,0.07920591938783521,0.013518991356700745,0.01632455488909892,0.6912173917028072,0.6008600737694265,3.198807914256572,0.016039466713413813
36,1Item8,0,0.8782187252231416,0.5639903947141874,0.6704644741073903,0.6839816729284354,0.5338822792367007,0.13090715830507457,0.1137051100617389,0.09929887467312348,0.011691052456997848,0.013768422711480079,0.8411935541012093,0.8245694529722115,3.0510839036893627,0.0006541241359481711
36,1Item9,0,0.41852187982052474,0.19496006457924006,0.4823832404805011,0.6841569156338512,0.4987845799202072,0.11507056074617042,0.0773874034069187,0.056730432331807544,0.015058984493388706,0.012472451872270907,0.40416011132741797,0.28496396051723216,2.992258581472291,0.005184572038253295
36,2spl1,1,0.49725574485911656,0.22499544154512907,0.5146102450875909,0.7533498723726009,0.5360898694738584,0.2723294623612811,0.17178059799480924,0.09999422252770124,0.017665278700108488,0.015066138332675486,0.4372152386309716,0.2986599580057912,5.8988130407076635,0.013469406106532309
36,2spl2,1,0.9035458582094903,0.5522839669933628,0.7193736130576746,0.6914145100694232,0.4624238364258468,0.10329048228090015,0.0757519816634859,0.07323172474517553,0.011587041057958714,0.012579451580572701,0.7677289744868018,0.7987740467568945,5.974023846001691,0.0031047021482320998
36,2Item1,1,0.9005206404442743,0.5919414379619877,0.7554653486240904,0.5766450576972424,0.39932488584967446,0.08145752512946486,0.07741093861287779,0.055785689568491864,0.007212227396267124,0.013793388157981111,0.7835454508357398,1.0265265071364749,6.072836152545951,0.002174564543164695
36,2Item2,1,0.9848881752716795,0.6414338494452525,0.7422095302762531,0.7008227050521405,0.4851906708470544,0.12093461947003387,0.0927406929621391,0.05441342667012293,0.016123889399654343,0.021354025474818537,0.864222059156646,0.9152583726325935,6.267364910390355,0.00019509705657432414
36,2Item3,1,0.8323884025683503,0.4907576126860519,0.6218358679165895,0.6068193022300741,0.37528697756614926,0.09553484696850022,0.07084305762212625,0.051799863433191734,0.013974448185053443,0.008850096883886662,0.7892076305297212,0.8087376424477096,6.372260837124701,0.002075322875138953
36,2Item4,1,0.8672612000582193,0.533516698173616,0.6864665749449583,0.6348405558942946,0.47559716754886316,0.13425920460880716,0.0922350367955963,0.07724138845265177,0.01773482120788008,0.01660488699938357,0.7771925347409689,0.8403947926446834,6.388753546355657,0.006967491967810726
36,2Item5,1,0.5795191354596698,0.29920021245654377,0.477103201456017,0.6463244870333197,0.4904293379982678,0.14382596597590305,0.1060006693640963,0.06254156267846635,0.01430574318596361,0.017938124503389462,0.6271184324823859,0.4629256944402194,6.761037441983851,0.08570539834716252
36,2Item6,1,0.9187236094166049,0.5375557905301395,0.6689170043850378,0.6275188076316376,0.45494212605123113,0.12340544988687557,0.08933798887110507,0.07819718925514581,0.020213496548098293,0.018019545125408338,0.8036210564279421,0.8566369376279402,7.528547432172608,0.13278296539293
36,2Item7,1,0.6935769200017604,0.37009775814898205,0.51500001745854,0.6728315978057294,0.45681877399374105,0.206640734330846,0.18159547481642263,0.13219090407106837,0.011060178915173734,0.015860429658578323,0.7186363978330164,0.5500600132423961,7.462245944296732,0.009679604108328332
36,2Item8,1,0.7467258171964455,0.44016772602027243,0.5970838393958222,0.5829886559624887,0.4276607066543913,0.18525157716024152,0.1511785163399986,0.10842447941922635,0.018584359752762007,0.022406909130839585,0.7371958446044595,0.7550193657517322,8.749547090337929,0.1265120210896044
36,2Item9,1,0.5560592479495569,0.25171951566302403,0.4742636235260855,0.6291344988656359,0.42981078143485574,0.11411902469238523,0.10604205771666451,0.06992163976596788,0.014242755882236119,0.01715882271432449,0.530758638541082,0.4001044541616836,8.84428320696842,0.03752279391347646
36,2Item10,1,0.663272180244583,0.3567881465671991,0.5214686386056973,0.6040637066999407,0.42657569905349746,0.17545253123841426,0.14419134377047138,0.09619540636057175,0.008379953345723225,0.012641790591159887,0.6841986640596077,0.590646552705047,9.267840235153988,0.3504799844454321
36,3spl1,2,0.8431590160561653,0.4665431245656936,0.625038912420306,0.6780496221053246,0.49159097687412423,0.13356756363788894,0.09112673369033189,0.06704019903943516,0.008664171171865563,0.011805919707239656,0.7464225259395454,0.6880663430340456,12.830564454257834,0.010067588851137685
36,3Item15,2,0.9579963152586705,0.5364283443636141,0.6859499053093798,0.5491531702351551,0.36916960039726743,0.23827124739942976,0.19972979769475468,0.12627753845319517,0.00858885866709226,0.011298825638605705,0.7820226221033582,0.9768282738986642,12.804958414801403,0.063424490587067
36,3Item2,2,0.9416677506457083,0.5776064584357669,0.7074074842697329,0.5924331912980192,0.3946726523956581,0.24079265103282188,0.17991137733347498,0.09463165639962494,0.013366310887854973,0.020242234171598178,0.8165116576558796,0.9749731546864548,13.831855700978892,0.33639465380062633
36,3Item5,2,0.9936363030554444,0.6239057950696666,0.7833111168994445,0.590043794958889,0.32038705403055556,0.11368081068696996,0.1088077822754112,0.057747119318825944,0.009491928423872384,0.014234848796820371,0.7964980718552227,1.057388958824231,13.267624479197716,0.02840759119049197
36,3Item12,2,0.9544751190624999,0.6552356235524365,0.772465271933395,0.5760216454012181,0.3337280166837923,0.21519171327135933,0.14278842517305984,0.1474844103733596,0.005303111280569022,0.00930315322725426,0.8482395863107409,1.1375190978431446,13.027827227977182,0.06176896705856614
36,3Item6,2,0.8296823307924971,0.5207655260060404,0.6111397537257718,0.5790801482796014,0.37794696851797577,0.12387349225070732,0.08008560548102839,0.0874718175507524,0.007067260123180179,0.006095132762175569,0.8521218297109738,0.89929783753405,12.95127204858993,0.0696269877369988
36,3Item8,2,0.8765188587503138,0.48765001248531215,0.6515745205020632,0.6130834478882963,0.353794950555935,0.13730266356813445,0.11466951972526988,0.08555335375347153,0.00906753228336589,0.010273080531407044,0.7484178653289592,0.7954056064791303,12.494682529525734,0.01537778992649046
36,3Item7,2,0.7261939501351256,0.4114411764523173,0.5537429691565376,0.6557479236305117,0.39253728781690544,0.20423157903789077,0.15707634296162537,0.14263325416721737,0.011806744224079409,0.024044597768992777,0.7430183291284167,0.627438015429707,11.632458742242322,0.1703222997388525
36,3Item9,2,0.8239713862991486,0.47432966134344945,0.5825573819453543,0.6313263481337507,0.44116578211463386,0.1623164818846453,0.11601630891007449,0.09359617960645074,0.013357797819612707,0.017181961695704177,0.81421963780681,0.7513224531088906,10.328563266842774,0.24252076119842209
36,3Item17,2,0.9126956693459346,0.5726404523496099,0.7374761031950194,0.6376584062001199,0.4368890334615962,0.17665058053105306,0.14036619566716116,0.10019876747393452,0.009132629669882254,0.011391141958947843,0.7764867893240646,0.8980363873253144,11.86700118906764,0.03338418626450593
36,3Item19,2,0.9276139694696347,0.5779721413886866,0.693541741071498,0.5886646869452536,0.3917355427640204,0.14858553099883776,0.10083249286561817,0.11008258136902858,0.012950195619678492,0.008811032863617401,0.8333631652254649,0.981835930071006,11.448067013172036,0.05389083982525059
36,3Item11,2,0.8868914181188926,0.6286947259593444,0.7072319927829804,0.5851703003501629,0.37074080149837135,0.08657957386624043,0.11235442907194115,0.14193637122249322,0.005233892924100418,0.004023283195720283,0.8889511949204383,1.0743790730813878,12.429085142499776,0.005589012637992885
37,1spl1,0,0.33916159447788286,0.055174879193797315,0.32126606038616756,-0.01097318888351803,-0.3734966935506621,0.1478537928508569,0.15797648031907358,0.135671513335371,0.08306919268026217,0.04228088862251893,0.1717420102071601,-5.028154058737225,5.180390722180874,0.014780932442362288
37,1spl2,0,0.5273560126257157,0.27231574182182805,0.36560661460417154,0.029908561759155627,-0.3309667414937864,0.19481660124188224,0.19357589202515693,0.12828248573727466,0.11559346405465323,0.11689753763232243,0.7448326430631496,9.1049424211622,5.3627191964966086,0.030896125225177283
37,1Item1,0,0.3560227385592492,0.15493534964292308,0.31549859355224796,0.04361557888162278,-0.3353499866054875,0.11946991009186489,0.12963260619527475,0.15860384673762387,0.086170330720891,0.05056527605317925,0.49108095033768867,3.5522937001739687,5.313872397246669,0.0021511750694894224
37,1Item2,0,0.4418530302936805,0.2387738296522211,0.37203722036355974,0.010615245164528322,-0.3237326254528679,0.10215144406092924,0.10706471905703908,0.1434719181465686,0.07428937530057189,0.028439446880737122,0.6418009165241241,22.493480221881487,5.262426977517249,0.0029686425830171377
37,1Item3,0,0.37549965999345336,0.08888652082435441,0.3675251595165967,0.034169274711248025,-0.2610696290540484,0.20701452419960553,0.1259271124351394,0.1220309286047897,0.06380508709081667,0.040211277422109414,0.2418515257551747,2.6013580614204908,5.263800742866507,0.009167095927652823
37,1Item4,0,0.6666198759139873,0.37111106807446936,0.49369107756119923,0.1852356995613029,-0.0571646335652726,0.18220713141153702,0.17088525590772546,0.1334319869963538,0.05984990948610888,0.08232676857031289,0.7517070576928917,2.0034532595494565,5.372124555197067,0.02046483794229926
37,1Item5,0,0.5037645784483928,0.24235260590254692,0.37677329753103406,0.053683277018353,-0.2588117242127581,0.18887877443125622,0.12453344064992365,0.1046234062493014,0.05190126539181093,0.0572866743489345,0.643231903235799,4.514489704218369,5.174493250217268,0.017146237674245446
37,1Item6,0,0.43467027641959904,0.1657237614426212,0.31671266245183294,0.08787833054001852,-0.20096000915439907,0.19716077726600392,0.1463662241041215,0.11470575232987808,0.04981578768883372,0.09236185335461976,0.5232621886236171,1.8858319057542983,4.862767652729136,0.012259934250433317
37,1Item7,0,0.5603682609030355,0.29477207066491823,0.3979849748456028,0.14191463928483877,-0.12337003896203333,0.15461337212107906,0.11111062199543312,0.11727369345435108,0.033800576374103296,0.033368434512152795,0.7406613027002161,2.077108253759283,4.773900195879109,0.012352361870310087
37,1Item8,0,0.6173579158432592,0.27089089617152423,0.40289684068018705,0.16145114731435922,-0.10455980985280292,0.19789434583440588,0.15460214540492895,0.15864286505152203,0.061450694882483024,0.06703836109277268,0.6723579540654553,1.6778505386909757,5.093425481325946,0.03573127835327199
37,1Item9,0,0.5921967102188013,0.27999261342770404,0.459014778498607,0.23878858591821553,0.045502627924052325,0.20160441555472153,0.1554628628702469,0.12778738995393435,0.043678718694686106,0.040405279715646024,0.609986052591916,1.1725544216382535,5.022643186163159,0.0011286294219676235
37,1Item10,0,0.6680531216962915,0.3484406035219359,0.4443498038898159,0.1775190594995072,-0.055163397073419516,0.13461790271445848,0.13146525138856474,0.10850463346793231,0.04370977621942043,0.05768822708859785,0.7841583358145903,1.9628348783588971,4.983089892179192,0.017260514290570027
37,2spl1,1,1.0051509005734087,0.45429353753926077,0.49250742426180705,0.23561591616540042,-0.01692982824346817,0.3640589997959209,0.13686634997274735,0.12249465579950095,0.06904449285437929,0.16576946199715112,0.9224095196082931,1.9281105580840299,6.566152049831654,0.05110599346390309
37,2spl2,1,0.6226441069722602,0.35076217289664385,0.42469729735044026,0.003640624558297455,-0.4544106579359394,0.14325256762644348,0.1006017656545299,0.07071467940235547,0.10575513750709781,0.09451807183563908,0.8259110059306555,96.3466764927834,6.470128585163168,0.006918582983385816
37,2Item1,1,0.6450447833984311,0.3540515010810924,0.47326545800923686,0.02583688730519571,-0.37169870955888795,0.12444428949192475,0.13168628285220238,0.13431017788547522,0.06756688105892486,0.08334156844686477,0.74810340442399,13.703333656084812,6.433539798837709,0.010781432831367047
37,2Item2,1,0.6549618631613546,0.4245591193025398,0.45491749941073834,0.1622151741367119,-0.017156021600124517,0.2555717405772964,0.14457549217934246,0.10122396776063396,0.20713923664250208,0.26601971399120833,0.9332661832512743,2.6172589521586334,6.659392621139582,0.07981520817232869
37,2Item3,1,0.7265964343583471,0.3842202751584024,0.4647709682535655,-0.004311436820315099,-0.36664639413239364,0.12390423706716973,0.14115439879191735,0.08518637949776307,0.09044294885453971,0.059117723257649295,0.8266873375836497,-89.11654751950405,6.5249870733888296,0.004264658597174589
37,2Item4,1,0.45802760020510136,0.22530120333127324,0.36781694570542983,0.04838773175935406,-0.2446303726532366,0.2046395824896696,0.13231222159853095,0.12739677763081234,0.13435616157139876,0.1807359156615661,0.6125362231112971,4.656163669659005,6.322025795901422,0.017410779893735438
37,2Item5,1,0.5481345361893103,0.2630851520641509,0.43716480209566166,0.004115608309002136,-0.31052203355917884,0.14171649585976276,0.11866234651159517,0.09811848956607873,0.06085976130169098,0.03965700574301904,0.6017985670419624,63.923743074616105,5.929862195905506,0.005785031322068959
37,2Item6,1,0.7392274994844341,0.43079581358540664,0.4397445139254094,0.018188754020786832,-0.3565665505624348,0.13717380747017366,0.11305349998339032,0.08452593702717329,0.08237023344488913,0.06134312424739174,0.9796502263558178,23.684733402207907,5.899375677196009,0.016409628292384053
37,2Item7,1,0.6436481788276306,0.3373661439330792,0.45201056063374906,0.06266310413528663,-0.28515468631719515,0.1590709450204281,0.12662436669937638,0.1022220827174764,0.11404947113691279,0.12335163011190689,0.7463678342242743,5.38380827449776,6.060278972175437,0.05101496033091797
37,2Item8,1,0.43105568876353956,0.1547124085701677,0.3122681622317003,-0.04997679380226424,-0.38969423744135584,0.141821110103337,0.12689823016097992,0.10617499085253773,0.06853796227261112,0.042751268691924325,0.49544726868416744,-3.095685014888717,5.535922937029721,0.03197548482946242
37,2Item9,1,0.4004914389109271,0.2000096324764112,0.36737651332475496,0.143916443648447,-0.1258821236044185,0.17646329296515534,0.12715609251835677,0.09843505692922484,0.1398872299731332,0.2037918825127515,0.5444268337186243,1.3897621843354058,5.808974861774382,0.05354684291112799
37,2Item10,1,0.5763223332753667,0.1599522283816304,0.28784472689794977,0.018759103113697145,-0.20478876137077853,0.20828158653616818,0.10883541860695163,0.10308256478380015,0.05232818646570604,0.07018100265103346,0.555689275776274,8.526645377741664,5.5947403947990075,0.007441476313530384
37,3spl1,2,0.6504145279822761,0.3763518596107823,0.47905950610593423,0.058235354971762264,-0.3909504855186491,0.26488916038951443,0.17810272289681467,0.10503695524657901,0.08690654243142328,0.08457804585121798,0.7856056586464106,6.462600826090451,7.94913632146086,0.026046675768923253
37,3spl2,2,0.476564600110303,0.20379305243060603,0.45597146511212117,0.05756600458466668,-0.41151549184981817,0.23072853797349344,0.200945805143013,0.199046635909791,0.09649322756505263,0.07408525327481129,0.44694255578811654,3.540163163325136,7.867059182690563,0.03230054284701565
37,3Item15,2,0.5373250888578165,0.2500569428666239,0.4577982508759702,0.04708153503091222,-0.31983350307036634,0.16285179403357375,0.13042162149849743,0.11010988210972142,0.07488010495320967,0.023691852700345475,0.5462164650955701,5.311146660602674,7.78529300491352,0.011608381098482333
37,3Item2,2,0.6803961512452149,0.40537888938230354,0.5031261264686031,0.12852308192970618,-0.2739758728264775,0.1799623497560027,0.12498064211189792,0.1644397567503379,0.09101895525683093,0.03693723525980132,0.8057202105998772,3.1541329397149585,7.697846502174395,0.007451039426195555
37,3Item5,2,0.9730469430609796,0.4828440136411329,0.5282360070231338,0.11518052812256267,-0.2818515261627205,0.2613138534438005,0.1906786939729309,0.20602358860503545,0.0997039442965349,0.03638379132177518,0.914068723652756,4.192062819292508,7.639325418590249,0.0006735386250806026
37,3Item12,2,0.9270404786020271,0.5415832585903717,0.5331682284786741,0.17874862398648644,-0.33441285874957766,0.24056215215547486,0.15567646653194406,0.22139600301176063,0.10198491538411711,0.051002264781427865,1.0157830655437323,3.029859718536665,7.623646478069866,0.0010714849978383698
37,3Item6,2,0.9458728635035866,0.5059968242063292,0.4583475458831899,0.22826685761329113,-0.2726886233520992,0.28372045034299076,0.22095260391142993,0.17290954905025815,0.06539933723014045,0.036722970905833915,1.1039588357070071,2.216689830841992,7.560198315227537,0.0002749802160563669
37,3Item8,2,0.6612153309331622,0.2819074633154054,0.31299239091789666,0.0656834303188277,-0.3581950902082433,0.34257020880551237,0.12068134901419475,0.11344245512868273,0.0358064580786112,0.021938985658325708,0.9006847150117138,4.291911333727758,7.468001931753756,0.0028466873859621447
37,3Item7,2,0.817735620897248,0.39029187744674043,0.41479287130960235,0.2353101224216857,-0.12814072327865814,0.2844854734683048,0.14165475773349553,0.12742849568968803,0.032748770489354685,0.08609216235784357,0.9409319771421377,1.6586276517620149,7.385211543916725,0.01376006454907183
37,3Item9,2,0.8543581332566996,0.31910477202446663,0.38381747367962527,0.22256483709595634,-0.08858417654163668,0.30762684405072577,0.12850889385519476,0.09680275592233303,0.0688953958614496,0.19080501498167987,0.8313971954789845,1.4337609424489963,7.424651745209236,0.03151145722922285
37,3Item17,2,0.630177636072651,0.20949401413852578,0.28564754539939413,0.16683219555958068,-0.1093287518560906,0.39041625074834113,0.19693567717951257,0.10609697335358324,0.018724796969420983,0.07135235066516553,0.7334003627169615,1.255716932694759,7.200742375383319,0.00878433390491951
37,3Item19,2,0.7592243136617857,0.2968405629793872,0.33812724288996837,0.2392170732343239,-0.08293250288812205,0.3122365701583002,0.18629339750780521,0.15362069320291755,0.01845549136578896,0.0936487324764277,0.8778960238885203,1.2408836782637787,7.148151546284475,0.012457181345862009
37,3Item11,2,0.8422949487537573,0.43663982221295006,0.510506879688422,0.17662475096249564,-0.2630648517499589,0.31349932497744026,0.15187014718819022,0.1700322062949988,0.050647370978345624,0.03288184958734473,0.8553064390124151,2.4721326844703273,7.411965228186901,0.09065702845163356
37,3Item4,2,0.7857256451165436,0.4070789788433894,0.47929636708667783,0.14483848588590603,-0.2557823994438255,0.2757814471251547,0.1604080516426622,0.1421105826779734,0.056002297023167856,0.03618741141427943,0.8493262330954522,2.8105718831767326,7.349310237924377,8.531217290347795e-05
37,3Item13,2,1.0342271285146105,0.5662493021347403,0.501032933855763,0.21747702321428572,-0.28093834549687496,0.24485881936167272,0.2661137470277987,0.2476196986372282,0.13405168212055762,0.046512818797368634,1.130163833037746,2.6037201133339045,7.339887174381948,0.00016164901075727927
38,1spl1,0,0.9484807715106213,0.6647023000396793,0.8429126318888276,0.48374405851603214,0.28588690445372744,0.09760461955512748,0.10098244514644898,0.08929108826478857,0.031938061856524584,0.018965698274814556,0.7885779309791736,1.3740784759293772,3.8653575471233816,0.01886590962195639
38,1spl2,0,0.9155131996528925,0.5862632485908058,0.7321475249588844,0.49987614260743796,0.1525804949021694,0.08161983879679588,0.07940408143275494,0.0832765399248155,0.03413043205090465,0.0223011316164234,0.8007446966688636,1.172817018951817,3.703074396867499,0.0021933401732303023
38,1Item1,0,0.5579517535753216,0.25751629570048995,0.49369582287354563,0.4622848382287202,0.11238193569861603,0.04434478572294256,0.02199862766921086,0.039328631227390456,0.02040252052137188,0.014017744392505617,0.5216092242385459,0.5570511378442179,3.5944266973336734,0.0004280010564778402
38,1Item2,0,0.8522185702062922,0.5864789539627353,0.7182839035966759,0.4863238149719987,0.254736922277709,0.116137995458228,0.08863399982768162,0.08954497412646026,0.03456764583375959,0.024101083054588118,0.8165002030667101,1.2059433132851203,3.587204287117856,0.006935010430358097
38,1Item3,0,0.892616905882612,0.6091218724808127,0.7925348144382235,0.5135418900163563,0.20862629589072723,0.07599771562128994,0.10584645405793038,0.0759738058740529,0.02768737171125119,0.016328382469865968,0.7685742766316271,1.1861191523739048,3.5746284164553384,0.0011301043996882246
38,1Item4,0,0.6966227754018417,0.4283517503469632,0.6245121197566517,0.505036395340909,0.19844973936962773,0.06626964967782445,0.06523080904293171,0.08893070413748945,0.020906737968737,0.01977504882681846,0.6858982173604208,0.8481601592488351,3.584426414706788,0.005239638290446126
38,1Item5,0,0.7285263664340728,0.4308175420768207,0.6581664420348277,0.46957925077406515,0.21829343469130189,0.1099000981824086,0.10689179975567552,0.06830134687766519,0.023634988760912863,0.021384571683813778,0.6545723298962288,0.917454381660171,3.31784137945476,0.009870314474350439
38,1Item6,0,0.7896332590487709,0.5155736420714124,0.7256700380356848,0.5055416075433362,0.22207253758070297,0.12261115641052679,0.09130848528562058,0.10273342409356606,0.021279997823583873,0.0234055815444799,0.7104794387770764,1.019844130252666,3.2420156084449063,0.008422584081900953
38,1Item7,0,0.9324733389233215,0.6437923863916102,0.7763393561951626,0.45206035997239874,0.17873032889508025,0.13675608755470997,0.11861906132645472,0.08032124804127587,0.029338977824138603,0.022553795754487977,0.8292667123274138,1.424129257886687,3.0595752521051325,0.005479830092370138
38,1Item8,0,0.6382007884811005,0.3697824209895977,0.5472592160470356,0.4393678070466307,0.2754711050226536,0.1681710357276313,0.14232068206657628,0.13416597580538714,0.02888338694781877,0.026721225392034764,0.6756988452107071,0.8416238381997075,3.3612343968831513,0.05025420265531681
38,1Item9,0,0.6338269987395028,0.3802711176292236,0.591630999156646,0.5088551082879038,0.2805803231437232,0.11461934952563177,0.09606734910367049,0.07016798184413925,0.02000153492103276,0.02570838086047736,0.6427504940216779,0.7473072603346329,2.7829828120597355,0.026649442387529657
38,1Item10,0,0.675079682950513,0.39379532147057444,0.6477574973405226,0.5281936587642101,0.3129531856935461,0.10428776714391524,0.10018449723240865,0.05415743534170797,0.018725341782140047,0.02590014313054828,0.6079363380268559,0.7455510193862757,3.0088474332040507,0.024782056112228903
38,2spl1,1,1.094443131118062,0.8209452101609831,0.9119017823658279,0.5750207446907337,0.19290435094511993,0.09474648811618532,0.09586289451724078,0.10568529410865769,0.023804621444189544,0.02090857991146205,0.9002561735660565,1.4276792903790574,3.282843082843082,0.0003657213055222455
38,2spl2,1,1.034723027891713,0.6898334716974234,0.8233596538640321,0.5587092753760445,0.3159850413086908,0.11503195165887581,0.08865947258992292,0.08020822769043119,0.052440256118062,0.11824014628248118,0.8378276341598752,1.234691280180436,3.215481010217852,1.926261279096898e-05
38,2Item1,1,1.0111511147438457,0.7213859672022621,0.8065441494610778,0.5014301967315369,0.20903608575682803,0.06400526821388683,0.09360473197047553,0.10353086125399366,0.0337448980734543,0.0192867294409616,0.8944159681647518,1.438656807000859,3.2895075295075293,0.008874963629914507
38,2Item2,1,1.0816346659989824,0.717280216772388,0.7526356927840909,0.4844575860549524,0.2144180583824118,0.05279696985803439,0.054736909812236334,0.06619256369648217,0.01683333085635952,0.012429219317401922,0.9530244482108692,1.4805841335518732,3.221796355994087,0.0002550387562733163
38,2Item3,1,1.101377119320027,0.7717950861814389,0.8955918395956247,0.5442759264456473,0.17200211579506092,0.06599266117826484,0.062234298962719946,0.06853158914929432,0.03181145297727362,0.011251454059575451,0.8617710112992396,1.4180217188799191,3.1739037661367755,0.000174446750092488
38,2Item4,1,0.9826679084097469,0.7054328368610902,0.8512795094565941,0.5412229953607904,0.23359248221837423,0.07878740206226546,0.07680644237250914,0.0746519603101298,0.027882411008632913,0.019070425671423544,0.8286735768874817,1.3034051428051925,3.0753256272578664,0.0015402188082691806
38,2Item5,1,0.909324398025497,0.6131738411355556,0.731518464101579,0.577807918365497,0.26934578188737135,0.08384724222071689,0.092045056867087,0.07072000815465662,0.016544271265144007,0.026812665902256238,0.8382205923543025,1.0612070561595879,2.9049129985584834,0.0018465530802344089
38,2Item6,1,0.9981595313751617,0.655005840038163,0.7679525827576004,0.5116920995577297,0.2058329451678234,0.07668454110474218,0.06517469237077571,0.05884275762164719,0.016223264162233356,0.019004433785743804,0.8529248470435665,1.2800780768830036,2.7940688826137743,0.00024180921162037322
38,2Item7,1,0.7231268139583508,0.46499775678452515,0.6525428567120355,0.5103734954971882,0.2643409695413187,0.19770546570383915,0.14768119153579945,0.1112396869423641,0.02040347277032184,0.03038329983334201,0.7125934354946641,0.9110930719873048,2.9684961744841982,0.017771847542169025
38,2Item8,1,0.8096115743752353,0.5352334069925873,0.7036045061756205,0.5543151233531461,0.3581517287857532,0.14752268153337236,0.12345113606681776,0.10773696279459243,0.023852899544401732,0.03233971090777023,0.7607020727327325,0.9655760477709748,2.7066678341578747,0.006994480485401373
38,2Item9,1,0.9917310120285713,0.6578354577567856,0.7875680418595239,0.34993823418576187,-0.026866735239285705,0.09014743628821037,0.05370672841855906,0.08244513537673438,0.09533191662308273,0.12334641830207997,0.8352744422796772,1.8798616201729972,2.528548403976975,8.492794449825136e-05
38,2Item10,1,0.49905432643357883,0.27151262119545005,0.46010576431606964,0.34647917109184,0.1441970599458172,0.15514038803917676,0.12922013136357766,0.10230576274141338,0.03828953793840601,0.054252842722548524,0.5901091480758439,0.7836333120868839,2.3374972797740137,0.00461545406888965
38,3spl1,2,1.037799079142232,0.7464537220634573,0.8858560583375272,0.7014532415536106,0.32461767046258205,0.06268723046090206,0.057687275528202506,0.08016121103871864,0.012345568944529909,0.013608277680038635,0.8426354532379452,1.0641532133289804,2.4129072883789857,0.0003157028741778499
38,3Item15,2,1.0417242952968004,0.7226313292344935,0.8607904869572692,0.6423336624908785,0.3347476612197587,0.04986542617177385,0.07716795816178754,0.07981082061972215,0.019518146309179873,0.023636946526370398,0.8394973449919975,1.1250092752530247,2.349683649683649,0.00025648148642801015
38,3Item2,2,0.6054691276783639,0.4289293565255351,0.6906840180351682,0.610071520293578,0.32587438362003057,0.08558224073579616,0.07863421802262495,0.061060616593383646,0.011285024549739757,0.02451939526097616,0.6210211105285396,0.7030804447584206,2.314360907909294,1.4949653323766267e-05
38,3Item5,2,0.5146731061818497,0.3424711533747735,0.5137497960907516,0.5402776045402452,0.29572880699486936,0.11007006796545736,0.08747846387101124,0.0718237273591948,0.01881055744953795,0.02284298631338862,0.6666107808005179,0.6338799718198997,2.3048123645062413,6.041497106060423e-05
38,3Item12,2,0.8568243956564747,0.5936001345961631,0.8103507890302758,0.6495090964706235,0.41163660581774575,0.07260917183290902,0.08915264916877967,0.07641199455499739,0.025485922013813358,0.01969903000838044,0.7325224358379233,0.9139212012700269,2.2595066260970142,0.00035980105737702076
38,3Item6,2,0.6248057014434102,0.35988815085195036,0.6646376285367908,0.5332940557328605,0.32343639224069154,0.14669163263218968,0.1252233022710373,0.14657421398813092,0.014219493323703872,0.017590316513467593,0.5414802515812549,0.674839980510465,2.208567215860343,8.017086634485419e-05
38,3Item8,2,0.6468231645241393,0.43284540358693674,0.6278055803103454,0.5499288413669794,0.3508174217218837,0.20309121254062795,0.17369444585600308,0.11395196691274073,0.028174741828592587,0.03818416515161331,0.6894577182374024,0.7870934750828902,2.123743998790307,0.001936758879098925
38,3Item7,2,0.9038486790572808,0.5934325039518114,0.7555510040275132,0.6089033696285088,0.4017326410580043,0.14754085034377193,0.11896787767188255,0.10918914480433008,0.021602986887430495,0.03259702002837543,0.7854301033326025,0.9745922466142232,2.0193302856897324,0.00023329318147647066
38,3Item9,2,0.4232403529043228,0.1560196711719111,0.43390012376326753,0.5000558530623307,0.3555776125830404,0.1651530791686269,0.1379702957875287,0.07871123105471259,0.028252670914369452,0.04757018507851427,0.35957507792152443,0.3120044889074804,1.9436710559555386,0.0006111880123774584
