Key,Category,QuestionNumber,matchOrnomatch,Difficulty,verdict,ResponseTime,routineStart,routineStamp,routineEnd,Cat2FeedbackTime,ParticipantID
1spl1,1,spl1,match,Easy,CORRECT,10.369815700003528,1680003249.7893205,"28/03/2023, 17:04:09",1680003260.159136,0.0,1
1spl2,1,spl2,nomatch,Easy,CORRECT,7.913991500012344,1680003260.2791028,"28/03/2023, 17:04:20",1680003268.1930945,0.0,1
1Item1,1,Item1,match,Easy,CORRECT,7.654472000009264,1680003268.2248054,"28/03/2023, 17:04:28",1680003275.8792777,0.0,1
1Item2,1,Item2,match,Easy,CORRECT,14.597205400001258,1680003275.9004655,"28/03/2023, 17:04:35",1680003290.497671,0.0,1
1Item3,1,Item3,match,Easy,CORRECT,16.47656550000829,1680003290.5223696,"28/03/2023, 17:04:50",1680003306.9989352,0.0,1
1Item4,1,Item4,match,Medium,CORRECT,17.546051800003625,1680003307.02309,"28/03/2023, 17:05:07",1680003324.5691416,0.0,1
1Item5,1,Item5,nomatch,Medium,CORRECT,26.0444800999976,1680003324.5863173,"28/03/2023, 17:05:24",1680003350.6307974,0.0,1
1Item6,1,Item6,match,Medium,CORRECT,8.765434700006153,1680003350.6459908,"28/03/2023, 17:05:50",1680003359.4114256,0.0,1
1Item7,1,Item7,match,Difficult,CORRECT,8.89840630000981,1680003359.4332583,"28/03/2023, 17:05:59",1680003368.3316646,0.0,1
1Item8,1,Item8,nomatch,Difficult,INCORRECT,16.455399600003147,1680003368.345868,"28/03/2023, 17:06:08",1680003384.8012676,0.0,1
1Item9,1,Item9,match,Difficult,INCORRECT,9.659429499995897,1680003384.8213978,"28/03/2023, 17:06:24",1680003394.480827,0.0,1
1Item10,1,Item10,nomatch,Difficult,CORRECT,21.04241419999744,1680003394.496188,"28/03/2023, 17:06:34",1680003415.538602,0.0,1
2spl1,2,spl1,match,Easy,CORRECT,6.252160399992135,1680003478.6471725,"28/03/2023, 17:07:58",1680003484.8993328,0.0,1
2spl2,2,spl2,nomatch,Easy,CORRECT,7.533956400002353,1680003486.6734822,"28/03/2023, 17:08:06",1680003494.2074385,0.0,1
2Item1,2,Item1,match,Easy,CORRECT,4.509170100005576,1680003495.4188228,"28/03/2023, 17:08:15",1680003499.9279928,1.0262118999962695,1
2Item2,2,Item2,match,Easy,CORRECT,3.0500425999925938,1680003500.9962742,"28/03/2023, 17:08:20",1680003504.0463169,0.9966734000045108,1
2Item3,2,Item3,match,Easy,CORRECT,5.445206499993219,1680003505.08189,"28/03/2023, 17:08:25",1680003510.5270965,1.1498813000071095,1
2Item4,2,Item4,nomatch,Medium,CORRECT,11.453220900002634,1680003511.7029796,"28/03/2023, 17:08:31",1680003523.1562004,0.8102900999947451,1
2Item5,2,Item5,match,Medium,CORRECT,7.448545399995055,1680003524.0001438,"28/03/2023, 17:08:44",1680003531.4486892,1.0047801999899093,1
2Item6,2,Item6,match,Medium,INCORRECT,12.24108750000596,1680003532.4827454,"28/03/2023, 17:08:52",1680003544.7238328,1.0837218999949982,1
2Item7,2,Item7,match,Difficult,INCORRECT,34.899006499996176,1680003545.8375604,"28/03/2023, 17:09:05",1680003580.736567,0.7431745000067167,1
2Item8,2,Item8,nomatch,Difficult,CORRECT,8.483289900003001,1680003581.5151565,"28/03/2023, 17:09:41",1680003589.9984465,0.988319900003262,1
2Item9,2,Item9,nomatch,Difficult,INCORRECT,19.09138410000014,1680003591.0252693,"28/03/2023, 17:09:51",1680003610.1166534,0.9882383999938612,1
2Item10,2,Item10,match,Difficult,CORRECT,14.797885799998769,1680003611.1336284,"28/03/2023, 17:10:11",1680003625.9315145,0.7595641999942018,1
3spl1,3,spl1,match,Easy,CORRECT,3.337743699987186,1680003673.4726777,"28/03/2023, 17:11:13",1680003676.8104217,0.0,1
3spl2,3,spl2,nomatch,Easy,CORRECT,2.7742399999988265,1680003676.8365617,"28/03/2023, 17:11:16",1680003679.6108017,0.0,1
3Item15,3,Item15,nomatch,Difficult,INCORRECT,8.12838219999685,1680003679.634276,"28/03/2023, 17:11:19",1680003687.762658,0.0,1
3Item2,3,Item2,match,Easy,CORRECT,2.99982280000404,1680003687.7819774,"28/03/2023, 17:11:27",1680003690.7818005,0.0,1
3Item5,3,Item5,match,Easy,CORRECT,3.311917500002892,1680003690.800899,"28/03/2023, 17:11:30",1680003694.1128166,0.0,1
3Item12,3,Item12,match,Medium,CORRECT,8.014905899995938,1680003694.13405,"28/03/2023, 17:11:34",1680003702.1489558,0.0,1
3Item6,3,Item6,match,Easy,CORRECT,3.667333499994129,1680003702.164358,"28/03/2023, 17:11:42",1680003705.8316915,0.0,1
3Item8,3,Item8,nomatch,Medium,CORRECT,11.708548399998108,1680003705.8493102,"28/03/2023, 17:11:45",1680003717.5578585,0.0,1
3Item7,3,Item7,match,Medium,CORRECT,6.712749300000724,1680003717.571763,"28/03/2023, 17:11:57",1680003724.2845123,0.0,1
3Item9,3,Item9,nomatch,Medium,CORRECT,22.003141799999867,1680003724.2984047,"28/03/2023, 17:12:04",1680003746.3015466,0.0,1
3Item17,3,Item17,match,Difficult,INCORRECT,11.119301499988069,1680003746.3221033,"28/03/2023, 17:12:26",1680003757.4414048,0.0,1
3Item19,3,Item19,nomatch,Difficult,CORRECT,12.689455400002773,1680003757.4656482,"28/03/2023, 17:12:37",1680003770.1551037,0.0,1
3Item11,3,Item11,match,Medium,CORRECT,10.830572899998517,1680003770.176345,"28/03/2023, 17:12:50",1680003781.006918,0.0,1
3Item4,3,Item4,match,Easy,CORRECT,10.093456700007664,1680003781.0269625,"28/03/2023, 17:13:01",1680003791.1204193,0.0,1
3Item13,3,Item13,match,Difficult,CORRECT,7.794766100007109,1680003791.1398437,"28/03/2023, 17:13:11",1680003798.93461,0.0,1
3Item10,3,Item10,0,0,0,1.0,1680003798.93461,"28/03/2023, 07:43:18",1680003799.93461,0.0,1
1spl1,1,spl1,match,Easy,INCORRECT,10.800266799982635,1676984654.0079188,"21/02/2023, 18:34:14",1676984664.8081856,0.0,2
1spl2,1,spl2,nomatch,Easy,INCORRECT,4.553883499931544,1676984664.8897507,"21/02/2023, 18:34:24",1676984669.4436345,0.0,2
1Item1,1,Item1,match,Easy,CORRECT,7.018957699998282,1676984669.4622722,"21/02/2023, 18:34:29",1676984676.4812298,0.0,2
1Item2,1,Item2,match,Easy,CORRECT,12.819610300008208,1676984676.498954,"21/02/2023, 18:34:36",1676984689.3185644,0.0,2
1Item3,1,Item3,match,Easy,CORRECT,17.734157099970616,1676984689.3361669,"21/02/2023, 18:34:49",1676984707.070324,0.0,2
1Item4,1,Item4,match,Medium,CORRECT,28.35373239999172,1676984707.0870605,"21/02/2023, 18:35:07",1676984735.4407928,0.0,2
1Item5,1,Item5,nomatch,Medium,CORRECT,36.48539029993117,1676984735.4574869,"21/02/2023, 18:35:35",1676984771.942877,0.0,2
1Item6,1,Item6,match,Medium,CORRECT,27.52307060000021,1676984771.959428,"21/02/2023, 18:36:11",1676984799.4824986,0.0,2
1Item7,1,Item7,match,Difficult,INCORRECT,12.663398199947553,1676984799.4997764,"21/02/2023, 18:36:39",1676984812.1631746,0.0,2
1Item8,1,Item8,nomatch,Difficult,INCORRECT,26.7062546000816,1676984812.1843894,"21/02/2023, 18:36:52",1676984838.8906438,0.0,2
1Item9,1,Item9,match,Difficult,CORRECT,32.83550519996788,1676984838.906125,"21/02/2023, 18:37:18",1676984871.7416303,0.0,2
1Item10,1,Item10,nomatch,Difficult,CORRECT,6.476210299995728,1676984871.7576468,"21/02/2023, 18:37:51",1676984878.2338572,0.0,2
2spl1,2,spl1,match,Easy,CORRECT,16.105887399986386,1676984952.0671475,"21/02/2023, 18:39:12",1676984968.173035,0.0,2
2spl2,2,spl2,nomatch,Easy,INCORRECT,14.449039799976164,1676984969.9977677,"21/02/2023, 18:39:29",1676984984.4468074,0.0,2
2Item1,2,Item1,match,Easy,CORRECT,17.623109499923885,1676984986.521046,"21/02/2023, 18:39:46",1676985004.1441555,1.914909700048156,2
2Item2,2,Item2,match,Easy,INCORRECT,14.62464630010072,1676985006.088297,"21/02/2023, 18:40:06",1676985020.712943,1.4828522000461817,2
2Item3,2,Item3,match,Easy,CORRECT,25.24156669992953,1676985022.225292,"21/02/2023, 18:40:22",1676985047.4668586,1.2622758999932555,2
2Item4,2,Item4,nomatch,Medium,CORRECT,10.21244009991642,1676985048.7678344,"21/02/2023, 18:40:48",1676985058.9802744,1.10481940000318,2
2Item5,2,Item5,match,Medium,INCORRECT,15.877383599989116,1676985060.113615,"21/02/2023, 18:41:00",1676985075.9909987,1.3272275000344962,2
2Item6,2,Item6,match,Medium,CORRECT,16.260320300003514,1676985077.3492105,"21/02/2023, 18:41:17",1676985093.6095307,1.1482547000050545,2
2Item7,2,Item7,match,Difficult,CORRECT,20.859496799996123,1676985094.7897077,"21/02/2023, 18:41:34",1676985115.6492045,1.3251993999583649,2
2Item8,2,Item8,nomatch,Difficult,INCORRECT,13.541462799999865,1676985117.0046911,"21/02/2023, 18:41:57",1676985130.546154,1.23476609995123,2
2Item9,2,Item9,nomatch,Difficult,CORRECT,29.5400369000854,1676985131.816083,"21/02/2023, 18:42:11",1676985161.35612,2.142083700047806,2
2Item10,2,Item10,match,Difficult,CORRECT,20.13911550003104,1676985163.532077,"21/02/2023, 18:42:43",1676985183.6711926,1.1277521000010893,2
3spl1,3,spl1,match,Easy,CORRECT,10.863249500049278,1676985258.6874704,"21/02/2023, 18:44:18",1676985269.55072,0.0,2
3Item15,3,Item15,nomatch,Difficult,CORRECT,10.187834999989718,1676985270.7580256,"21/02/2023, 18:44:30",1676985280.9458606,0.0,2
3Item2,3,Item2,match,Easy,CORRECT,18.79182809998747,1676985280.963716,"21/02/2023, 18:44:40",1676985299.7555442,0.0,2
3Item5,3,Item5,match,Easy,CORRECT,14.518368900055066,1676985299.7713392,"21/02/2023, 18:44:59",1676985314.289708,0.0,2
3Item12,3,Item12,match,Medium,CORRECT,15.427699699997902,1676985314.306563,"21/02/2023, 18:45:14",1676985329.7342627,0.0,2
3Item6,3,Item6,match,Easy,INCORRECT,16.067476899945177,1676985329.7506645,"21/02/2023, 18:45:29",1676985345.8181417,0.0,2
3Item8,3,Item8,nomatch,Medium,INCORRECT,18.051560499938205,1676985345.8343918,"21/02/2023, 18:45:45",1676985363.8859522,0.0,2
3Item7,3,Item7,match,Medium,CORRECT,14.737640199949965,1676985363.9024422,"21/02/2023, 18:46:03",1676985378.6400824,0.0,2
3Item9,3,Item9,0,0,0,12.0,1676985378.6400824,"21/02/2023, 08:16:18",1676985390.6400824,0.0,2
1spl1,1,spl1,match,Easy,CORRECT,19.1456933999998,1678717040.109505,"13/03/2023, 19:47:20",1678717059.2551982,0.0,3
1spl2,1,spl2,nomatch,Easy,CORRECT,20.72870210000019,1678717059.3221974,"13/03/2023, 19:47:39",1678717080.0508995,0.0,3
1Item1,1,Item1,match,Easy,CORRECT,25.205074800000148,1678717080.0803275,"13/03/2023, 19:48:00",1678717105.2854023,0.0,3
1Item2,1,Item2,match,Easy,CORRECT,26.603361600000422,1678717105.3040934,"13/03/2023, 19:48:25",1678717131.907455,0.0,3
1Item3,1,Item3,match,Easy,CORRECT,16.740123399999902,1678717131.924991,"13/03/2023, 19:48:51",1678717148.6651144,0.0,3
1Item4,1,Item4,match,Medium,CORRECT,24.064989600000445,1678717148.681053,"13/03/2023, 19:49:08",1678717172.7460425,0.0,3
1Item5,1,Item5,nomatch,Medium,CORRECT,83.3821539999999,1678717172.7642536,"13/03/2023, 19:49:32",1678717256.1464076,0.0,3
1Item6,1,Item6,match,Medium,INCORRECT,20.231434199999967,1678717256.1640189,"13/03/2023, 19:50:56",1678717276.395453,0.0,3
1Item7,1,Item7,match,Difficult,CORRECT,19.564964899999723,1678717276.4142232,"13/03/2023, 19:51:16",1678717295.9791882,0.0,3
1Item8,1,Item8,nomatch,Difficult,CORRECT,29.861888200000067,1678717295.9960124,"13/03/2023, 19:51:35",1678717325.8579006,0.0,3
1Item9,1,Item9,match,Difficult,INCORRECT,31.04572479999933,1678717325.8737414,"13/03/2023, 19:52:05",1678717356.9194665,0.0,3
1Item10,1,Item10,nomatch,Difficult,CORRECT,20.371571500000755,1678717356.940653,"13/03/2023, 19:52:36",1678717377.3122246,0.0,3
2spl1,2,spl1,match,Easy,CORRECT,7.230046099999527,1678717516.4026315,"13/03/2023, 19:55:16",1678717523.6326776,0.0,3
2spl2,2,spl2,nomatch,Easy,INCORRECT,10.581847099998413,1678717526.929775,"13/03/2023, 19:55:26",1678717537.5116222,0.0,3
2Item1,2,Item1,match,Easy,CORRECT,9.9782737000005,1678717543.0347712,"13/03/2023, 19:55:43",1678717553.0130448,1.6897688999997629,3
2Item2,2,Item2,match,Easy,CORRECT,9.822451600000932,1678717554.7338617,"13/03/2023, 19:55:54",1678717564.5563133,1.2764210999994248,3
2Item3,2,Item3,match,Easy,CORRECT,21.187258799998745,1678717565.8610198,"13/03/2023, 19:56:05",1678717587.0482786,1.1266427000009571,3
2Item4,2,Item4,nomatch,Medium,INCORRECT,19.955493200001,1678717588.2096057,"13/03/2023, 19:56:28",1678717608.165099,1.1747519000000466,3
2Item5,2,Item5,match,Medium,CORRECT,23.17012600000089,1678717609.3688576,"13/03/2023, 19:56:49",1678717632.5389836,1.1125195999993591,3
2Item6,2,Item6,match,Medium,CORRECT,17.98675230000117,1678717633.6836996,"13/03/2023, 19:57:13",1678717651.670452,1.200662100000045,3
2Item7,2,Item7,match,Difficult,CORRECT,50.846439500001,1678717652.90326,"13/03/2023, 19:57:32",1678717703.7496996,1.2056629999988218,3
2Item8,2,Item8,nomatch,Difficult,CORRECT,39.989213000000746,1678717704.985536,"13/03/2023, 19:58:24",1678717744.974749,1.0502618999998958,3
2Item9,2,Item9,nomatch,Difficult,CORRECT,27.565694200000507,1678717746.0629015,"13/03/2023, 19:59:06",1678717773.6285956,0.9944142000003922,3
2Item10,2,Item10,match,Difficult,CORRECT,50.53496980000091,1678717774.6573932,"13/03/2023, 19:59:34",1678717825.192363,1.0622404999994617,3
3spl1,3,spl1,match,Easy,INCORRECT,6.460046300000613,1678717905.9113302,"13/03/2023, 20:01:45",1678717912.3713765,0.0,3
3Item15,3,Item15,nomatch,Difficult,CORRECT,10.482653999999457,1678717917.9806952,"13/03/2023, 20:01:57",1678717928.463349,0.0,3
3Item2,3,Item2,match,Easy,CORRECT,8.932326600001034,1678717928.477217,"13/03/2023, 20:02:08",1678717937.4095435,0.0,3
3Item5,3,Item5,match,Easy,CORRECT,5.747664700000314,1678717937.42801,"13/03/2023, 20:02:17",1678717943.175675,0.0,3
3Item12,3,Item12,match,Medium,SKIP,13.993153999999777,1678717943.1920104,"13/03/2023, 20:02:23",1678717957.1851645,0.0,3
3Item6,3,Item6,match,Easy,CORRECT,7.080657299999075,1678717957.2020566,"13/03/2023, 20:02:37",1678717964.282714,0.0,3
3Item8,3,Item8,nomatch,Medium,INCORRECT,9.58235550000063,1678717964.2963307,"13/03/2023, 20:02:44",1678717973.8786862,0.0,3
3Item7,3,Item7,match,Medium,SKIP,13.289603200000784,1678717973.8950744,"13/03/2023, 20:02:53",1678717987.1846776,0.0,3
3Item9,3,Item9,nomatch,Medium,SKIP,6.149165999999241,1678717987.2052474,"13/03/2023, 20:03:07",1678717993.3544135,0.0,3
3Item17,3,Item17,match,Difficult,CORRECT,10.668898099998842,1678717993.3712316,"13/03/2023, 20:03:13",1678718004.0401297,0.0,3
3Item19,3,Item19,nomatch,Difficult,SKIP,3.129224599999361,1678718004.0605748,"13/03/2023, 20:03:24",1678718007.1897993,0.0,3
3Item11,3,Item11,match,Medium,SKIP,3.8672079000007216,1678718007.2059608,"13/03/2023, 20:03:27",1678718011.0731688,0.0,3
3Item4,3,Item4,match,Easy,CORRECT,7.434928800001217,1678718011.0894818,"13/03/2023, 20:03:31",1678718018.5244107,0.0,3
3Item13,3,Item13,match,Difficult,SKIP,6.533132700000351,1678718018.5412102,"13/03/2023, 20:03:38",1678718025.074343,0.0,3
3Item10,3,Item10,match,Medium,CORRECT,4.2161508000008325,1678718025.0889902,"13/03/2023, 20:03:45",1678718029.305141,0.0,3
3Item14,3,Item14,match,Difficult,CORRECT,4.220323600000484,1678718029.317037,"13/03/2023, 20:03:49",1678718033.537361,0.0,3
3Item3,3,Item3,match,Easy,CORRECT,3.292392800000016,1678718033.554555,"13/03/2023, 20:03:53",1678718036.8469477,0.0,3
3Item20,3,Item20,0,0,0,2.0,1678718036.8469477,"13/03/2023, 10:33:56",1678718038.8469477,0.0,3
1spl1,1,spl1,match,Easy,CORRECT,9.271100000012666,1676378840.625968,"14/02/2023, 18:17:20",1676378849.897068,0.0,4
1spl2,1,spl2,nomatch,Easy,INCORRECT,10.498789700039197,1676378849.9711802,"14/02/2023, 18:17:29",1676378860.46997,0.0,4
1Item1,1,Item1,match,Easy,INCORRECT,15.956877299991902,1676378860.4961317,"14/02/2023, 18:17:40",1676378876.453009,0.0,4
1Item2,1,Item2,match,Easy,CORRECT,24.23241239995696,1676378876.470489,"14/02/2023, 18:17:56",1676378900.7029014,0.0,4
1Item3,1,Item3,match,Easy,CORRECT,30.40208299999358,1676378900.7228382,"14/02/2023, 18:18:20",1676378931.124921,0.0,4
1Item4,1,Item4,match,Medium,CORRECT,27.1183466000366,1676378931.1480026,"14/02/2023, 18:18:51",1676378958.2663493,0.0,4
1Item5,1,Item5,nomatch,Medium,CORRECT,15.13586260000011,1676378958.2847924,"14/02/2023, 18:19:18",1676378973.420655,0.0,4
1Item6,1,Item6,match,Medium,INCORRECT,17.504845100047532,1676378973.4383688,"14/02/2023, 18:19:33",1676378990.943214,0.0,4
1Item7,1,Item7,match,Difficult,CORRECT,33.80552460002946,1676378990.9671323,"14/02/2023, 18:19:50",1676379024.772657,0.0,4
1Item8,1,Item8,nomatch,Difficult,INCORRECT,24.836232899979223,1676379024.788124,"14/02/2023, 18:20:24",1676379049.624357,0.0,4
1Item9,1,Item9,match,Difficult,INCORRECT,24.863326199993026,1676379049.6388135,"14/02/2023, 18:20:49",1676379074.5021398,0.0,4
1Item10,1,Item10,nomatch,Difficult,CORRECT,19.13730789994588,1676379074.5185423,"14/02/2023, 18:21:14",1676379093.6558502,0.0,4
2spl1,2,spl1,match,Easy,CORRECT,8.763693799963221,1676379182.7457285,"14/02/2023, 18:23:02",1676379191.5094223,0.0,4
2spl2,2,spl2,nomatch,Easy,CORRECT,8.413874900026713,1676379194.9561422,"14/02/2023, 18:23:14",1676379203.370017,0.0,4
2Item1,2,Item1,match,Easy,CORRECT,12.62086049997015,1676379205.388752,"14/02/2023, 18:23:25",1676379218.0096126,4.279811499989592,4
2Item2,2,Item2,match,Easy,CORRECT,14.721265500003938,1676379222.3262937,"14/02/2023, 18:23:42",1676379237.0475593,2.9523104000254534,4
2Item3,2,Item3,match,Easy,CORRECT,16.113746299990453,1676379240.0362625,"14/02/2023, 18:24:00",1676379256.150009,1.8524972000159323,4
2Item4,2,Item4,nomatch,Medium,INCORRECT,31.65156210004352,1676379258.0394895,"14/02/2023, 18:24:18",1676379289.6910515,1.5885636999737471,4
2Item5,2,Item5,match,Medium,CORRECT,20.075093300023585,1676379291.3222928,"14/02/2023, 18:24:51",1676379311.397386,1.2884599000099115,4
2Item6,2,Item6,match,Medium,CORRECT,19.126451199990697,1676379312.7168036,"14/02/2023, 18:25:12",1676379331.8432548,1.364149399974849,4
2Item7,2,Item7,match,Difficult,CORRECT,19.712050699978136,1676379333.2503731,"14/02/2023, 18:25:33",1676379352.9624238,1.1921682999818586,4
2Item8,2,Item8,nomatch,Difficult,INCORRECT,10.99125429999549,1676379354.1866963,"14/02/2023, 18:25:54",1676379365.1779506,3.6025859000510536,4
2Item9,2,Item9,nomatch,Difficult,INCORRECT,14.326146000006702,1676379368.8226006,"14/02/2023, 18:26:08",1676379383.1487465,1.5310384999611415,4
2Item10,2,Item10,match,Difficult,CORRECT,22.94019430002664,1676379384.7136495,"14/02/2023, 18:26:24",1676379407.653844,1.396388900000602,4
3spl1,3,spl1,match,Easy,CORRECT,7.968339400016703,1676379473.761823,"14/02/2023, 18:27:53",1676379481.7301624,0.0,4
3Item15,3,Item15,nomatch,Difficult,INCORRECT,8.401269399968442,1676379485.8305247,"14/02/2023, 18:28:05",1676379494.231794,0.0,4
3Item2,3,Item2,match,Easy,CORRECT,2.9258895000093617,1676379494.251655,"14/02/2023, 18:28:14",1676379497.1775446,0.0,4
3Item5,3,Item5,match,Easy,CORRECT,5.886824199988041,1676379497.196273,"14/02/2023, 18:28:17",1676379503.0830972,0.0,4
3Item12,3,Item12,match,Medium,CORRECT,10.70271350000985,1676379503.1017165,"14/02/2023, 18:28:23",1676379513.80443,0.0,4
3Item6,3,Item6,match,Easy,CORRECT,4.50671180000063,1676379513.8244393,"14/02/2023, 18:28:33",1676379518.331151,0.0,4
3Item8,3,Item8,nomatch,Medium,INCORRECT,12.151435199950356,1676379518.3511522,"14/02/2023, 18:28:38",1676379530.5025873,0.0,4
3Item7,3,Item7,match,Medium,CORRECT,6.544215900008567,1676379530.522452,"14/02/2023, 18:28:50",1676379537.066668,0.0,4
3Item9,3,Item9,nomatch,Medium,INCORRECT,9.733296499995047,1676379537.086692,"14/02/2023, 18:28:57",1676379546.8199885,0.0,4
3Item17,3,Item17,match,Difficult,INCORRECT,4.859480799990706,1676379546.8387446,"14/02/2023, 18:29:06",1676379551.6982255,0.0,4
3Item19,3,Item19,nomatch,Difficult,SKIP,11.840125099988654,1676379551.7171073,"14/02/2023, 18:29:11",1676379563.5572324,0.0,4
3Item11,3,Item11,match,Medium,SKIP,9.612979999976233,1676379563.5741806,"14/02/2023, 18:29:23",1676379573.1871605,0.0,4
3Item4,3,Item4,match,Easy,CORRECT,4.412354100029916,1676379573.2074783,"14/02/2023, 18:29:33",1676379577.6198325,0.0,4
3Item13,3,Item13,match,Difficult,SKIP,3.86960380000528,1676379577.6399462,"14/02/2023, 18:29:37",1676379581.50955,0.0,4
3Item10,3,Item10,match,Medium,INCORRECT,6.289741099986713,1676379581.532455,"14/02/2023, 18:29:41",1676379587.822196,0.0,4
3Item14,3,Item14,match,Difficult,CORRECT,12.914571900037116,1676379587.84599,"14/02/2023, 18:29:47",1676379600.760562,0.0,4
3Item3,3,Item3,match,Easy,CORRECT,3.95350329997018,1676379600.7879012,"14/02/2023, 18:30:00",1676379604.7414043,0.0,4
3Item20,3,Item20,0,0,0,2.0,1676379604.7414043,"14/02/2023, 08:00:04",1676379606.7414043,0.0,4
1spl1,1,spl1,match,Easy,CORRECT,32.520809999958146,1676462372.2574875,"15/02/2023, 17:29:32",1676462404.7782974,0.0,5
1spl2,1,spl2,nomatch,Easy,CORRECT,25.91732729994692,1676462404.8972995,"15/02/2023, 17:30:04",1676462430.814627,0.0,5
1Item1,1,Item1,match,Easy,CORRECT,24.26056460000109,1676462430.8346496,"15/02/2023, 17:30:30",1676462455.095214,0.0,5
1Item2,1,Item2,match,Easy,CORRECT,37.41049270000076,1676462455.120078,"15/02/2023, 17:30:55",1676462492.5305707,0.0,5
1Item3,1,Item3,match,Easy,CORRECT,21.785447100002784,1676462492.5556526,"15/02/2023, 17:31:32",1676462514.3410995,0.0,5
1Item4,1,Item4,match,Medium,CORRECT,30.922936199989635,1676462514.3687189,"15/02/2023, 17:31:54",1676462545.291655,0.0,5
1Item5,1,Item5,nomatch,Medium,CORRECT,59.99739019997651,1676462545.3189938,"15/02/2023, 17:32:25",1676462605.316384,0.0,5
1Item6,1,Item6,match,Medium,CORRECT,45.56541250000009,1676462605.3462808,"15/02/2023, 17:33:25",1676462650.911693,0.0,5
1Item7,1,Item7,match,Difficult,CORRECT,30.43985500000417,1676462650.9299831,"15/02/2023, 17:34:10",1676462681.3698382,0.0,5
1Item8,1,Item8,nomatch,Difficult,CORRECT,23.64814840001054,1676462681.3914502,"15/02/2023, 17:34:41",1676462705.0395985,0.0,5
1Item9,1,Item9,match,Difficult,SKIP,5.207665099995211,1676462705.06432,"15/02/2023, 17:35:05",1676462710.2719853,0.0,5
1Item10,1,Item10,nomatch,Difficult,CORRECT,9.141779300000051,1676462710.2915454,"15/02/2023, 17:35:10",1676462719.4333246,0.0,5
2spl1,2,spl1,match,Easy,CORRECT,14.388844200002495,1676462828.8051555,"15/02/2023, 17:37:08",1676462843.1939998,0.0,5
2spl2,2,spl2,nomatch,Easy,CORRECT,12.17703810002422,1676462846.4812443,"15/02/2023, 17:37:26",1676462858.6582825,0.0,5
2Item1,2,Item1,match,Easy,CORRECT,17.540588499978185,1676462860.1174054,"15/02/2023, 17:37:40",1676462877.657994,1.0071797000127845,5
2Item2,2,Item2,match,Easy,CORRECT,14.514791100053117,1676462878.705558,"15/02/2023, 17:37:58",1676462893.220349,1.1010836000205018,5
2Item3,2,Item3,match,Easy,CORRECT,13.084242799959611,1676462894.362271,"15/02/2023, 17:38:14",1676462907.446514,1.2746237000101246,5
2Item4,2,Item4,nomatch,Medium,CORRECT,22.80555049999384,1676462908.7569392,"15/02/2023, 17:38:28",1676462931.5624895,0.7376704000052996,5
2Item5,2,Item5,match,Medium,CORRECT,27.23643779999111,1676462932.3376656,"15/02/2023, 17:38:52",1676462959.5741034,0.8814295000047423,5
2Item6,2,Item6,match,Medium,CORRECT,25.490503799985163,1676462960.5011978,"15/02/2023, 17:39:20",1676462985.9917016,0.7882301000063308,5
2Item7,2,Item7,match,Difficult,CORRECT,39.676370900007896,1676462986.8201735,"15/02/2023, 17:39:46",1676463026.4965444,0.908961699984502,5
2Item8,2,Item8,nomatch,Difficult,CORRECT,42.04802889999701,1676463027.4428916,"15/02/2023, 17:40:27",1676463069.4909203,0.7739995999727398,5
2Item9,2,Item9,nomatch,Difficult,CORRECT,18.91106920002494,1676463070.301917,"15/02/2023, 17:41:10",1676463089.2129862,0.7162479999824427,5
2Item10,2,Item10,match,Difficult,INCORRECT,52.81838459998835,1676463089.964909,"15/02/2023, 17:41:29",1676463142.7832935,1.63453889999073,5
3spl1,3,spl1,match,Easy,CORRECT,4.954158600012306,1676463224.883502,"15/02/2023, 17:43:44",1676463229.8376606,0.0,5
3spl2,3,spl2,nomatch,Easy,CORRECT,5.339668500004336,1676463229.8617988,"15/02/2023, 17:43:49",1676463235.2014673,0.0,5
3Item15,3,Item15,nomatch,Difficult,CORRECT,8.710425700002816,1676463235.2257073,"15/02/2023, 17:43:55",1676463243.936133,0.0,5
3Item2,3,Item2,match,Easy,CORRECT,6.415568900003564,1676463243.9634514,"15/02/2023, 17:44:03",1676463250.3790202,0.0,5
3Item5,3,Item5,match,Easy,CORRECT,4.296780000033323,1676463250.4041462,"15/02/2023, 17:44:10",1676463254.7009263,0.0,5
3Item12,3,Item12,match,Medium,CORRECT,4.021118300035596,1676463254.7140918,"15/02/2023, 17:44:14",1676463258.7352102,0.0,5
3Item6,3,Item6,match,Easy,CORRECT,3.03004649997456,1676463258.752574,"15/02/2023, 17:44:18",1676463261.7826204,0.0,5
3Item8,3,Item8,nomatch,Medium,CORRECT,9.408941100002266,1676463261.8028257,"15/02/2023, 17:44:21",1676463271.2117667,0.0,5
3Item7,3,Item7,match,Medium,CORRECT,6.296765899984166,1676463271.2380362,"15/02/2023, 17:44:31",1676463277.534802,0.0,5
3Item9,3,Item9,nomatch,Medium,CORRECT,10.054493699979504,1676463277.5516722,"15/02/2023, 17:44:37",1676463287.606166,0.0,5
3Item17,3,Item17,match,Difficult,INCORRECT,8.74855340004433,1676463287.619804,"15/02/2023, 17:44:47",1676463296.3683574,0.0,5
3Item19,3,Item19,nomatch,Difficult,CORRECT,19.173947600007523,1676463296.3855462,"15/02/2023, 17:44:56",1676463315.5594938,0.0,5
3Item11,3,Item11,match,Medium,INCORRECT,6.798567400022876,1676463315.5828948,"15/02/2023, 17:45:15",1676463322.381462,0.0,5
3Item4,3,Item4,match,Easy,CORRECT,5.16693830001168,1676463322.4058957,"15/02/2023, 17:45:22",1676463327.572834,0.0,5
3Item13,3,Item13,match,Difficult,CORRECT,2.598144499992486,1676463327.596681,"15/02/2023, 17:45:27",1676463330.1948256,0.0,5
3Item10,3,Item10,match,Medium,CORRECT,3.92624609998893,1676463330.219196,"15/02/2023, 17:45:30",1676463334.1454422,0.0,5
3Item14,3,Item14,match,Difficult,CORRECT,3.2624294999986887,1676463334.163634,"15/02/2023, 17:45:34",1676463337.4260635,0.0,5
3Item3,3,Item3,match,Easy,CORRECT,3.645091100013815,1676463337.446326,"15/02/2023, 17:45:37",1676463341.091417,0.0,5
3Item20,3,Item20,match,Difficult,INCORRECT,8.16817550000269,1676463341.1119545,"15/02/2023, 17:45:41",1676463349.28013,0.0,5
3Item18,3,Item18,nomatch,Difficult,CORRECT,6.188284900039434,1676463349.3048043,"15/02/2023, 17:45:49",1676463355.4930892,0.0,5
1spl1,1,spl1,match,Easy,CORRECT,33.32718810000006,1679142861.4015138,"18/03/2023, 18:04:21",1679142894.7287018,0.0,6
1Item1,1,Item1,match,Easy,CORRECT,37.45027209999898,1679142921.4616292,"18/03/2023, 18:05:21",1679142958.9119012,0.0,6
1Item2,1,Item2,match,Easy,CORRECT,37.4167746000021,1679142958.9353974,"18/03/2023, 18:05:58",1679142996.352172,0.0,6
1Item3,1,Item3,match,Easy,CORRECT,76.93097950000083,1679142996.3653924,"18/03/2023, 18:06:36",1679143073.296372,0.0,6
1Item4,1,Item4,match,Medium,CORRECT,45.3686549999984,1679143073.3244908,"18/03/2023, 18:07:53",1679143118.6931458,0.0,6
1Item5,1,Item5,nomatch,Medium,SKIP,62.45291329999964,1679143118.714198,"18/03/2023, 18:08:38",1679143181.1671114,0.0,6
1Item6,1,Item6,match,Medium,INCORRECT,29.19613039999967,1679143181.1915667,"18/03/2023, 18:09:41",1679143210.3876972,0.0,6
1Item7,1,Item7,0,0,0,11.0,1679143210.3876972,"18/03/2023, 08:40:10",1679143221.3876972,0.0,6
2spl1,2,spl1,match,Easy,CORRECT,8.451337599999533,1679143333.3479798,"18/03/2023, 18:12:13",1679143341.7993174,0.0,6
2spl2,2,spl2,nomatch,Easy,INCORRECT,20.07755960000213,1679143344.2376616,"18/03/2023, 18:12:24",1679143364.3152213,0.0,6
2Item1,2,Item1,match,Easy,CORRECT,25.9216751999993,1679143367.2317872,"18/03/2023, 18:12:47",1679143393.1534624,1.9251330999977647,6
2Item2,2,Item2,match,Easy,CORRECT,18.832838599999377,1679143395.1101675,"18/03/2023, 18:13:15",1679143413.943006,1.421576400000049,6
2Item3,2,Item3,match,Easy,CORRECT,24.635083200002555,1679143415.3979032,"18/03/2023, 18:13:35",1679143440.0329864,1.5053292000011425,6
2Item4,2,Item4,nomatch,Medium,CORRECT,53.456517300001,1679143441.5700872,"18/03/2023, 18:14:01",1679143495.0266044,1.1653021999991324,6
2Item5,2,Item5,match,Medium,CORRECT,43.61073510000279,1679143496.221522,"18/03/2023, 18:14:56",1679143539.8322573,1.065780699998868,6
2Item6,2,Item6,match,Medium,CORRECT,30.9132740999994,1679143540.9257956,"18/03/2023, 18:15:40",1679143571.8390696,1.1882031000022837,6
2Item7,2,Item7,match,Difficult,CORRECT,48.53114700000151,1679143573.05939,"18/03/2023, 18:16:13",1679143621.590537,1.1473920999997065,6
2Item8,2,Item8,nomatch,Difficult,INCORRECT,27.88521430000037,1679143622.767976,"18/03/2023, 18:17:02",1679143650.6531904,1.4975260999999591,6
2Item9,2,Item9,nomatch,Difficult,INCORRECT,9.145642799998312,1679143652.185646,"18/03/2023, 18:17:32",1679143661.3312888,1.2717928999991273,6
2Item10,2,Item10,0,0,0,17.0,1679143662.6030817,"18/03/2023, 08:47:42",1679143679.6030817,0.0,6
1spl1,1,spl1,match,Easy,INCORRECT,15.653868099999954,1675687951.241504,"06/02/2023, 18:22:31",1675687966.8953722,0.0,7
1spl2,1,spl2,nomatch,Easy,INCORRECT,25.294909800000028,1675687967.0200615,"06/02/2023, 18:22:47",1675687992.3149712,0.0,7
1Item1,1,Item1,match,Easy,CORRECT,4.954921099999979,1675687992.3497176,"06/02/2023, 18:23:12",1675687997.3046386,0.0,7
1Item2,1,Item2,match,Easy,INCORRECT,5.961164800000006,1675687997.3247857,"06/02/2023, 18:23:17",1675688003.2859504,0.0,7
1Item3,1,Item3,match,Easy,CORRECT,18.477271400000063,1675688003.3036892,"06/02/2023, 18:23:23",1675688021.7809606,0.0,7
1Item4,1,Item4,match,Medium,CORRECT,14.02146300000004,1675688021.8075042,"06/02/2023, 18:23:41",1675688035.828967,0.0,7
1Item5,1,Item5,nomatch,Medium,CORRECT,15.369667899999968,1675688035.8542542,"06/02/2023, 18:23:55",1675688051.2239225,0.0,7
1Item6,1,Item6,match,Medium,CORRECT,16.42278840000006,1675688051.2514443,"06/02/2023, 18:24:11",1675688067.6742327,0.0,7
1Item7,1,Item7,match,Difficult,CORRECT,10.102128300000004,1675688067.7027037,"06/02/2023, 18:24:27",1675688077.804832,0.0,7
1Item8,1,Item8,nomatch,Difficult,INCORRECT,11.180641000000035,1675688077.826126,"06/02/2023, 18:24:37",1675688089.006767,0.0,7
1Item9,1,Item9,match,Difficult,INCORRECT,13.177893899999958,1675688089.0319023,"06/02/2023, 18:24:49",1675688102.2097962,0.0,7
1Item10,1,Item10,nomatch,Difficult,CORRECT,25.85672480000005,1675688102.234707,"06/02/2023, 18:25:02",1675688128.091432,0.0,7
2spl1,2,spl1,match,Easy,CORRECT,15.1046895999998,1675688274.034377,"06/02/2023, 18:27:54",1675688289.1390667,0.0,7
2spl2,2,spl2,nomatch,Easy,INCORRECT,20.153525899999977,1675688291.7318387,"06/02/2023, 18:28:11",1675688311.8853643,0.0,7
2Item1,2,Item1,match,Easy,CORRECT,12.443402200000037,1675688315.5225754,"06/02/2023, 18:28:35",1675688327.9659777,1.7335370000000694,7
2Item2,2,Item2,match,Easy,CORRECT,9.701148699999976,1675688329.736274,"06/02/2023, 18:28:49",1675688339.4374228,1.606156499999997,7
2Item3,2,Item3,match,Easy,CORRECT,14.770492699999975,1675688341.0848513,"06/02/2023, 18:29:01",1675688355.855344,1.3740096999999878,7
2Item4,2,Item4,nomatch,Medium,CORRECT,22.14395839999997,1675688357.2687511,"06/02/2023, 18:29:17",1675688379.4127097,1.888756899999862,7
2Item5,2,Item5,match,Medium,CORRECT,15.924407699999849,1675688381.3461962,"06/02/2023, 18:29:41",1675688397.270604,1.690450300000066,7
2Item6,2,Item6,match,Medium,CORRECT,13.635534600000028,1675688398.9949994,"06/02/2023, 18:29:58",1675688412.630534,1.5090488000000732,7
2Item7,2,Item7,match,Difficult,CORRECT,30.27041340000005,1675688414.1708407,"06/02/2023, 18:30:14",1675688444.441254,1.337883199999851,7
2Item8,2,Item8,nomatch,Difficult,INCORRECT,20.27645460000008,1675688445.8244364,"06/02/2023, 18:30:45",1675688466.100891,2.788218200000074,7
2Item9,2,Item9,nomatch,Difficult,CORRECT,16.401468899999827,1675688468.932551,"06/02/2023, 18:31:08",1675688485.33402,1.8000879999999595,7
2Item10,2,Item10,match,Difficult,CORRECT,19.500648500000125,1675688487.175622,"06/02/2023, 18:31:27",1675688506.6762705,1.60318929999994,7
3spl1,3,spl1,match,Easy,CORRECT,9.64705140000001,1675688611.2872038,"06/02/2023, 18:33:31",1675688620.9342551,0.0,7
3Item15,3,Item15,nomatch,Difficult,CORRECT,20.45881320000012,1675688623.3518934,"06/02/2023, 18:33:43",1675688643.8107066,0.0,7
3Item2,3,Item2,match,Easy,CORRECT,6.611571700000013,1675688643.836125,"06/02/2023, 18:34:03",1675688650.4476967,0.0,7
3Item5,3,Item5,match,Easy,CORRECT,6.266509899999846,1675688650.4719455,"06/02/2023, 18:34:10",1675688656.7384555,0.0,7
3Item12,3,Item12,match,Medium,INCORRECT,8.903063999999858,1675688656.7639475,"06/02/2023, 18:34:16",1675688665.6670115,0.0,7
3Item6,3,Item6,match,Easy,CORRECT,7.9256891,1675688665.6897504,"06/02/2023, 18:34:25",1675688673.6154394,0.0,7
3Item8,3,Item8,nomatch,Medium,INCORRECT,17.032920800000056,1675688673.6396704,"06/02/2023, 18:34:33",1675688690.6725912,0.0,7
3Item7,3,Item7,match,Medium,CORRECT,9.171771100000116,1675688690.696323,"06/02/2023, 18:34:50",1675688699.868094,0.0,7
3Item9,3,Item9,nomatch,Medium,INCORRECT,22.19234530000017,1675688699.8835227,"06/02/2023, 18:34:59",1675688722.075868,0.0,7
3Item17,3,Item17,match,Difficult,INCORRECT,17.07680839999989,1675688722.100571,"06/02/2023, 18:35:22",1675688739.1773794,0.0,7
3Item19,3,Item19,0,0,0,4.0,1675688739.1773794,"06/02/2023, 08:05:39",1675688743.1773794,0.0,7
1spl1,1,spl1,match,Easy,CORRECT,6.1610966000007465,1675427315.8100936,"03/02/2023, 17:58:35",1675427321.9711902,0.0,8
1spl2,1,spl2,nomatch,Easy,CORRECT,5.233336800010875,1675427322.1254022,"03/02/2023, 17:58:42",1675427327.358739,0.0,8
1Item1,1,Item1,match,Easy,CORRECT,6.536476199980825,1675427327.3804164,"03/02/2023, 17:58:47",1675427333.9168923,0.0,8
1Item2,1,Item2,match,Easy,CORRECT,6.992712100007338,1675427333.9550924,"03/02/2023, 17:58:53",1675427340.9478045,0.0,8
1Item3,1,Item3,match,Easy,CORRECT,8.11765669999295,1675427340.9781754,"03/02/2023, 17:59:00",1675427349.095832,0.0,8
1Item4,1,Item4,match,Medium,CORRECT,11.619857000012416,1675427349.1231534,"03/02/2023, 17:59:09",1675427360.7430103,0.0,8
1Item5,1,Item5,nomatch,Medium,INCORRECT,3.665781299991068,1675427360.7821474,"03/02/2023, 17:59:20",1675427364.447929,0.0,8
1Item6,1,Item6,match,Medium,CORRECT,10.3181374000269,1675427364.4811068,"03/02/2023, 17:59:24",1675427374.7992442,0.0,8
1Item7,1,Item7,match,Difficult,CORRECT,5.364297699998133,1675427374.830606,"03/02/2023, 17:59:34",1675427380.1949036,0.0,8
1Item8,1,Item8,nomatch,Difficult,INCORRECT,5.245461199985584,1675427380.216182,"03/02/2023, 17:59:40",1675427385.4616432,0.0,8
1Item9,1,Item9,match,Difficult,SKIP,6.652127699984703,1675427385.4743836,"03/02/2023, 17:59:45",1675427392.126511,0.0,8
1Item10,1,Item10,nomatch,Difficult,CORRECT,19.6953270000231,1675427392.1539097,"03/02/2023, 17:59:52",1675427411.8492367,0.0,8
2spl1,2,spl1,match,Easy,CORRECT,4.859529400011525,1675427472.1074016,"03/02/2023, 18:01:12",1675427476.966931,0.0,8
2spl2,2,spl2,nomatch,Easy,CORRECT,9.328269899997396,1675427479.675053,"03/02/2023, 18:01:19",1675427489.0033228,0.0,8
2Item1,2,Item1,match,Easy,CORRECT,2.755956499982858,1675427489.9863117,"03/02/2023, 18:01:29",1675427492.742268,0.894842100009555,8
2Item2,2,Item2,match,Easy,CORRECT,3.23271380001097,1675427493.6871743,"03/02/2023, 18:01:33",1675427496.919888,0.9339919999765698,8
2Item3,2,Item3,match,Easy,CORRECT,5.113457500003278,1675427497.892554,"03/02/2023, 18:01:37",1675427503.0060115,0.7495416000019759,8
2Item4,2,Item4,nomatch,Medium,INCORRECT,6.305646199994953,1675427503.7938917,"03/02/2023, 18:01:43",1675427510.0995378,1.3177490000089165,8
2Item5,2,Item5,match,Medium,CORRECT,4.518718800012721,1675427511.4658532,"03/02/2023, 18:01:51",1675427515.984572,0.767945499974303,8
2Item6,2,Item6,match,Medium,CORRECT,7.889346200012369,1675427516.7908683,"03/02/2023, 18:01:56",1675427524.6802144,0.7418818000005558,8
2Item7,2,Item7,match,Difficult,CORRECT,4.918397800007369,1675427525.4696426,"03/02/2023, 18:02:05",1675427530.3880403,0.7491092999989633,8
2Item8,2,Item8,nomatch,Difficult,INCORRECT,5.241585300012957,1675427531.1744044,"03/02/2023, 18:02:11",1675427536.4159896,1.3264679000130857,8
2Item9,2,Item9,nomatch,Difficult,CORRECT,4.958712599996943,1675427537.7814996,"03/02/2023, 18:02:17",1675427542.7402122,0.7716331999981776,8
2Item10,2,Item10,match,Difficult,INCORRECT,9.215710699994816,1675427543.554785,"03/02/2023, 18:02:23",1675427552.7704957,1.3916655000066385,8
3spl1,3,spl1,match,Easy,CORRECT,4.232676200015703,1675427600.6209557,"03/02/2023, 18:03:20",1675427604.853632,0.0,8
3spl2,3,spl2,nomatch,Easy,CORRECT,3.340012500004377,1675427604.8716216,"03/02/2023, 18:03:24",1675427608.2116342,0.0,8
3Item15,3,Item15,nomatch,Difficult,CORRECT,4.643335900007514,1675427608.2340996,"03/02/2023, 18:03:28",1675427612.8774354,0.0,8
3Item2,3,Item2,match,Easy,CORRECT,3.2744834999903105,1675427612.9047277,"03/02/2023, 18:03:32",1675427616.1792111,0.0,8
3Item5,3,Item5,match,Easy,INCORRECT,10.509596599993529,1675427616.2124383,"03/02/2023, 18:03:36",1675427626.722035,0.0,8
3Item12,3,Item12,match,Medium,SKIP,5.833983899996383,1675427626.7514956,"03/02/2023, 18:03:46",1675427632.5854795,0.0,8
3Item6,3,Item6,match,Easy,CORRECT,4.984335899993312,1675427632.6154478,"03/02/2023, 18:03:52",1675427637.5997837,0.0,8
3Item8,3,Item8,nomatch,Medium,INCORRECT,11.750849800009746,1675427637.6290362,"03/02/2023, 18:03:57",1675427649.379886,0.0,8
3Item7,3,Item7,match,Medium,CORRECT,8.016479400015669,1675427649.4098692,"03/02/2023, 18:04:09",1675427657.4263487,0.0,8
3Item9,3,Item9,nomatch,Medium,CORRECT,6.7274138999928255,1675427657.4515965,"03/02/2023, 18:04:17",1675427664.1790104,0.0,8
3Item17,3,Item17,match,Difficult,INCORRECT,9.657205800001975,1675427664.1975553,"03/02/2023, 18:04:24",1675427673.8547611,0.0,8
3Item19,3,Item19,nomatch,Difficult,CORRECT,23.23406009998871,1675427673.8904278,"03/02/2023, 18:04:33",1675427697.124488,0.0,8
3Item11,3,Item11,match,Medium,INCORRECT,4.499430199997732,1675427697.1485,"03/02/2023, 18:04:57",1675427701.64793,0.0,8
3Item4,3,Item4,match,Easy,CORRECT,4.7640402000106405,1675427701.6763258,"03/02/2023, 18:05:01",1675427706.440366,0.0,8
3Item13,3,Item13,match,Difficult,CORRECT,3.837049399997341,1675427706.4752257,"03/02/2023, 18:05:06",1675427710.3122752,0.0,8
3Item10,3,Item10,match,Medium,CORRECT,5.211053700011689,1675427710.333346,"03/02/2023, 18:05:10",1675427715.5443995,0.0,8
3Item14,3,Item14,match,Difficult,CORRECT,8.720371100003831,1675427715.5740187,"03/02/2023, 18:05:15",1675427724.2943895,0.0,8
3Item3,3,Item3,0,0,0,5.0,1675427724.2943895,"03/02/2023, 07:35:24",1675427729.2943895,0.0,8
1spl1,1,spl1,match,Easy,CORRECT,8.753879299969412,1676374882.7142882,"14/02/2023, 17:11:22",1676374891.4681675,0.0,9
1spl2,1,spl2,nomatch,Easy,CORRECT,14.718186700018125,1676374891.5685034,"14/02/2023, 17:11:31",1676374906.28669,0.0,9
1Item1,1,Item1,match,Easy,CORRECT,7.076143399986904,1676374906.3162086,"14/02/2023, 17:11:46",1676374913.392352,0.0,9
1Item2,1,Item2,match,Easy,CORRECT,19.75238260003971,1676374913.4125233,"14/02/2023, 17:11:53",1676374933.1649058,0.0,9
1Item3,1,Item3,match,Easy,CORRECT,13.685846099979244,1676374933.1906595,"14/02/2023, 17:12:13",1676374946.8765056,0.0,9
1Item4,1,Item4,match,Medium,CORRECT,13.40219779999461,1676374946.9027524,"14/02/2023, 17:12:26",1676374960.3049502,0.0,9
1Item5,1,Item5,nomatch,Medium,CORRECT,19.521734300011303,1676374960.3329856,"14/02/2023, 17:12:40",1676374979.85472,0.0,9
1Item6,1,Item6,match,Medium,CORRECT,21.16968370001996,1676374979.8823752,"14/02/2023, 17:12:59",1676375001.052059,0.0,9
1Item7,1,Item7,match,Difficult,CORRECT,25.056495399971027,1676375001.0720506,"14/02/2023, 17:13:21",1676375026.128546,0.0,9
1Item8,1,Item8,nomatch,Difficult,INCORRECT,74.2750931000337,1676375026.1530335,"14/02/2023, 17:13:46",1676375100.4281266,0.0,9
1Item9,1,Item9,match,Difficult,INCORRECT,48.68038099998376,1676375100.4518664,"14/02/2023, 17:15:00",1676375149.1322474,0.0,9
1Item10,1,Item10,nomatch,Difficult,CORRECT,32.770513299969025,1676375149.1574447,"14/02/2023, 17:15:49",1676375181.927958,0.0,9
2spl1,2,spl1,match,Easy,CORRECT,7.77571319998242,1676375270.124789,"14/02/2023, 17:17:50",1676375277.9005022,0.0,9
2spl2,2,spl2,nomatch,Easy,CORRECT,6.114223800017498,1676375282.3687692,"14/02/2023, 17:18:02",1676375288.482993,0.0,9
2Item1,2,Item1,match,Easy,CORRECT,11.834708699956536,1676375290.534261,"14/02/2023, 17:18:10",1676375302.3689697,1.6824366000364537,9
2Item2,2,Item2,match,Easy,CORRECT,6.848870399990119,1676375304.0911973,"14/02/2023, 17:18:24",1676375310.9400678,0.9667530999868176,9
2Item3,2,Item3,match,Easy,CORRECT,5.248583399981726,1676375311.9379015,"14/02/2023, 17:18:31",1676375317.1864848,1.00000070000533,9
2Item4,2,Item4,nomatch,Medium,CORRECT,31.64866240002448,1676375318.2257836,"14/02/2023, 17:18:38",1676375349.874446,1.0952844000421464,9
2Item5,2,Item5,match,Medium,CORRECT,14.843291500001214,1676375351.0076134,"14/02/2023, 17:19:11",1676375365.850905,0.9835106999962592,9
2Item6,2,Item6,match,Medium,CORRECT,18.93269899999723,1676375366.868271,"14/02/2023, 17:19:26",1676375385.80097,1.2013124999939464,9
2Item7,2,Item7,match,Difficult,CORRECT,36.17543889995432,1676375387.0361729,"14/02/2023, 17:19:47",1676375423.2116115,0.7984872999950312,9
2Item8,2,Item8,nomatch,Difficult,CORRECT,64.89028940000571,1676375424.0434155,"14/02/2023, 17:20:24",1676375488.9337049,0.9719829999958164,9
2Item9,2,Item9,nomatch,Difficult,INCORRECT,33.09550619998481,1676375489.9469378,"14/02/2023, 17:21:29",1676375523.042444,1.3863534000120126,9
2Item10,2,Item10,match,Difficult,INCORRECT,61.87996230000863,1676375524.4615674,"14/02/2023, 17:22:04",1676375586.3415296,1.0010811000247486,9
3spl1,3,spl1,match,Easy,CORRECT,4.542018599982839,1676375671.195753,"14/02/2023, 17:24:31",1676375675.7377715,0.0,9
3Item15,3,Item15,nomatch,Difficult,CORRECT,13.91254339995794,1676375683.258477,"14/02/2023, 17:24:43",1676375697.1710205,0.0,9
3Item2,3,Item2,match,Easy,CORRECT,5.759120599948801,1676375697.1950116,"14/02/2023, 17:24:57",1676375702.9541323,0.0,9
3Item5,3,Item5,match,Easy,CORRECT,4.468131400004495,1676375702.9816177,"14/02/2023, 17:25:02",1676375707.449749,0.0,9
3Item12,3,Item12,match,Medium,INCORRECT,12.885532499989496,1676375707.465301,"14/02/2023, 17:25:07",1676375720.3508337,0.0,9
3Item6,3,Item6,match,Easy,CORRECT,6.556124099995941,1676375720.3686593,"14/02/2023, 17:25:20",1676375726.9247837,0.0,9
3Item8,3,Item8,nomatch,Medium,CORRECT,10.204436999978498,1676375726.9484477,"14/02/2023, 17:25:26",1676375737.1528847,0.0,9
3Item7,3,Item7,match,Medium,CORRECT,6.1296012999955565,1676375737.171476,"14/02/2023, 17:25:37",1676375743.3010771,0.0,9
3Item9,3,Item9,nomatch,Medium,INCORRECT,15.968929199967532,1676375743.3250794,"14/02/2023, 17:25:43",1676375759.2940087,0.0,9
3Item17,3,Item17,match,Difficult,INCORRECT,10.554283100005703,1676375759.3183746,"14/02/2023, 17:25:59",1676375769.8726578,0.0,9
3Item19,3,Item19,nomatch,Difficult,CORRECT,15.00098650000291,1676375769.8906732,"14/02/2023, 17:26:09",1676375784.8916595,0.0,9
3Item11,3,Item11,match,Medium,INCORRECT,13.793000200006643,1676375784.9110346,"14/02/2023, 17:26:24",1676375798.7040348,0.0,9
3Item4,3,Item4,match,Easy,CORRECT,3.46069889998762,1676375798.7249706,"14/02/2023, 17:26:38",1676375802.1856694,0.0,9
3Item13,3,Item13,0,0,0,2.0,1676375802.1856694,"14/02/2023, 06:56:42",1676375804.1856694,0.0,9
1spl1,1,spl1,match,Easy,CORRECT,20.10633249999956,1677153274.5458398,"23/02/2023, 17:24:34",1677153294.6521723,0.0,10
1spl2,1,spl2,nomatch,Easy,INCORRECT,9.3007351999986,1677153294.8014154,"23/02/2023, 17:24:54",1677153304.102151,0.0,10
1Item1,1,Item1,match,Easy,CORRECT,24.5595755000104,1677153304.1314905,"23/02/2023, 17:25:04",1677153328.691066,0.0,10
1Item2,1,Item2,match,Easy,INCORRECT,37.68451190000633,1677153328.7170148,"23/02/2023, 17:25:28",1677153366.4015267,0.0,10
1Item3,1,Item3,match,Easy,CORRECT,16.037484899992705,1677153366.424379,"23/02/2023, 17:26:06",1677153382.461864,0.0,10
1Item4,1,Item4,match,Medium,INCORRECT,8.273823800001992,1677153382.4830294,"23/02/2023, 17:26:22",1677153390.756853,0.0,10
1Item5,1,Item5,nomatch,Medium,INCORRECT,22.231086400002823,1677153390.783541,"23/02/2023, 17:26:30",1677153413.0146277,0.0,10
1Item6,1,Item6,match,Medium,CORRECT,22.620533900000737,1677153413.036122,"23/02/2023, 17:26:53",1677153435.656656,0.0,10
1Item7,1,Item7,match,Difficult,CORRECT,23.204860699988785,1677153435.6804788,"23/02/2023, 17:27:15",1677153458.8853395,0.0,10
1Item8,1,Item8,nomatch,Difficult,INCORRECT,15.09496930000023,1677153458.9028132,"23/02/2023, 17:27:38",1677153473.9977825,0.0,10
1Item9,1,Item9,match,Difficult,INCORRECT,27.289065699995263,1677153474.022629,"23/02/2023, 17:27:54",1677153501.3116946,0.0,10
1Item10,1,Item10,nomatch,Difficult,INCORRECT,16.668657600006554,1677153501.330895,"23/02/2023, 17:28:21",1677153517.9995525,0.0,10
2spl1,2,spl1,match,Easy,CORRECT,7.374383299989859,1677153682.3971677,"23/02/2023, 17:31:22",1677153689.771551,0.0,10
2spl2,2,spl2,nomatch,Easy,INCORRECT,16.990788399998564,1677153691.8263102,"23/02/2023, 17:31:31",1677153708.8170986,0.0,10
2Item1,2,Item1,match,Easy,CORRECT,9.856123699995806,1677153718.2014968,"23/02/2023, 17:31:58",1677153728.0576203,1.47267400000419,10
2Item2,2,Item2,match,Easy,CORRECT,11.304585399993812,1677153729.5725214,"23/02/2023, 17:32:09",1677153740.877107,1.2866518999944674,10
2Item3,2,Item3,match,Easy,CORRECT,21.224990800008527,1677153742.200021,"23/02/2023, 17:32:22",1677153763.425012,1.16312920000928,10
2Item4,2,Item4,nomatch,Medium,INCORRECT,11.343327399998088,1677153764.6184616,"23/02/2023, 17:32:44",1677153775.961789,1.5004461000062292,10
2Item5,2,Item5,match,Medium,CORRECT,24.3771890999924,1677153777.5006306,"23/02/2023, 17:32:57",1677153801.8778198,1.089111299996148,10
2Item6,2,Item6,match,Medium,INCORRECT,12.538339599996108,1677153803.0015776,"23/02/2023, 17:33:23",1677153815.5399172,1.0798860999930184,10
2Item7,2,Item7,match,Difficult,CORRECT,47.88996980000229,1677153816.6524687,"23/02/2023, 17:33:36",1677153864.5424385,2.048546099991654,10
2Item8,2,Item8,nomatch,Difficult,INCORRECT,25.94556310000189,1677153866.626016,"23/02/2023, 17:34:26",1677153892.571579,1.332204599995748,10
2Item9,2,Item9,nomatch,Difficult,INCORRECT,4.685091699997429,1677153893.9444263,"23/02/2023, 17:34:53",1677153898.629518,1.595959500002209,10
2Item10,2,Item10,match,Difficult,INCORRECT,6.110734199988656,1677153900.258005,"23/02/2023, 17:35:00",1677153906.3687391,1.3261392999993404,10
3spl1,3,spl1,match,Easy,CORRECT,4.733223200004431,1677154000.1990917,"23/02/2023, 17:36:40",1677154004.9323149,0.0,10
3spl2,3,spl2,nomatch,Easy,INCORRECT,2.8657500999979675,1677154004.954773,"23/02/2023, 17:36:44",1677154007.820523,0.0,10
3Item15,3,Item15,nomatch,Difficult,INCORRECT,6.171088699993561,1677154007.8494737,"23/02/2023, 17:36:47",1677154014.0205624,0.0,10
3Item2,3,Item2,match,Easy,CORRECT,9.096554599993397,1677154014.0380912,"23/02/2023, 17:36:54",1677154023.1346457,0.0,10
3Item5,3,Item5,match,Easy,INCORRECT,5.495223399993847,1677154023.1702533,"23/02/2023, 17:37:03",1677154028.6654766,0.0,10
3Item12,3,Item12,match,Medium,INCORRECT,15.20794510000269,1677154028.689991,"23/02/2023, 17:37:08",1677154043.897936,0.0,10
3Item6,3,Item6,match,Easy,INCORRECT,8.163965799991274,1677154043.9248376,"23/02/2023, 17:37:23",1677154052.0888033,0.0,10
3Item8,3,Item8,nomatch,Medium,INCORRECT,8.209001499999431,1677154052.1129313,"23/02/2023, 17:37:32",1677154060.3219328,0.0,10
3Item7,3,Item7,match,Medium,INCORRECT,21.75170869998692,1677154060.343958,"23/02/2023, 17:37:40",1677154082.0956666,0.0,10
3Item9,3,Item9,nomatch,Medium,INCORRECT,30.93456549999246,1677154082.1226232,"23/02/2023, 17:38:02",1677154113.0571887,0.0,10
3Item17,3,Item17,match,Difficult,CORRECT,5.225832800002536,1677154113.078596,"23/02/2023, 17:38:33",1677154118.3044288,0.0,10
3Item19,3,Item19,nomatch,Difficult,INCORRECT,4.281910200006678,1677154118.3206189,"23/02/2023, 17:38:38",1677154122.602529,0.0,10
3Item11,3,Item11,match,Medium,CORRECT,2.9510175000032177,1677154122.624575,"23/02/2023, 17:38:42",1677154125.5755925,0.0,10
3Item4,3,Item4,0,0,0,3.0,1677154125.5755925,"23/02/2023, 07:08:45",1677154128.5755925,0.0,10
1spl1,1,spl1,match,Easy,CORRECT,18.59779399994295,1676893876.033026,"20/02/2023, 17:21:16",1676893894.63082,0.0,11
1spl2,1,spl2,nomatch,Easy,INCORRECT,5.921467500040308,1676893894.907364,"20/02/2023, 17:21:34",1676893900.8288314,0.0,11
1Item1,1,Item1,match,Easy,CORRECT,10.835993999964558,1676893900.8934362,"20/02/2023, 17:21:40",1676893911.7294302,0.0,11
1Item2,1,Item2,match,Easy,CORRECT,45.04507100000046,1676893911.7653794,"20/02/2023, 17:21:51",1676893956.8104503,0.0,11
1Item3,1,Item3,match,Easy,CORRECT,79.42279450001661,1676893956.8477075,"20/02/2023, 17:22:36",1676894036.270502,0.0,11
1Item4,1,Item4,match,Medium,CORRECT,48.75871279998682,1676894036.3049295,"20/02/2023, 17:23:56",1676894085.0636425,0.0,11
1Item5,1,Item5,nomatch,Medium,CORRECT,24.819539900054224,1676894085.100471,"20/02/2023, 17:24:45",1676894109.9200108,0.0,11
1Item6,1,Item6,match,Medium,CORRECT,13.013273000018671,1676894109.9555707,"20/02/2023, 17:25:09",1676894122.9688437,0.0,11
1Item7,1,Item7,match,Difficult,CORRECT,7.793704899959266,1676894123.0130386,"20/02/2023, 17:25:23",1676894130.8067436,0.0,11
1Item8,1,Item8,nomatch,Difficult,INCORRECT,11.753282799967565,1676894130.840238,"20/02/2023, 17:25:30",1676894142.5935209,0.0,11
1Item9,1,Item9,match,Difficult,INCORRECT,17.662785900058225,1676894142.6199582,"20/02/2023, 17:25:42",1676894160.2827442,0.0,11
1Item10,1,Item10,nomatch,Difficult,INCORRECT,30.811107099987566,1676894160.3160405,"20/02/2023, 17:26:00",1676894191.1271477,0.0,11
2spl1,2,spl1,match,Easy,CORRECT,5.002393800066784,1676894313.69121,"20/02/2023, 17:28:33",1676894318.6936038,0.0,11
2spl2,2,spl2,nomatch,Easy,INCORRECT,2.840932499966584,1676894321.460024,"20/02/2023, 17:28:41",1676894324.3009567,0.0,11
2Item1,2,Item1,match,Easy,CORRECT,3.3398680000100285,1676894329.6421344,"20/02/2023, 17:28:49",1676894332.9820025,1.4106557000195608,11
2Item2,2,Item2,match,Easy,CORRECT,8.971341000054963,1676894334.4631224,"20/02/2023, 17:28:54",1676894343.4344633,1.1134774000383914,11
2Item3,2,Item3,match,Easy,CORRECT,4.49215050006751,1676894344.5979905,"20/02/2023, 17:29:04",1676894349.090141,1.0748373999958858,11
2Item4,2,Item4,nomatch,Medium,INCORRECT,8.588785300031304,1676894350.2305293,"20/02/2023, 17:29:10",1676894358.8193147,6.343430700013414,11
2Item5,2,Item5,match,Medium,INCORRECT,32.810056300018914,1676894365.224865,"20/02/2023, 17:29:25",1676894398.0349212,3.4490141000133008,11
2Item6,2,Item6,match,Medium,CORRECT,33.02287389989942,1676894401.5533457,"20/02/2023, 17:30:01",1676894434.5762196,1.142954899929464,11
2Item7,2,Item7,match,Difficult,INCORRECT,71.92897520004772,1676894435.78418,"20/02/2023, 17:30:35",1676894507.713155,2.4040277999592945,11
2Item8,2,Item8,nomatch,Difficult,INCORRECT,44.99337629997172,1676894510.1876023,"20/02/2023, 17:31:50",1676894555.1809783,1.5733210999751464,11
2Item9,2,Item9,nomatch,Difficult,CORRECT,11.257439300068654,1676894556.801603,"20/02/2023, 17:32:36",1676894568.0590425,1.4116575999651104,11
2Item10,2,Item10,match,Difficult,INCORRECT,16.445055400021374,1676894569.5220933,"20/02/2023, 17:32:49",1676894585.9671488,1.1559807000448927,11
3spl1,3,spl1,match,Easy,CORRECT,3.531063099973835,1676894664.6438663,"20/02/2023, 17:34:24",1676894668.1749294,0.0,11
3spl2,3,spl2,nomatch,Easy,CORRECT,4.468216099892743,1676894668.2105875,"20/02/2023, 17:34:28",1676894672.6788037,0.0,11
3Item15,3,Item15,nomatch,Difficult,INCORRECT,14.0637053999817,1676894672.720518,"20/02/2023, 17:34:32",1676894686.7842236,0.0,11
3Item2,3,Item2,match,Easy,CORRECT,2.371892199967988,1676894686.8195968,"20/02/2023, 17:34:46",1676894689.191489,0.0,11
3Item5,3,Item5,match,Easy,CORRECT,3.6707050999393687,1676894689.2341552,"20/02/2023, 17:34:49",1676894692.9048605,0.0,11
3Item12,3,Item12,match,Medium,CORRECT,4.420094199944288,1676894692.9397829,"20/02/2023, 17:34:52",1676894697.359877,0.0,11
3Item6,3,Item6,match,Easy,CORRECT,2.288474300061353,1676894697.381251,"20/02/2023, 17:34:57",1676894699.6697254,0.0,11
3Item8,3,Item8,nomatch,Medium,CORRECT,11.407622700091451,1676894699.699314,"20/02/2023, 17:34:59",1676894711.106937,0.0,11
3Item7,3,Item7,match,Medium,INCORRECT,8.206661599921063,1676894711.1387248,"20/02/2023, 17:35:11",1676894719.3453865,0.0,11
3Item9,3,Item9,nomatch,Medium,INCORRECT,3.123072299989872,1676894719.3771386,"20/02/2023, 17:35:19",1676894722.500211,0.0,11
3Item17,3,Item17,match,Difficult,CORRECT,6.527365599991754,1676894722.5381277,"20/02/2023, 17:35:22",1676894729.065493,0.0,11
3Item19,3,Item19,nomatch,Difficult,CORRECT,19.72213890007697,1676894729.11344,"20/02/2023, 17:35:29",1676894748.835579,0.0,11
3Item11,3,Item11,match,Medium,CORRECT,15.316062500001864,1676894748.8752656,"20/02/2023, 17:35:48",1676894764.191328,0.0,11
3Item4,3,Item4,match,Easy,CORRECT,4.713577199960128,1676894764.2245717,"20/02/2023, 17:36:04",1676894768.938149,0.0,11
3Item13,3,Item13,match,Difficult,CORRECT,6.2978940000757575,1676894768.964117,"20/02/2023, 17:36:08",1676894775.262011,0.0,11
3Item10,3,Item10,match,Medium,CORRECT,2.82116789999418,1676894775.2945995,"20/02/2023, 17:36:15",1676894778.1157677,0.0,11
3Item14,3,Item14,match,Difficult,CORRECT,7.20308110001497,1676894778.1457305,"20/02/2023, 17:36:18",1676894785.3488116,0.0,11
3Item3,3,Item3,match,Easy,CORRECT,4.184436200070195,1676894785.385601,"20/02/2023, 17:36:25",1676894789.5700371,0.0,11
3Item20,3,Item20,match,Difficult,CORRECT,2.4300259000156075,1676894789.605494,"20/02/2023, 17:36:29",1676894792.0355198,0.0,11
3Item18,3,Item18,nomatch,Difficult,INCORRECT,0.5395456000696868,1676894792.068188,"20/02/2023, 17:36:32",1676894792.6077335,0.0,11
1spl1,1,spl1,match,Easy,CORRECT,3.0122161000035703,1675773300.294364,"07/02/2023, 18:05:00",1675773303.30658,0.0,12
1spl2,1,spl2,nomatch,Easy,INCORRECT,13.155909299995985,1675773303.471895,"07/02/2023, 18:05:03",1675773316.6278045,0.0,12
1Item1,1,Item1,match,Easy,CORRECT,7.591203999996651,1675773316.6566114,"07/02/2023, 18:05:16",1675773324.2478154,0.0,12
1Item2,1,Item2,match,Easy,CORRECT,9.529152000002796,1675773324.292106,"07/02/2023, 18:05:24",1675773333.8212578,0.0,12
1Item3,1,Item3,match,Easy,CORRECT,15.280158800000208,1675773333.854858,"07/02/2023, 18:05:33",1675773349.135017,0.0,12
1Item4,1,Item4,match,Medium,CORRECT,11.707106700006989,1675773349.1630197,"07/02/2023, 18:05:49",1675773360.8701262,0.0,12
1Item5,1,Item5,nomatch,Medium,INCORRECT,21.37536809999437,1675773360.90535,"07/02/2023, 18:06:00",1675773382.280718,0.0,12
1Item6,1,Item6,match,Medium,CORRECT,10.774901800003136,1675773382.3209734,"07/02/2023, 18:06:22",1675773393.0958753,0.0,12
1Item7,1,Item7,match,Difficult,CORRECT,10.635919099993773,1675773393.1262994,"07/02/2023, 18:06:33",1675773403.7622185,0.0,12
1Item8,1,Item8,nomatch,Difficult,CORRECT,15.479023099993356,1675773403.7964523,"07/02/2023, 18:06:43",1675773419.2754755,0.0,12
1Item9,1,Item9,match,Difficult,CORRECT,12.577943700001924,1675773419.309176,"07/02/2023, 18:06:59",1675773431.8871198,0.0,12
1Item10,1,Item10,nomatch,Difficult,INCORRECT,12.3240053000045,1675773431.916224,"07/02/2023, 18:07:11",1675773444.2402294,0.0,12
2spl1,2,spl1,match,Easy,CORRECT,5.681277600000612,1675773531.6286922,"07/02/2023, 18:08:51",1675773537.3099697,0.0,12
2spl2,2,spl2,nomatch,Easy,INCORRECT,7.678613299998688,1675773540.168555,"07/02/2023, 18:09:00",1675773547.8471682,0.0,12
2Item1,2,Item1,match,Easy,CORRECT,6.344828700006474,1675773550.5408635,"07/02/2023, 18:09:10",1675773556.885692,1.329194700010703,12
2Item2,2,Item2,match,Easy,CORRECT,5.572521800000686,1675773558.2580595,"07/02/2023, 18:09:18",1675773563.8305812,1.2145086999953492,12
2Item3,2,Item3,match,Easy,CORRECT,9.883321300003445,1675773565.088879,"07/02/2023, 18:09:25",1675773574.9722004,1.410077900000033,12
2Item4,2,Item4,nomatch,Medium,INCORRECT,9.531433500000276,1675773576.4279606,"07/02/2023, 18:09:36",1675773585.9593942,1.3671434999996563,12
2Item5,2,Item5,match,Medium,CORRECT,10.157405800011476,1675773587.380894,"07/02/2023, 18:09:47",1675773597.5382998,1.226418599995668,12
2Item6,2,Item6,match,Medium,CORRECT,23.94795870000962,1675773598.8267992,"07/02/2023, 18:09:58",1675773622.774758,1.0764853000000585,12
2Item7,2,Item7,match,Difficult,CORRECT,7.937500999993063,1675773623.9068522,"07/02/2023, 18:10:23",1675773631.8443532,1.2295895999995992,12
2Item8,2,Item8,nomatch,Difficult,INCORRECT,7.958770099998219,1675773633.11521,"07/02/2023, 18:10:33",1675773641.07398,0.8423767999920528,12
2Item9,2,Item9,nomatch,Difficult,INCORRECT,16.77030720000039,1675773641.9635737,"07/02/2023, 18:10:41",1675773658.733881,1.2978512999980012,12
2Item10,2,Item10,match,Difficult,INCORRECT,14.905311800001073,1675773660.0810676,"07/02/2023, 18:11:00",1675773674.9863794,1.2622094999969704,12
3spl1,3,spl1,match,Easy,CORRECT,5.2568162999959895,1675773730.8377862,"07/02/2023, 18:12:10",1675773736.0946026,0.0,12
3Item15,3,Item15,nomatch,Difficult,INCORRECT,1.1432849999982864,1675773742.9266798,"07/02/2023, 18:12:22",1675773744.069965,0.0,12
3Item2,3,Item2,match,Easy,CORRECT,2.1091545000090264,1675773744.0972755,"07/02/2023, 18:12:24",1675773746.20643,0.0,12
3Item5,3,Item5,match,Easy,CORRECT,2.843962900005863,1675773746.2264826,"07/02/2023, 18:12:26",1675773749.0704455,0.0,12
3Item12,3,Item12,match,Medium,INCORRECT,4.221502100001089,1675773749.08979,"07/02/2023, 18:12:29",1675773753.3112922,0.0,12
3Item6,3,Item6,match,Easy,CORRECT,1.942126000009012,1675773753.3317304,"07/02/2023, 18:12:33",1675773755.2738564,0.0,12
3Item8,3,Item8,nomatch,Medium,INCORRECT,6.000143400000525,1675773755.2964492,"07/02/2023, 18:12:35",1675773761.2965925,0.0,12
3Item7,3,Item7,match,Medium,CORRECT,6.637698200007435,1675773761.3326242,"07/02/2023, 18:12:41",1675773767.9703224,0.0,12
3Item9,3,Item9,nomatch,Medium,INCORRECT,8.419635199999902,1675773768.0005865,"07/02/2023, 18:12:48",1675773776.4202218,0.0,12
3Item17,3,Item17,match,Difficult,CORRECT,3.1295907000021543,1675773776.4435778,"07/02/2023, 18:12:56",1675773779.5731685,0.0,12
3Item19,3,Item19,nomatch,Difficult,CORRECT,10.193755500004045,1675773779.6050088,"07/02/2023, 18:12:59",1675773789.7987642,0.0,12
3Item11,3,Item11,match,Medium,INCORRECT,4.544324900009087,1675773789.8351617,"07/02/2023, 18:13:09",1675773794.3794866,0.0,12
3Item4,3,Item4,match,Easy,CORRECT,4.90059449999535,1675773794.4183922,"07/02/2023, 18:13:14",1675773799.318987,0.0,12
3Item13,3,Item13,match,Difficult,CORRECT,5.058373699997901,1675773799.3483176,"07/02/2023, 18:13:19",1675773804.4066913,0.0,12
3Item10,3,Item10,match,Medium,INCORRECT,7.778004299994791,1675773804.440819,"07/02/2023, 18:13:24",1675773812.2188234,0.0,12
3Item14,3,Item14,match,Difficult,CORRECT,4.661876899990602,1675773812.2507176,"07/02/2023, 18:13:32",1675773816.9125946,0.0,12
3Item3,3,Item3,match,Easy,CORRECT,5.454168300013407,1675773816.9434006,"07/02/2023, 18:13:36",1675773822.397569,0.0,12
3Item20,3,Item20,match,Difficult,INCORRECT,3.829902700003004,1675773822.4175391,"07/02/2023, 18:13:42",1675773826.2474418,0.0,12
3Item18,3,Item18,nomatch,Difficult,CORRECT,3.4203761000098893,1675773826.2763207,"07/02/2023, 18:13:46",1675773829.6966968,0.0,12
3Item16,3,Item16,nomatch,Difficult,INCORRECT,2.9933224999986123,1675773829.727219,"07/02/2023, 18:13:49",1675773832.7205417,0.0,12
3Item1,3,Item1,match,Easy,CORRECT,4.688437200005865,1675773832.7485285,"07/02/2023, 18:13:52",1675773837.4369657,0.0,12
1spl1,1,spl1,match,Easy,CORRECT,17.034233700018376,1676637543.0616927,"17/02/2023, 18:09:03",1676637560.0959263,0.0,13
1spl2,1,spl2,nomatch,Easy,INCORRECT,25.396956200012937,1676637560.1816823,"17/02/2023, 18:09:20",1676637585.5786386,0.0,13
1Item1,1,Item1,match,Easy,CORRECT,15.6011541999178,1676637585.604435,"17/02/2023, 18:09:45",1676637601.205589,0.0,13
1Item2,1,Item2,match,Easy,CORRECT,23.994961200049147,1676637601.2267964,"17/02/2023, 18:10:01",1676637625.2217577,0.0,13
1Item3,1,Item3,match,Easy,INCORRECT,17.78086489997804,1676637625.2411537,"17/02/2023, 18:10:25",1676637643.022019,0.0,13
1Item4,1,Item4,match,Medium,CORRECT,29.400174199952744,1676637643.0415816,"17/02/2023, 18:10:43",1676637672.4417558,0.0,13
1Item5,1,Item5,nomatch,Medium,CORRECT,47.86957490001805,1676637672.4609256,"17/02/2023, 18:11:12",1676637720.3305004,0.0,13
1Item6,1,Item6,match,Medium,CORRECT,24.23855780006852,1676637720.3486557,"17/02/2023, 18:12:00",1676637744.5872135,0.0,13
1Item7,1,Item7,match,Difficult,CORRECT,42.057851199992,1676637744.6022427,"17/02/2023, 18:12:24",1676637786.660094,0.0,13
1Item8,1,Item8,nomatch,Difficult,CORRECT,21.81519340001978,1676637786.6782572,"17/02/2023, 18:13:06",1676637808.4934506,0.0,13
1Item9,1,Item9,match,Difficult,INCORRECT,34.3344876000192,1676637808.5102994,"17/02/2023, 18:13:28",1676637842.8447871,0.0,13
1Item10,1,Item10,0,0,0,43.0,1676637842.8447871,"17/02/2023, 07:44:02",1676637885.8447871,0.0,13
2spl1,2,spl1,match,Easy,CORRECT,6.04550340003334,1676638062.2649374,"17/02/2023, 18:17:42",1676638068.3104408,0.0,13
2spl2,2,spl2,nomatch,Easy,CORRECT,9.705849400022998,1676638071.339491,"17/02/2023, 18:17:51",1676638081.0453403,0.0,13
2Item1,2,Item1,match,Easy,CORRECT,8.046054500038736,1676638083.9070349,"17/02/2023, 18:18:03",1676638091.9530897,2.3464619000442326,13
2Item2,2,Item2,match,Easy,CORRECT,5.050542199984193,1676638094.33825,"17/02/2023, 18:18:14",1676638099.388792,2.0384732000529766,13
2Item3,2,Item3,match,Easy,CORRECT,8.750658500008285,1676638101.4564364,"17/02/2023, 18:18:21",1676638110.207095,1.485780299990438,13
2Item4,2,Item4,nomatch,Medium,INCORRECT,19.92401209997479,1676638111.7231555,"17/02/2023, 18:18:31",1676638131.6471677,6.445625699940138,13
2Item5,2,Item5,match,Medium,CORRECT,11.070170000079088,1676638138.1287663,"17/02/2023, 18:18:58",1676638149.1989362,2.931555400020443,13
2Item6,2,Item6,match,Medium,CORRECT,29.33666179992724,1676638152.159307,"17/02/2023, 18:19:12",1676638181.4959688,1.6798313999315724,13
2Item7,2,Item7,match,Difficult,CORRECT,13.340610199957156,1676638183.2065446,"17/02/2023, 18:19:43",1676638196.547155,1.9182691000169143,13
2Item8,2,Item8,nomatch,Difficult,CORRECT,68.13240210001823,1676638198.5015488,"17/02/2023, 18:19:58",1676638266.633951,2.108463000040502,13
2Item9,2,Item9,nomatch,Difficult,CORRECT,27.78007390000857,1676638268.7751403,"17/02/2023, 18:21:08",1676638296.5552142,1.9586273999884725,13
2Item10,2,Item10,match,Difficult,CORRECT,35.42592920002062,1676638298.540693,"17/02/2023, 18:21:38",1676638333.9666224,2.117200699984096,13
3spl1,3,spl1,match,Easy,CORRECT,3.899583399994299,1676638417.6269724,"17/02/2023, 18:23:37",1676638421.5265558,0.0,13
3spl2,3,spl2,nomatch,Easy,CORRECT,5.940578399924561,1676638421.5424762,"17/02/2023, 18:23:41",1676638427.4830546,0.0,13
3Item15,3,Item15,nomatch,Difficult,INCORRECT,7.864162500016391,1676638427.500499,"17/02/2023, 18:23:47",1676638435.3646617,0.0,13
3Item2,3,Item2,match,Easy,CORRECT,6.643802700098604,1676638435.3746474,"17/02/2023, 18:23:55",1676638442.01845,0.0,13
3Item5,3,Item5,match,Easy,CORRECT,3.736109899939038,1676638442.039149,"17/02/2023, 18:24:02",1676638445.775259,0.0,13
3Item12,3,Item12,match,Medium,CORRECT,6.977038299897686,1676638445.796031,"17/02/2023, 18:24:05",1676638452.7730694,0.0,13
3Item6,3,Item6,match,Easy,CORRECT,7.669513099943288,1676638452.791313,"17/02/2023, 18:24:12",1676638460.460826,0.0,13
3Item8,3,Item8,nomatch,Medium,CORRECT,9.154466700041668,1676638460.4774275,"17/02/2023, 18:24:20",1676638469.631894,0.0,13
3Item7,3,Item7,match,Medium,CORRECT,7.53865310002584,1676638469.6484897,"17/02/2023, 18:24:29",1676638477.1871428,0.0,13
3Item9,3,Item9,nomatch,Medium,INCORRECT,12.261490699951535,1676638477.206284,"17/02/2023, 18:24:37",1676638489.4677746,0.0,13
3Item17,3,Item17,match,Difficult,INCORRECT,5.645596400019713,1676638489.4841716,"17/02/2023, 18:24:49",1676638495.129768,0.0,13
3Item19,3,Item19,nomatch,Difficult,CORRECT,8.666182699962519,1676638495.142557,"17/02/2023, 18:24:55",1676638503.8087397,0.0,13
3Item11,3,Item11,match,Medium,CORRECT,4.641846200102009,1676638503.8229015,"17/02/2023, 18:25:03",1676638508.4647477,0.0,13
3Item4,3,Item4,match,Easy,CORRECT,7.692810599924996,1676638508.4782796,"17/02/2023, 18:25:08",1676638516.17109,0.0,13
3Item13,3,Item13,match,Difficult,CORRECT,6.931695700041018,1676638516.18655,"17/02/2023, 18:25:16",1676638523.1182456,0.0,13
3Item10,3,Item10,match,Medium,CORRECT,5.856595700024627,1676638523.1365502,"17/02/2023, 18:25:23",1676638528.993146,0.0,13
3Item14,3,Item14,match,Difficult,CORRECT,9.666167799965478,1676638529.0039458,"17/02/2023, 18:25:29",1676638538.6701136,0.0,13
3Item3,3,Item3,0,0,0,9.0,1676638538.6701136,"17/02/2023, 07:55:38",1676638547.6701136,0.0,13
1spl1,1,spl1,match,Easy,CORRECT,11.161316000041552,1676808581.512342,"19/02/2023, 17:39:41",1676808592.673658,0.0,14
1spl2,1,spl2,nomatch,Easy,CORRECT,7.922201400040649,1676808592.798003,"19/02/2023, 17:39:52",1676808600.7202044,0.0,14
1Item1,1,Item1,match,Easy,CORRECT,7.902614700025879,1676808600.7463405,"19/02/2023, 17:40:00",1676808608.648955,0.0,14
1Item2,1,Item2,match,Easy,CORRECT,6.4830265999771655,1676808608.6705265,"19/02/2023, 17:40:08",1676808615.153553,0.0,14
1Item3,1,Item3,match,Easy,CORRECT,5.605864000041038,1676808615.178662,"19/02/2023, 17:40:15",1676808620.784526,0.0,14
1Item4,1,Item4,match,Medium,CORRECT,9.162757299956866,1676808620.8041437,"19/02/2023, 17:40:20",1676808629.966901,0.0,14
1Item5,1,Item5,nomatch,Medium,INCORRECT,32.164864799939096,1676808629.993606,"19/02/2023, 17:40:29",1676808662.1584709,0.0,14
1Item6,1,Item6,match,Medium,CORRECT,43.32478879997507,1676808662.1848967,"19/02/2023, 17:41:02",1676808705.5096855,0.0,14
1Item7,1,Item7,match,Difficult,CORRECT,41.16589820000809,1676808705.5355434,"19/02/2023, 17:41:45",1676808746.7014415,0.0,14
1Item8,1,Item8,nomatch,Difficult,CORRECT,55.67604089993984,1676808746.7265804,"19/02/2023, 17:42:26",1676808802.4026213,0.0,14
1Item9,1,Item9,match,Difficult,CORRECT,42.62316110008396,1676808802.4257689,"19/02/2023, 17:43:22",1676808845.04893,0.0,14
1Item10,1,Item10,nomatch,Difficult,CORRECT,40.5844427999109,1676808845.07471,"19/02/2023, 17:44:05",1676808885.6591527,0.0,14
2spl1,2,spl1,match,Easy,CORRECT,10.022287099971436,1676809000.1409883,"19/02/2023, 17:46:40",1676809010.1632757,0.0,14
2spl2,2,spl2,nomatch,Easy,INCORRECT,19.661864300025627,1676809012.9946835,"19/02/2023, 17:46:52",1676809032.6565478,0.0,14
2Item1,2,Item1,match,Easy,CORRECT,8.395147000090219,1676809035.6713526,"19/02/2023, 17:47:15",1676809044.0664997,1.7739854999817908,14
2Item2,2,Item2,match,Easy,CORRECT,4.711314299958758,1676809045.86848,"19/02/2023, 17:47:25",1676809050.5797942,1.3722927999915555,14
2Item3,2,Item3,match,Easy,CORRECT,4.699058199999854,1676809051.980289,"19/02/2023, 17:47:31",1676809056.6793473,0.9349037000210956,14
2Item4,2,Item4,nomatch,Medium,CORRECT,15.559363100095652,1676809057.653232,"19/02/2023, 17:47:37",1676809073.2125952,0.99020370002836,14
2Item5,2,Item5,match,Medium,CORRECT,7.295382599928416,1676809074.2394478,"19/02/2023, 17:47:54",1676809081.5348303,0.8752580001018941,14
2Item6,2,Item6,match,Medium,CORRECT,30.36308010003995,1676809082.4495497,"19/02/2023, 17:48:02",1676809112.8126297,1.974228100036271,14
2Item7,2,Item7,match,Difficult,CORRECT,12.21524299995508,1676809114.8250487,"19/02/2023, 17:48:34",1676809127.0402918,1.1258341000648215,14
2Item8,2,Item8,nomatch,Difficult,CORRECT,27.889474200084805,1676809128.205663,"19/02/2023, 17:48:48",1676809156.0951371,0.897053400054574,14
2Item9,2,Item9,nomatch,Difficult,INCORRECT,26.27731150004547,1676809157.0236626,"19/02/2023, 17:49:17",1676809183.300974,8.385481300065294,14
2Item10,2,Item10,match,Difficult,CORRECT,26.953303800080903,1676809191.732362,"19/02/2023, 17:49:51",1676809218.6856658,0.9741434000898151,14
3spl1,3,spl1,match,Easy,CORRECT,7.655877099954523,1676809303.1654894,"19/02/2023, 17:51:43",1676809310.8213663,0.0,14
3Item15,3,Item15,nomatch,Difficult,CORRECT,12.140361600089818,1676809315.2485502,"19/02/2023, 17:51:55",1676809327.3889115,0.0,14
3Item2,3,Item2,match,Easy,CORRECT,7.198114299913868,1676809327.4149144,"19/02/2023, 17:52:07",1676809334.6130288,0.0,14
3Item5,3,Item5,match,Easy,CORRECT,6.996275499928743,1676809334.6401296,"19/02/2023, 17:52:14",1676809341.636405,0.0,14
3Item12,3,Item12,match,Medium,CORRECT,23.946552700013857,1676809341.660549,"19/02/2023, 17:52:21",1676809365.6071017,0.0,14
3Item6,3,Item6,match,Easy,CORRECT,6.077075800043531,1676809365.6354015,"19/02/2023, 17:52:45",1676809371.7124772,0.0,14
3Item8,3,Item8,nomatch,Medium,CORRECT,24.509842399973422,1676809371.7367218,"19/02/2023, 17:52:51",1676809396.246564,0.0,14
3Item7,3,Item7,match,Medium,CORRECT,16.071457399986684,1676809396.2730668,"19/02/2023, 17:53:16",1676809412.344524,0.0,14
3Item9,3,Item9,0,0,0,23.0,1676809412.344524,"19/02/2023, 07:23:32",1676809435.344524,0.0,14
1spl1,1,spl1,match,Easy,INCORRECT,6.01217080000788,1679398435.282747,"21/03/2023, 17:03:55",1679398441.2949178,0.0,15
1spl2,1,spl2,nomatch,Easy,INCORRECT,11.550370100012517,1679398441.3770366,"21/03/2023, 17:04:01",1679398452.9274068,0.0,15
1Item1,1,Item1,match,Easy,CORRECT,4.368150599999353,1679398452.9493132,"21/03/2023, 17:04:12",1679398457.317464,0.0,15
1Item2,1,Item2,match,Easy,CORRECT,4.985561700013932,1679398457.3372295,"21/03/2023, 17:04:17",1679398462.322791,0.0,15
1Item3,1,Item3,match,Easy,CORRECT,8.758593200007454,1679398462.3354895,"21/03/2023, 17:04:22",1679398471.0940826,0.0,15
1Item4,1,Item4,match,Medium,CORRECT,13.3993569999584,1679398471.1139684,"21/03/2023, 17:04:31",1679398484.5133257,0.0,15
1Item5,1,Item5,nomatch,Medium,CORRECT,11.75742410001112,1679398484.5338376,"21/03/2023, 17:04:44",1679398496.2912617,0.0,15
1Item6,1,Item6,match,Medium,CORRECT,9.617155100044329,1679398496.312639,"21/03/2023, 17:04:56",1679398505.929794,0.0,15
1Item7,1,Item7,match,Difficult,INCORRECT,25.46466400002828,1679398505.9425986,"21/03/2023, 17:05:05",1679398531.4072626,0.0,15
1Item8,1,Item8,nomatch,Difficult,INCORRECT,20.09431949997088,1679398531.427278,"21/03/2023, 17:05:31",1679398551.5215976,0.0,15
1Item9,1,Item9,match,Difficult,INCORRECT,12.081842500017956,1679398551.5388324,"21/03/2023, 17:05:51",1679398563.6206748,0.0,15
1Item10,1,Item10,nomatch,Difficult,CORRECT,12.439942200027872,1679398563.6430836,"21/03/2023, 17:06:03",1679398576.0830257,0.0,15
2spl1,2,spl1,match,Easy,CORRECT,8.097390300012194,1679398645.9119914,"21/03/2023, 17:07:25",1679398654.0093818,0.0,15
2spl2,2,spl2,nomatch,Easy,CORRECT,7.603496199997608,1679398655.8340366,"21/03/2023, 17:07:35",1679398663.437533,0.0,15
2Item1,2,Item1,match,Easy,CORRECT,5.606819299980998,1679398664.870709,"21/03/2023, 17:07:44",1679398670.4775283,1.1434167999541387,15
2Item2,2,Item2,match,Easy,CORRECT,5.615984899981413,1679398671.650956,"21/03/2023, 17:07:51",1679398677.2669408,0.9310918000410312,15
2Item3,2,Item3,match,Easy,CORRECT,8.541019099997357,1679398678.2294955,"21/03/2023, 17:07:58",1679398686.7705147,1.0355830999906177,15
2Item4,2,Item4,nomatch,Medium,INCORRECT,13.058565100014675,1679398687.838475,"21/03/2023, 17:08:07",1679398700.89704,2.649855700030457,15
2Item5,2,Item5,match,Medium,CORRECT,6.372439200000372,1679398703.5816534,"21/03/2023, 17:08:23",1679398709.9540925,1.171175600029528,15
2Item6,2,Item6,match,Medium,CORRECT,9.169460400007663,1679398711.1536062,"21/03/2023, 17:08:31",1679398720.3230665,1.0423660000087691,15
2Item7,2,Item7,match,Difficult,CORRECT,30.53480889997445,1679398721.3919263,"21/03/2023, 17:08:41",1679398751.9267352,1.3260336000239477,15
2Item8,2,Item8,nomatch,Difficult,INCORRECT,8.545494500023779,1679398753.2845616,"21/03/2023, 17:09:13",1679398761.8300562,4.813430699985474,15
2Item9,2,Item9,nomatch,Difficult,CORRECT,9.224156500014942,1679398766.6749976,"21/03/2023, 17:09:26",1679398775.8991542,1.2219893999863416,15
2Item10,2,Item10,match,Difficult,CORRECT,21.531886099954136,1679398777.1506944,"21/03/2023, 17:09:37",1679398798.6825805,1.0534580000094138,15
3spl1,3,spl1,match,Easy,CORRECT,5.121955099981278,1679398868.2208266,"21/03/2023, 17:11:08",1679398873.3427818,0.0,15
3spl2,3,spl2,nomatch,Easy,CORRECT,5.678156700043473,1679398873.3679442,"21/03/2023, 17:11:13",1679398879.0461009,0.0,15
3Item15,3,Item15,nomatch,Difficult,INCORRECT,11.514620299974922,1679398879.0644362,"21/03/2023, 17:11:19",1679398890.5790565,0.0,15
3Item2,3,Item2,match,Easy,CORRECT,9.425652199948672,1679398890.598347,"21/03/2023, 17:11:30",1679398900.0239992,0.0,15
3Item5,3,Item5,match,Easy,CORRECT,8.635667300026398,1679398900.0401485,"21/03/2023, 17:11:40",1679398908.6758158,0.0,15
3Item12,3,Item12,match,Medium,INCORRECT,5.746948999993037,1679398908.6946032,"21/03/2023, 17:11:48",1679398914.4415522,0.0,15
3Item6,3,Item6,match,Easy,CORRECT,5.70533389999764,1679398914.45903,"21/03/2023, 17:11:54",1679398920.164364,0.0,15
3Item8,3,Item8,nomatch,Medium,INCORRECT,20.65720069996314,1679398920.1839628,"21/03/2023, 17:12:00",1679398940.8411636,0.0,15
3Item7,3,Item7,match,Medium,CORRECT,10.305517100030556,1679398940.861718,"21/03/2023, 17:12:20",1679398951.1672351,0.0,15
3Item9,3,Item9,nomatch,Medium,INCORRECT,14.916831900016405,1679398951.185628,"21/03/2023, 17:12:31",1679398966.10246,0.0,15
3Item17,3,Item17,match,Difficult,CORRECT,4.0503771000076085,1679398966.1247413,"21/03/2023, 17:12:46",1679398970.1751184,0.0,15
3Item19,3,Item19,nomatch,Difficult,INCORRECT,5.7498387999949045,1679398970.1982884,"21/03/2023, 17:12:50",1679398975.9481273,0.0,15
3Item11,3,Item11,match,Medium,CORRECT,4.555186500016134,1679398975.9659495,"21/03/2023, 17:12:55",1679398980.521136,0.0,15
3Item4,3,Item4,match,Easy,CORRECT,4.848660700023174,1679398980.5410068,"21/03/2023, 17:13:00",1679398985.3896675,0.0,15
3Item13,3,Item13,match,Difficult,CORRECT,3.8755973000079393,1679398985.4085662,"21/03/2023, 17:13:05",1679398989.2841637,0.0,15
3Item10,3,Item10,match,Medium,CORRECT,1.981106900027953,1679398989.3026023,"21/03/2023, 17:13:09",1679398991.2837093,0.0,15
3Item14,3,Item14,match,Difficult,INCORRECT,5.469507400004659,1679398991.2950354,"21/03/2023, 17:13:11",1679398996.7645428,0.0,15
3Item3,3,Item3,0,0,0,3.0,1679398996.7645428,"21/03/2023, 07:43:16",1679398999.7645428,0.0,15
1spl1,1,spl1,match,Easy,CORRECT,5.772645599994576,1677840505.3033493,"03/03/2023, 16:18:25",1677840511.075995,0.0,16
1spl2,1,spl2,nomatch,Easy,CORRECT,4.5161656999989646,1677840511.1872318,"03/03/2023, 16:18:31",1677840515.7033975,0.0,16
1Item1,1,Item1,match,Easy,CORRECT,4.302244099992095,1677840515.7330773,"03/03/2023, 16:18:35",1677840520.0353217,0.0,16
1Item2,1,Item2,match,Easy,CORRECT,8.222700399986934,1677840520.0501864,"03/03/2023, 16:18:40",1677840528.2728868,0.0,16
1Item3,1,Item3,match,Easy,CORRECT,9.589846100003342,1677840528.296059,"03/03/2023, 16:18:48",1677840537.885905,0.0,16
1Item4,1,Item4,match,Medium,CORRECT,8.7716192999942,1677840537.9099717,"03/03/2023, 16:18:57",1677840546.681591,0.0,16
1Item5,1,Item5,nomatch,Medium,CORRECT,10.75555699999677,1677840546.7054994,"03/03/2023, 16:19:06",1677840557.4610565,0.0,16
1Item6,1,Item6,match,Medium,CORRECT,12.03533330000937,1677840557.4867218,"03/03/2023, 16:19:17",1677840569.5220551,0.0,16
1Item7,1,Item7,match,Difficult,CORRECT,8.373885399996652,1677840569.5451422,"03/03/2023, 16:19:29",1677840577.9190276,0.0,16
1Item8,1,Item8,nomatch,Difficult,INCORRECT,14.283170099995914,1677840577.9446597,"03/03/2023, 16:19:37",1677840592.2278297,0.0,16
1Item9,1,Item9,match,Difficult,INCORRECT,15.091366599997857,1677840592.2544398,"03/03/2023, 16:19:52",1677840607.3458064,0.0,16
1Item10,1,Item10,nomatch,Difficult,INCORRECT,36.53503009999986,1677840607.370412,"03/03/2023, 16:20:07",1677840643.9054422,0.0,16
2spl1,2,spl1,match,Easy,CORRECT,8.930597200000193,1677840702.9225998,"03/03/2023, 16:21:42",1677840711.853197,0.0,16
2spl2,2,spl2,nomatch,Easy,CORRECT,6.691606099993805,1677840714.3164954,"03/03/2023, 16:21:54",1677840721.0081017,0.0,16
2Item1,2,Item1,match,Easy,CORRECT,5.446249999993597,1677840724.4152722,"03/03/2023, 16:22:04",1677840729.8615222,2.806192899995949,16
2Item2,2,Item2,match,Easy,CORRECT,4.507277500000782,1677840732.7038724,"03/03/2023, 16:22:12",1677840737.21115,1.5300739999947837,16
2Item3,2,Item3,match,Easy,CORRECT,4.165622400003485,1677840738.7754648,"03/03/2023, 16:22:18",1677840742.9410872,1.128415400002268,16
2Item4,2,Item4,nomatch,Medium,INCORRECT,51.12005549999594,1677840744.0997002,"03/03/2023, 16:22:24",1677840795.2197556,2.5151976000051945,16
2Item5,2,Item5,match,Medium,CORRECT,7.779702600004384,1677840797.7818396,"03/03/2023, 16:23:17",1677840805.5615425,1.0886595000047237,16
2Item6,2,Item6,match,Medium,INCORRECT,7.718389100002241,1677840806.6939857,"03/03/2023, 16:23:26",1677840814.4123747,1.6926857000071325,16
2Item7,2,Item7,match,Difficult,CORRECT,13.33991850000166,1677840816.1385472,"03/03/2023, 16:23:36",1677840829.4784658,1.0093687000044156,16
2Item8,2,Item8,nomatch,Difficult,INCORRECT,17.92442850000225,1677840830.5216725,"03/03/2023, 16:23:50",1677840848.446101,5.629172499990091,16
2Item9,2,Item9,nomatch,Difficult,CORRECT,12.808773299999302,1677840854.1152618,"03/03/2023, 16:24:14",1677840866.924035,1.0623587000009138,16
2Item10,2,Item10,match,Difficult,INCORRECT,9.154134700002032,1677840868.018072,"03/03/2023, 16:24:28",1677840877.1722066,5.242455699990387,16
3spl1,3,spl1,match,Easy,CORRECT,4.382217499995022,1677840929.0698028,"03/03/2023, 16:25:29",1677840933.4520202,0.0,16
3spl2,3,spl2,nomatch,Easy,INCORRECT,7.073740899999393,1677840933.4850886,"03/03/2023, 16:25:33",1677840940.5588295,0.0,16
3Item15,3,Item15,nomatch,Difficult,CORRECT,3.7145275000075344,1677840940.590464,"03/03/2023, 16:25:40",1677840944.3049915,0.0,16
3Item2,3,Item2,match,Easy,CORRECT,4.425113699995563,1677840944.3205023,"03/03/2023, 16:25:44",1677840948.745616,0.0,16
3Item5,3,Item5,match,Easy,CORRECT,0.9673138999933144,1677840948.762952,"03/03/2023, 16:25:48",1677840949.730266,0.0,16
3Item12,3,Item12,match,Medium,INCORRECT,8.3913387000066,1677840949.7427018,"03/03/2023, 16:25:49",1677840958.1340404,0.0,16
3Item6,3,Item6,match,Easy,CORRECT,5.525095600009081,1677840958.157748,"03/03/2023, 16:25:58",1677840963.6828437,0.0,16
3Item8,3,Item8,nomatch,Medium,CORRECT,3.876455599995097,1677840963.7033236,"03/03/2023, 16:26:03",1677840967.5797791,0.0,16
3Item7,3,Item7,match,Medium,CORRECT,9.255039399999076,1677840967.596819,"03/03/2023, 16:26:07",1677840976.8518584,0.0,16
3Item9,3,Item9,nomatch,Medium,CORRECT,6.030303000006825,1677840976.8694808,"03/03/2023, 16:26:16",1677840982.8997838,0.0,16
3Item17,3,Item17,match,Difficult,CORRECT,3.1990534999931697,1677840982.9169571,"03/03/2023, 16:26:22",1677840986.116011,0.0,16
3Item19,3,Item19,nomatch,Difficult,CORRECT,8.225724400006584,1677840986.1417954,"03/03/2023, 16:26:26",1677840994.36752,0.0,16
3Item11,3,Item11,match,Medium,INCORRECT,7.4798452999966685,1677840994.3858676,"03/03/2023, 16:26:34",1677841001.865713,0.0,16
3Item4,3,Item4,match,Easy,CORRECT,13.206485599992448,1677841001.885786,"03/03/2023, 16:26:41",1677841015.0922716,0.0,16
3Item13,3,Item13,match,Difficult,CORRECT,7.663676800002577,1677841015.11064,"03/03/2023, 16:26:55",1677841022.7743168,0.0,16
3Item10,3,Item10,match,Medium,CORRECT,8.624220800003968,1677841022.795995,"03/03/2023, 16:27:02",1677841031.4202158,0.0,16
3Item14,3,Item14,match,Difficult,INCORRECT,5.678423299992573,1677841031.4380488,"03/03/2023, 16:27:11",1677841037.1164722,0.0,16
3Item3,3,Item3,match,Easy,CORRECT,4.59112689999165,1677841037.1334558,"03/03/2023, 16:27:17",1677841041.724583,0.0,16
3Item20,3,Item20,match,Difficult,INCORRECT,10.727430600003572,1677841041.7466948,"03/03/2023, 16:27:21",1677841052.4741254,0.0,16
3Item18,3,Item18,nomatch,Difficult,CORRECT,3.814667900005588,1677841052.5026147,"03/03/2023, 16:27:32",1677841056.317283,0.0,16
3Item16,3,Item16,nomatch,Difficult,CORRECT,4.545921699987957,1677841056.3384564,"03/03/2023, 16:27:36",1677841060.8843782,0.0,16
1spl1,1,spl1,match,Easy,CORRECT,15.250041099992814,1676289128.800731,"13/02/2023, 17:22:08",1676289144.050772,0.0,17
1spl2,1,spl2,nomatch,Easy,CORRECT,25.94336760000442,1676289144.1483643,"13/02/2023, 17:22:24",1676289170.0917318,0.0,17
1Item1,1,Item1,match,Easy,CORRECT,11.296310600009749,1676289170.1208072,"13/02/2023, 17:22:50",1676289181.4171178,0.0,17
1Item2,1,Item2,match,Easy,CORRECT,30.205317900021328,1676289181.442597,"13/02/2023, 17:23:01",1676289211.647915,0.0,17
1Item3,1,Item3,match,Easy,CORRECT,21.753515999997035,1676289211.6762452,"13/02/2023, 17:23:31",1676289233.4297612,0.0,17
1Item4,1,Item4,match,Medium,CORRECT,38.257773400022415,1676289233.4476137,"13/02/2023, 17:23:53",1676289271.705387,0.0,17
1Item5,1,Item5,nomatch,Medium,INCORRECT,47.70211470001959,1676289271.7339897,"13/02/2023, 17:24:31",1676289319.4361043,0.0,17
1Item6,1,Item6,match,Medium,CORRECT,20.001972900005057,1676289319.4613824,"13/02/2023, 17:25:19",1676289339.4633553,0.0,17
1Item7,1,Item7,match,Difficult,INCORRECT,42.22823609999614,1676289339.4902074,"13/02/2023, 17:25:39",1676289381.7184436,0.0,17
1Item8,1,Item8,nomatch,Difficult,INCORRECT,22.396086099994136,1676289381.7444904,"13/02/2023, 17:26:21",1676289404.1405766,0.0,17
1Item9,1,Item9,match,Difficult,INCORRECT,38.035542800003896,1676289404.1646254,"13/02/2023, 17:26:44",1676289442.200168,0.0,17
1Item10,1,Item10,nomatch,Difficult,CORRECT,21.867723000003025,1676289442.2237115,"13/02/2023, 17:27:22",1676289464.0914345,0.0,17
2spl1,2,spl1,match,Easy,CORRECT,6.299654400005238,1676289575.383649,"13/02/2023, 17:29:35",1676289581.6833036,0.0,17
2spl2,2,spl2,nomatch,Easy,CORRECT,5.174456399981864,1676289586.0323443,"13/02/2023, 17:29:46",1676289591.2068007,0.0,17
2Item1,2,Item1,match,Easy,CORRECT,7.096646199992392,1676289592.579939,"13/02/2023, 17:29:52",1676289599.6765852,1.1826641999941785,17
2Item2,2,Item2,match,Easy,CORRECT,7.788073000003351,1676289600.892517,"13/02/2023, 17:30:00",1676289608.6805902,1.2347893999831283,17
2Item3,2,Item3,match,Easy,CORRECT,5.88522979998379,1676289609.9498088,"13/02/2023, 17:30:09",1676289615.835039,1.1327105999807827,17
2Item4,2,Item4,nomatch,Medium,INCORRECT,8.82953419999103,1676289617.001102,"13/02/2023, 17:30:17",1676289625.8306365,1.0632171999895943,17
2Item5,2,Item5,match,Medium,CORRECT,13.393022300006123,1676289626.9324942,"13/02/2023, 17:30:26",1676289640.3255165,0.9606274999969172,17
2Item6,2,Item6,match,Medium,CORRECT,9.020738400024127,1676289641.3282752,"13/02/2023, 17:30:41",1676289650.3490136,0.8474310000019614,17
2Item7,2,Item7,match,Difficult,CORRECT,14.175547000020742,1676289651.223735,"13/02/2023, 17:30:51",1676289665.399282,1.0083829000068365,17
2Item8,2,Item8,nomatch,Difficult,CORRECT,5.395569999993313,1676289666.4426165,"13/02/2023, 17:31:06",1676289671.8381865,1.1949096999887845,17
2Item9,2,Item9,nomatch,Difficult,INCORRECT,25.75373220001348,1676289673.0585434,"13/02/2023, 17:31:13",1676289698.8122756,1.071813699993072,17
2Item10,2,Item10,match,Difficult,CORRECT,8.257397000008496,1676289699.9144444,"13/02/2023, 17:31:39",1676289708.1718414,0.996023999992758,17
3spl1,3,spl1,match,Easy,CORRECT,4.639336599997478,1676289777.7800958,"13/02/2023, 17:32:57",1676289782.4194324,0.0,17
3spl2,3,spl2,nomatch,Easy,CORRECT,3.096709200006444,1676289782.4439385,"13/02/2023, 17:33:02",1676289785.5406475,0.0,17
3Item15,3,Item15,nomatch,Difficult,INCORRECT,6.457170599984238,1676289785.5632749,"13/02/2023, 17:33:05",1676289792.020445,0.0,17
3Item2,3,Item2,match,Easy,CORRECT,4.2078200999822,1676289792.0385065,"13/02/2023, 17:33:12",1676289796.2463267,0.0,17
3Item5,3,Item5,match,Easy,CORRECT,8.866831899998942,1676289796.2642145,"13/02/2023, 17:33:16",1676289805.1310463,0.0,17
3Item12,3,Item12,match,Medium,CORRECT,4.410487000015564,1676289805.1528275,"13/02/2023, 17:33:25",1676289809.5633144,0.0,17
3Item6,3,Item6,match,Easy,CORRECT,3.4362721999932546,1676289809.5828493,"13/02/2023, 17:33:29",1676289813.0191214,0.0,17
3Item8,3,Item8,nomatch,Medium,INCORRECT,11.295207400020445,1676289813.0363586,"13/02/2023, 17:33:33",1676289824.331566,0.0,17
3Item7,3,Item7,match,Medium,CORRECT,9.63922390001244,1676289824.3482344,"13/02/2023, 17:33:44",1676289833.9874582,0.0,17
3Item9,3,Item9,nomatch,Medium,CORRECT,11.773165299993709,1676289834.0078433,"13/02/2023, 17:33:54",1676289845.7810085,0.0,17
3Item17,3,Item17,match,Difficult,CORRECT,12.146660799975509,1676289845.8032637,"13/02/2023, 17:34:05",1676289857.9499245,0.0,17
3Item19,3,Item19,nomatch,Difficult,INCORRECT,15.240387300000291,1676289857.9736938,"13/02/2023, 17:34:17",1676289873.214081,0.0,17
3Item11,3,Item11,match,Medium,CORRECT,10.6362814999884,1676289873.2378926,"13/02/2023, 17:34:33",1676289883.874174,0.0,17
3Item4,3,Item4,match,Easy,CORRECT,5.395593099994585,1676289883.9031649,"13/02/2023, 17:34:43",1676289889.298758,0.0,17
3Item13,3,Item13,match,Difficult,INCORRECT,15.7984284000122,1676289889.3247364,"13/02/2023, 17:34:49",1676289905.123165,0.0,17
3Item10,3,Item10,0,0,0,1.0,1676289905.123165,"13/02/2023, 07:05:05",1676289906.123165,0.0,17
1spl1,1,spl1,match,Easy,CORRECT,12.761572699993849,1677069022.5046604,"22/02/2023, 18:00:22",1677069035.266233,0.0,18
1spl2,1,spl2,nomatch,Easy,CORRECT,5.311171800014563,1677069035.36314,"22/02/2023, 18:00:35",1677069040.674312,0.0,18
1Item1,1,Item1,match,Easy,CORRECT,10.278105399920603,1677069040.6918516,"22/02/2023, 18:00:40",1677069050.969957,0.0,18
1Item2,1,Item2,match,Easy,CORRECT,11.69333210005425,1677069050.987608,"22/02/2023, 18:00:50",1677069062.6809402,0.0,18
1Item3,1,Item3,match,Easy,CORRECT,21.493971800082363,1677069062.6974394,"22/02/2023, 18:01:02",1677069084.1914113,0.0,18
1Item4,1,Item4,match,Medium,CORRECT,16.521967299981043,1677069084.2116709,"22/02/2023, 18:01:24",1677069100.7336383,0.0,18
1Item5,1,Item5,nomatch,Medium,CORRECT,21.92985650000628,1677069100.7518165,"22/02/2023, 18:01:40",1677069122.681673,0.0,18
1Item6,1,Item6,match,Medium,CORRECT,36.5421177999815,1677069122.6994758,"22/02/2023, 18:02:02",1677069159.2415936,0.0,18
1Item7,1,Item7,match,Difficult,CORRECT,23.55679229996167,1677069159.2581613,"22/02/2023, 18:02:39",1677069182.8149536,0.0,18
1Item8,1,Item8,nomatch,Difficult,CORRECT,41.00853729993105,1677069182.8309126,"22/02/2023, 18:03:02",1677069223.83945,0.0,18
1Item9,1,Item9,match,Difficult,CORRECT,42.38186620001216,1677069223.8573644,"22/02/2023, 18:03:43",1677069266.2392306,0.0,18
1Item10,1,Item10,nomatch,Difficult,CORRECT,39.66273350000847,1677069266.2585866,"22/02/2023, 18:04:26",1677069305.9213202,0.0,18
2spl1,2,spl1,match,Easy,CORRECT,8.723957199952565,1677069442.8285918,"22/02/2023, 18:07:22",1677069451.5525491,0.0,18
2spl2,2,spl2,nomatch,Easy,CORRECT,7.814920099917799,1677069453.2750494,"22/02/2023, 18:07:33",1677069461.0899696,0.0,18
2Item1,2,Item1,match,Easy,CORRECT,11.350424799951725,1677069463.9835963,"22/02/2023, 18:07:43",1677069475.334021,1.9306631999788808,18
2Item2,2,Item2,match,Easy,CORRECT,6.555945300031453,1677069477.2990348,"22/02/2023, 18:07:57",1677069483.8549802,2.580839699949138,18
2Item3,2,Item3,match,Easy,CORRECT,13.456201900029557,1677069486.4676332,"22/02/2023, 18:08:06",1677069499.923835,1.75847859994974,18
2Item4,2,Item4,nomatch,Medium,CORRECT,27.98799789999612,1677069501.7160523,"22/02/2023, 18:08:21",1677069529.7040503,1.6259197000181302,18
2Item5,2,Item5,match,Medium,CORRECT,14.176264000008814,1677069531.3560236,"22/02/2023, 18:08:51",1677069545.5322876,1.1979483999311924,18
2Item6,2,Item6,match,Medium,CORRECT,46.443478400004096,1677069546.7598364,"22/02/2023, 18:09:06",1677069593.2033148,1.573253700044006,18
2Item7,2,Item7,match,Difficult,CORRECT,56.4774974999018,1677069594.809969,"22/02/2023, 18:09:54",1677069651.2874663,1.974460099940188,18
2Item8,2,Item8,nomatch,Difficult,CORRECT,33.0119128000224,1677069653.2922344,"22/02/2023, 18:10:53",1677069686.3041472,1.4934281000168994,18
2Item9,2,Item9,nomatch,Difficult,CORRECT,15.210430099978112,1677069687.8281252,"22/02/2023, 18:11:27",1677069703.0385554,1.6315612000180408,18
2Item10,2,Item10,match,Difficult,CORRECT,46.82129729993176,1677069704.6983922,"22/02/2023, 18:11:44",1677069751.5196896,5.372129200026393,18
3spl1,3,spl1,match,Easy,CORRECT,4.93692959996406,1677069873.4039526,"22/02/2023, 18:14:33",1677069878.3408823,0.0,18
3spl2,3,spl2,nomatch,Easy,CORRECT,4.284155800007284,1677069878.3560867,"22/02/2023, 18:14:38",1677069882.6402426,0.0,18
3Item15,3,Item15,nomatch,Difficult,CORRECT,10.357218999997713,1677069882.660027,"22/02/2023, 18:14:42",1677069893.017246,0.0,18
3Item2,3,Item2,match,Easy,CORRECT,4.874243500060402,1677069893.0336428,"22/02/2023, 18:14:53",1677069897.9078865,0.0,18
3Item5,3,Item5,match,Easy,CORRECT,4.429887600010261,1677069897.92462,"22/02/2023, 18:14:57",1677069902.3545074,0.0,18
3Item12,3,Item12,match,Medium,CORRECT,11.898076299927196,1677069902.371462,"22/02/2023, 18:15:02",1677069914.2695384,0.0,18
3Item6,3,Item6,match,Easy,CORRECT,3.5894870000192896,1677069914.2901814,"22/02/2023, 18:15:14",1677069917.8796685,0.0,18
3Item8,3,Item8,nomatch,Medium,CORRECT,6.6445946000749245,1677069917.8929195,"22/02/2023, 18:15:17",1677069924.5375142,0.0,18
3Item7,3,Item7,match,Medium,CORRECT,6.168405500007793,1677069924.5502963,"22/02/2023, 18:15:24",1677069930.7187018,0.0,18
3Item9,3,Item9,nomatch,Medium,CORRECT,7.980013599968515,1677069930.7365856,"22/02/2023, 18:15:30",1677069938.7165992,0.0,18
3Item17,3,Item17,match,Difficult,CORRECT,12.289917299989613,1677069938.7301538,"22/02/2023, 18:15:38",1677069951.020071,0.0,18
3Item19,3,Item19,nomatch,Difficult,CORRECT,8.776796300080605,1677069951.0378778,"22/02/2023, 18:15:51",1677069959.814674,0.0,18
3Item11,3,Item11,match,Medium,CORRECT,9.762184499995785,1677069959.8322823,"22/02/2023, 18:15:59",1677069969.5944667,0.0,18
3Item4,3,Item4,match,Easy,CORRECT,5.686143600032665,1677069969.6147113,"22/02/2023, 18:16:09",1677069975.300855,0.0,18
3Item13,3,Item13,match,Difficult,CORRECT,6.486331399995834,1677069975.3110716,"22/02/2023, 18:16:15",1677069981.797403,0.0,18
3Item10,3,Item10,match,Medium,CORRECT,7.395721199922264,1677069981.8151762,"22/02/2023, 18:16:21",1677069989.2108974,0.0,18
3Item14,3,Item14,match,Difficult,CORRECT,5.55295800010208,1677069989.2297437,"22/02/2023, 18:16:29",1677069994.7827015,0.0,18
3Item3,3,Item3,match,Easy,CORRECT,4.0712761000031605,1677069994.7948442,"22/02/2023, 18:16:34",1677069998.8661203,0.0,18
3Item20,3,Item20,match,Difficult,CORRECT,3.3949492000974715,1677069998.8780718,"22/02/2023, 18:16:38",1677070002.273021,0.0,18
1spl1,1,spl1,match,Easy,CORRECT,10.28487769997446,1676465712.3470235,"15/02/2023, 18:25:12",1676465722.6319013,0.0,19
1spl2,1,spl2,nomatch,Easy,INCORRECT,7.219687100034207,1676465722.7015114,"15/02/2023, 18:25:22",1676465729.9211984,0.0,19
1Item1,1,Item1,match,Easy,CORRECT,8.366122400038876,1676465729.945372,"15/02/2023, 18:25:29",1676465738.3114946,0.0,19
1Item2,1,Item2,match,Easy,CORRECT,10.127937000012023,1676465738.3293755,"15/02/2023, 18:25:38",1676465748.4573126,0.0,19
1Item3,1,Item3,match,Easy,CORRECT,22.64660219999496,1676465748.4750595,"15/02/2023, 18:25:48",1676465771.1216617,0.0,19
1Item4,1,Item4,match,Medium,CORRECT,30.26204590004636,1676465771.1400306,"15/02/2023, 18:26:11",1676465801.4020765,0.0,19
1Item5,1,Item5,nomatch,Medium,INCORRECT,46.370016400003806,1676465801.420641,"15/02/2023, 18:26:41",1676465847.7906573,0.0,19
1Item6,1,Item6,match,Medium,CORRECT,57.67013119999319,1676465847.8115633,"15/02/2023, 18:27:27",1676465905.4816945,0.0,19
1Item7,1,Item7,match,Difficult,CORRECT,19.92665530001977,1676465905.4981031,"15/02/2023, 18:28:25",1676465925.4247584,0.0,19
1Item8,1,Item8,nomatch,Difficult,CORRECT,50.39251340000192,1676465925.4436626,"15/02/2023, 18:28:45",1676465975.8361762,0.0,19
1Item9,1,Item9,match,Difficult,INCORRECT,25.01347200002056,1676465975.8533769,"15/02/2023, 18:29:35",1676466000.866849,0.0,19
1Item10,1,Item10,0,0,0,29.0,1676466000.866849,"15/02/2023, 08:00:00",1676466029.866849,0.0,19
2spl1,2,spl1,match,Easy,CORRECT,9.954434300016146,1676466174.7508316,"15/02/2023, 18:32:54",1676466184.705266,0.0,19
2Item1,2,Item1,match,Easy,CORRECT,18.278793700039387,1676466240.0570884,"15/02/2023, 18:34:00",1676466258.3358822,1.4494227999821303,19
2Item2,2,Item2,match,Easy,CORRECT,17.45719210000243,1676466259.8197207,"15/02/2023, 18:34:19",1676466277.276913,1.202662199968472,19
2Item3,2,Item3,match,Easy,CORRECT,14.5371544000227,1676466278.515786,"15/02/2023, 18:34:38",1676466293.0529404,1.2066288000205532,19
2Item4,2,Item4,nomatch,Medium,INCORRECT,30.451283200003672,1676466294.2921305,"15/02/2023, 18:34:54",1676466324.7434137,1.2820359999896027,19
2Item5,2,Item5,match,Medium,CORRECT,39.26474130002316,1676466326.060387,"15/02/2023, 18:35:26",1676466365.325128,1.4615154000348412,19
2Item6,2,Item6,match,Medium,CORRECT,21.259262200037483,1676466366.819708,"15/02/2023, 18:36:06",1676466388.0789702,0.8964512999518774,19
2Item7,2,Item7,match,Difficult,INCORRECT,47.30987689999165,1676466389.0096242,"15/02/2023, 18:36:29",1676466436.3195012,1.7470071999705397,19
2Item8,2,Item8,nomatch,Difficult,CORRECT,26.08670029998757,1676466438.0968847,"15/02/2023, 18:37:18",1676466464.183585,1.2456947999889962,19
2Item9,2,Item9,nomatch,Difficult,CORRECT,15.489970800001174,1676466465.4595375,"15/02/2023, 18:37:45",1676466480.9495082,1.0082302000373602,19
2Item10,2,Item10,match,Difficult,CORRECT,27.22132170002442,1676466481.9920084,"15/02/2023, 18:38:01",1676466509.21333,0.8085513000260107,19
3Item15,3,Item15,nomatch,Difficult,CORRECT,7.007441599969752,1676466658.7397954,"15/02/2023, 18:40:58",1676466665.747237,0.0,19
3Item2,3,Item2,match,Easy,CORRECT,4.076708800042979,1676466665.7599971,"15/02/2023, 18:41:05",1676466669.836706,0.0,19
3Item5,3,Item5,match,Easy,CORRECT,2.9832797999843024,1676466669.8473816,"15/02/2023, 18:41:09",1676466672.8306613,0.0,19
3Item12,3,Item12,match,Medium,CORRECT,5.608461699972395,1676466672.8449082,"15/02/2023, 18:41:12",1676466678.45337,0.0,19
3Item6,3,Item6,match,Easy,CORRECT,3.497498400043696,1676466678.467134,"15/02/2023, 18:41:18",1676466681.9646325,0.0,19
3Item8,3,Item8,nomatch,Medium,CORRECT,19.923170599970035,1676466681.9751744,"15/02/2023, 18:41:21",1676466701.898345,0.0,19
3Item7,3,Item7,match,Medium,CORRECT,19.585183100018185,1676466701.9132612,"15/02/2023, 18:41:41",1676466721.4984443,0.0,19
3Item9,3,Item9,nomatch,Medium,INCORRECT,20.34236230002716,1676466721.5154908,"15/02/2023, 18:42:01",1676466741.8578532,0.0,19
3Item17,3,Item17,match,Difficult,INCORRECT,21.60876620002091,1676466741.8728807,"15/02/2023, 18:42:21",1676466763.481647,0.0,19
3Item19,3,Item19,0,0,0,15.0,1676466763.481647,"15/02/2023, 08:12:43",1676466778.481647,0.0,19
1spl1,1,spl1,match,Easy,CORRECT,11.16954220016487,1675150987.3773086,"31/01/2023, 13:13:07",1675150998.546851,0.0,20
1spl2,1,spl2,nomatch,Easy,CORRECT,7.790913000004366,1675150998.6886337,"31/01/2023, 13:13:18",1675151006.4795468,0.0,20
1Item1,1,Item1,match,Easy,CORRECT,3.785255100112408,1675151006.5046418,"31/01/2023, 13:13:26",1675151010.289897,0.0,20
1Item2,1,Item2,match,Easy,CORRECT,6.504608100047335,1675151010.3131957,"31/01/2023, 13:13:30",1675151016.817804,0.0,20
1Item3,1,Item3,match,Easy,CORRECT,7.058299999916926,1675151016.8422227,"31/01/2023, 13:13:36",1675151023.9005227,0.0,20
1Item4,1,Item4,match,Medium,INCORRECT,9.485957199940458,1675151023.9266417,"31/01/2023, 13:13:43",1675151033.4125988,0.0,20
1Item5,1,Item5,nomatch,Medium,INCORRECT,6.314824600005522,1675151033.4421303,"31/01/2023, 13:13:53",1675151039.756955,0.0,20
1Item6,1,Item6,match,Medium,CORRECT,6.463221199810505,1675151039.7783692,"31/01/2023, 13:13:59",1675151046.2415905,0.0,20
1Item7,1,Item7,match,Difficult,CORRECT,7.093060599872842,1675151046.2606113,"31/01/2023, 13:14:06",1675151053.3536718,0.0,20
1Item8,1,Item8,nomatch,Difficult,INCORRECT,10.509626099839808,1675151053.3782663,"31/01/2023, 13:14:13",1675151063.8878925,0.0,20
1Item9,1,Item9,match,Difficult,CORRECT,14.58990369993262,1675151063.9096837,"31/01/2023, 13:14:23",1675151078.4995873,0.0,20
1Item10,1,Item10,nomatch,Difficult,CORRECT,8.61424669995904,1675151078.5262785,"31/01/2023, 13:14:38",1675151087.140525,0.0,20
2spl1,2,spl1,match,Easy,CORRECT,6.899934199871495,1675151155.4302733,"31/01/2023, 13:15:55",1675151162.3302076,0.0,20
2spl2,2,spl2,nomatch,Easy,CORRECT,3.3703153000678867,1675151167.033504,"31/01/2023, 13:16:07",1675151170.403819,0.0,20
2Item1,2,Item1,match,Easy,CORRECT,4.847710700007156,1675151171.4436707,"31/01/2023, 13:16:11",1675151176.2913814,1.12229139986448,20
2Item2,2,Item2,match,Easy,CORRECT,3.4302883001510054,1675151177.4512138,"31/01/2023, 13:16:17",1675151180.8815022,1.140079400036484,20
2Item3,2,Item3,match,Easy,CORRECT,2.499387999996543,1675151182.046422,"31/01/2023, 13:16:22",1675151184.54581,1.2831162000074985,20
2Item4,2,Item4,nomatch,Medium,CORRECT,4.231586999958381,1675151185.863525,"31/01/2023, 13:16:25",1675151190.0951118,0.7837160001508892,20
2Item5,2,Item5,match,Medium,CORRECT,7.441559500060975,1675151190.9123998,"31/01/2023, 13:16:30",1675151198.353959,1.015037199947983,20
2Item6,2,Item6,match,Medium,CORRECT,4.538218799978495,1675151199.4073172,"31/01/2023, 13:16:39",1675151203.945536,0.8979807000141591,20
2Item7,2,Item7,match,Difficult,CORRECT,6.474265599856153,1675151204.877267,"31/01/2023, 13:16:44",1675151211.3515325,0.8838124999310821,20
2Item8,2,Item8,nomatch,Difficult,INCORRECT,6.499512400012463,1675151212.2651353,"31/01/2023, 13:16:52",1675151218.7646475,0.8536163000389934,20
2Item9,2,Item9,nomatch,Difficult,CORRECT,7.1037898999638855,1675151219.6565042,"31/01/2023, 13:16:59",1675151226.760294,0.6752279000356793,20
2Item10,2,Item10,match,Difficult,INCORRECT,8.959176100092009,1675151227.4651167,"31/01/2023, 13:17:07",1675151236.4242928,0.7416196998674423,20
3spl1,3,spl1,match,Easy,CORRECT,5.080823000054807,1675151302.655627,"31/01/2023, 13:18:22",1675151307.73645,0.0,20
3spl2,3,spl2,nomatch,Easy,CORRECT,5.133326699957252,1675151307.759236,"31/01/2023, 13:18:27",1675151312.8925629,0.0,20
3Item15,3,Item15,nomatch,Difficult,INCORRECT,4.903426399920136,1675151312.9199584,"31/01/2023, 13:18:32",1675151317.8233848,0.0,20
3Item2,3,Item2,match,Easy,CORRECT,3.256160499993712,1675151317.8413908,"31/01/2023, 13:18:37",1675151321.097551,0.0,20
3Item5,3,Item5,match,Easy,CORRECT,5.619683600030839,1675151321.109368,"31/01/2023, 13:18:41",1675151326.7290516,0.0,20
3Item12,3,Item12,match,Medium,CORRECT,6.497468099929392,1675151326.7607925,"31/01/2023, 13:18:46",1675151333.2582605,0.0,20
3Item6,3,Item6,match,Easy,CORRECT,2.2858225000090897,1675151333.2823162,"31/01/2023, 13:18:53",1675151335.5681386,0.0,20
3Item8,3,Item8,nomatch,Medium,CORRECT,5.419773300178349,1675151335.586903,"31/01/2023, 13:18:55",1675151341.0066764,0.0,20
3Item7,3,Item7,match,Medium,CORRECT,6.6335828001610935,1675151341.0300834,"31/01/2023, 13:19:01",1675151347.6636662,0.0,20
3Item9,3,Item9,nomatch,Medium,CORRECT,10.123937800060958,1675151347.6836867,"31/01/2023, 13:19:07",1675151357.8076246,0.0,20
3Item17,3,Item17,match,Difficult,INCORRECT,12.94627369986847,1675151357.8307734,"31/01/2023, 13:19:17",1675151370.7770472,0.0,20
3Item19,3,Item19,nomatch,Difficult,CORRECT,8.132968800142407,1675151370.8013637,"31/01/2023, 13:19:30",1675151378.9343326,0.0,20
3Item11,3,Item11,match,Medium,INCORRECT,12.460880399914458,1675151378.9568305,"31/01/2023, 13:19:38",1675151391.417711,0.0,20
3Item4,3,Item4,match,Easy,CORRECT,2.817835400113836,1675151391.441609,"31/01/2023, 13:19:51",1675151394.2594442,0.0,20
3Item13,3,Item13,match,Difficult,CORRECT,7.008347099879757,1675151394.2788095,"31/01/2023, 13:19:54",1675151401.2871566,0.0,20
3Item10,3,Item10,match,Medium,CORRECT,5.524212799966335,1675151401.3119004,"31/01/2023, 13:20:01",1675151406.8361132,0.0,20
3Item14,3,Item14,match,Difficult,INCORRECT,15.743425000226123,1675151406.8559043,"31/01/2023, 13:20:06",1675151422.5993292,0.0,20
3Item3,3,Item3,match,Easy,CORRECT,4.095508600119501,1675151422.6268122,"31/01/2023, 13:20:22",1675151426.7223208,0.0,20
3Item20,3,Item20,0,0,0,7.0,1675151426.7223208,"31/01/2023, 02:50:26",1675151433.7223208,0.0,20
1spl1,1,spl1,match,Easy,CORRECT,8.298582200077362,1676633024.1908994,"17/02/2023, 16:53:44",1676633032.4894817,0.0,21
1spl2,1,spl2,nomatch,Easy,CORRECT,14.427565000019968,1676633032.5611925,"17/02/2023, 16:53:52",1676633046.9887576,0.0,21
1Item1,1,Item1,match,Easy,CORRECT,12.314029700006358,1676633047.0116918,"17/02/2023, 16:54:07",1676633059.3257215,0.0,21
1Item2,1,Item2,match,Easy,CORRECT,16.85105709999334,1676633059.345252,"17/02/2023, 16:54:19",1676633076.196309,0.0,21
1Item3,1,Item3,match,Easy,CORRECT,34.937090200022794,1676633076.217946,"17/02/2023, 16:54:36",1676633111.1550362,0.0,21
1Item4,1,Item4,match,Medium,CORRECT,20.474170699948445,1676633111.1718192,"17/02/2023, 16:55:11",1676633131.64599,0.0,21
1Item5,1,Item5,nomatch,Medium,INCORRECT,58.94705330010038,1676633131.6653814,"17/02/2023, 16:55:31",1676633190.6124346,0.0,21
1Item6,1,Item6,match,Medium,INCORRECT,42.26519870001357,1676633190.6302197,"17/02/2023, 16:56:30",1676633232.8954184,0.0,21
1Item7,1,Item7,match,Difficult,CORRECT,33.83341530000325,1676633232.914231,"17/02/2023, 16:57:12",1676633266.7476463,0.0,21
1Item8,1,Item8,nomatch,Difficult,INCORRECT,43.70792760001496,1676633266.7663243,"17/02/2023, 16:57:46",1676633310.474252,0.0,21
1Item9,1,Item9,match,Difficult,INCORRECT,6.2621995999943465,1676633310.4963915,"17/02/2023, 16:58:30",1676633316.7585912,0.0,21
1Item10,1,Item10,nomatch,Difficult,CORRECT,23.417091500014067,1676633316.7755544,"17/02/2023, 16:58:36",1676633340.192646,0.0,21
2spl1,2,spl1,match,Easy,CORRECT,15.256044299923817,1676633490.2507744,"17/02/2023, 17:01:30",1676633505.5068188,0.0,21
2spl2,2,spl2,nomatch,Easy,CORRECT,6.889908200013451,1676633509.7621615,"17/02/2023, 17:01:49",1676633516.6520698,0.0,21
2Item1,2,Item1,match,Easy,CORRECT,10.999086700030604,1676633520.7886946,"17/02/2023, 17:02:00",1676633531.7877812,2.002992399968207,21
2Item2,2,Item2,match,Easy,CORRECT,14.54876819998026,1676633533.8235235,"17/02/2023, 17:02:13",1676633548.3722918,1.9579000000376248,21
2Item3,2,Item3,match,Easy,CORRECT,11.782120399991982,1676633550.3589218,"17/02/2023, 17:02:30",1676633562.1410422,1.3074172000633553,21
2Item4,2,Item4,nomatch,Medium,INCORRECT,29.316884899977595,1676633563.4822953,"17/02/2023, 17:02:43",1676633592.7991805,2.4984296000329778,21
2Item5,2,Item5,match,Medium,CORRECT,30.057511300081387,1676633595.3349092,"17/02/2023, 17:03:15",1676633625.3924203,1.4657132000429556,21
2Item6,2,Item6,match,Medium,CORRECT,20.337234100094065,1676633626.896453,"17/02/2023, 17:03:46",1676633647.233687,1.0923279999988154,21
2Item7,2,Item7,match,Difficult,INCORRECT,53.45062949997373,1676633648.3570478,"17/02/2023, 17:04:08",1676633701.8076773,1.4667470999993384,21
2Item8,2,Item8,nomatch,Difficult,INCORRECT,34.635347000090405,1676633703.3071902,"17/02/2023, 17:05:03",1676633737.942537,25.822723400080577,21
2Item9,2,Item9,nomatch,Difficult,INCORRECT,16.315678899991326,1676633763.8033848,"17/02/2023, 17:06:03",1676633780.1190636,17.258155600051396,21
2Item10,2,Item10,match,Difficult,CORRECT,71.10195839998778,1676633797.411679,"17/02/2023, 17:06:37",1676633868.5136375,4.067922999965958,21
3spl1,3,spl1,match,Easy,CORRECT,5.944446800043806,1676634017.3314624,"17/02/2023, 17:10:17",1676634023.2759092,0.0,21
3spl2,3,spl2,nomatch,Easy,INCORRECT,2.488971099955961,1676634023.298709,"17/02/2023, 17:10:23",1676634025.78768,0.0,21
3Item15,3,Item15,nomatch,Difficult,CORRECT,17.731040499988012,1676634025.8044636,"17/02/2023, 17:10:25",1676634043.535504,0.0,21
3Item2,3,Item2,match,Easy,CORRECT,3.1440681000240147,1676634043.5506926,"17/02/2023, 17:10:43",1676634046.6947606,0.0,21
3Item5,3,Item5,match,Easy,CORRECT,3.40470529999584,1676634046.7054503,"17/02/2023, 17:10:46",1676634050.1101556,0.0,21
3Item12,3,Item12,match,Medium,INCORRECT,12.210117999929937,1676634050.1220176,"17/02/2023, 17:10:50",1676634062.3321357,0.0,21
3Item6,3,Item6,match,Easy,CORRECT,4.883302200003527,1676634062.3502674,"17/02/2023, 17:11:02",1676634067.2335696,0.0,21
3Item8,3,Item8,nomatch,Medium,CORRECT,7.686419400037266,1676634067.2516284,"17/02/2023, 17:11:07",1676634074.938048,0.0,21
3Item7,3,Item7,match,Medium,CORRECT,4.761850299895741,1676634074.9559295,"17/02/2023, 17:11:14",1676634079.71778,0.0,21
3Item9,3,Item9,nomatch,Medium,INCORRECT,4.100511300028302,1676634079.7301047,"17/02/2023, 17:11:19",1676634083.830616,0.0,21
3Item17,3,Item17,match,Difficult,INCORRECT,3.733993500005454,1676634083.8480475,"17/02/2023, 17:11:23",1676634087.582041,0.0,21
3Item19,3,Item19,nomatch,Difficult,CORRECT,9.728430399904028,1676634087.5984893,"17/02/2023, 17:11:27",1676634097.3269198,0.0,21
3Item11,3,Item11,match,Medium,CORRECT,4.354665599996224,1676634097.3451843,"17/02/2023, 17:11:37",1676634101.6998498,0.0,21
3Item4,3,Item4,match,Easy,CORRECT,4.607497800025158,1676634101.7221706,"17/02/2023, 17:11:41",1676634106.3296683,0.0,21
3Item13,3,Item13,match,Difficult,CORRECT,6.337814599974081,1676634106.340517,"17/02/2023, 17:11:46",1676634112.6783316,0.0,21
3Item10,3,Item10,match,Medium,CORRECT,5.419389600050636,1676634112.695571,"17/02/2023, 17:11:52",1676634118.1149604,0.0,21
3Item14,3,Item14,match,Difficult,CORRECT,2.661262199981138,1676634118.1302152,"17/02/2023, 17:11:58",1676634120.7914774,0.0,21
3Item3,3,Item3,match,Easy,CORRECT,3.9700521000195295,1676634120.8020349,"17/02/2023, 17:12:00",1676634124.7720869,0.0,21
3Item20,3,Item20,match,Difficult,INCORRECT,5.969377200002782,1676634124.7859726,"17/02/2023, 17:12:04",1676634130.75535,0.0,21
3Item18,3,Item18,0,0,0,9.0,1676634130.75535,"17/02/2023, 06:42:10",1676634139.75535,0.0,21
3Item18,3,Item18,nomatch,Difficult,CORRECT,5.368884700001217,1676634130.7740326,"17/02/2023, 17:12:10",1676634136.1429174,0.0,21
1spl1,1,spl1,match,Easy,CORRECT,13.396382300008554,1675856333.8274152,"08/02/2023, 17:08:53",1675856347.2237976,0.0,22
1spl2,1,spl2,nomatch,Easy,CORRECT,26.831704199983506,1675856347.345015,"08/02/2023, 17:09:07",1675856374.1767192,0.0,22
1Item1,1,Item1,match,Easy,CORRECT,28.02282899999409,1675856374.20307,"08/02/2023, 17:09:34",1675856402.225899,0.0,22
1Item2,1,Item2,match,Easy,CORRECT,27.92071499998565,1675856402.2533534,"08/02/2023, 17:10:02",1675856430.1740685,0.0,22
1Item3,1,Item3,match,Easy,INCORRECT,18.19745850001345,1675856430.1999302,"08/02/2023, 17:10:30",1675856448.3973887,0.0,22
1Item4,1,Item4,match,Medium,INCORRECT,23.854342300008284,1675856448.4240143,"08/02/2023, 17:10:48",1675856472.2783566,0.0,22
1Item5,1,Item5,nomatch,Medium,SKIP,28.37348280000151,1675856472.3013835,"08/02/2023, 17:11:12",1675856500.6748662,0.0,22
1Item6,1,Item6,match,Medium,CORRECT,48.30747699999483,1675856500.7063477,"08/02/2023, 17:11:40",1675856549.0138247,0.0,22
1Item7,1,Item7,match,Difficult,CORRECT,13.139551299973393,1675856549.042725,"08/02/2023, 17:12:29",1675856562.1822765,0.0,22
1Item8,1,Item8,nomatch,Difficult,INCORRECT,32.10917619999964,1675856562.2002654,"08/02/2023, 17:12:42",1675856594.3094416,0.0,22
1Item9,1,Item9,match,Difficult,CORRECT,24.797858000005363,1675856594.3362365,"08/02/2023, 17:13:14",1675856619.1340945,0.0,22
1Item10,1,Item10,nomatch,Difficult,CORRECT,47.33706130000064,1675856619.1592786,"08/02/2023, 17:13:39",1675856666.49634,0.0,22
2spl1,2,spl1,match,Easy,CORRECT,7.497756199998548,1675856740.9063692,"08/02/2023, 17:15:40",1675856748.4041257,0.0,22
2spl2,2,spl2,nomatch,Easy,CORRECT,14.431009399995672,1675856750.00116,"08/02/2023, 17:15:50",1675856764.4321692,0.0,22
2Item1,2,Item1,match,Easy,CORRECT,19.0921992000076,1675856765.4997144,"08/02/2023, 17:16:05",1675856784.5919137,1.3431201000057629,22
2Item2,2,Item2,match,Easy,CORRECT,24.96543070001644,1675856785.979226,"08/02/2023, 17:16:25",1675856810.9446568,1.2699164999939967,22
2Item3,2,Item3,match,Easy,INCORRECT,10.83560980000766,1675856812.2532885,"08/02/2023, 17:16:52",1675856823.0888984,2.412895200017374,22
2Item4,2,Item4,nomatch,Medium,INCORRECT,38.12884019999183,1675856825.5430017,"08/02/2023, 17:17:05",1675856863.671842,1.3772211000032255,22
2Item5,2,Item5,match,Medium,CORRECT,27.834620700014057,1675856865.084203,"08/02/2023, 17:17:45",1675856892.9188237,1.0338225000014063,22
2Item6,2,Item6,match,Medium,CORRECT,26.161109100008616,1675856893.9884148,"08/02/2023, 17:18:13",1675856920.149524,0.9396120999881532,22
2Item7,2,Item7,match,Difficult,INCORRECT,21.7850643999991,1675856921.1290529,"08/02/2023, 17:18:41",1675856942.914117,1.648015899991151,22
2Item8,2,Item8,nomatch,Difficult,INCORRECT,40.23404429998482,1675856944.5976207,"08/02/2023, 17:19:04",1675856984.831665,1.4408468999899924,22
2Item9,2,Item9,nomatch,Difficult,CORRECT,11.079984200012404,1675856986.3120792,"08/02/2023, 17:19:46",1675856997.3920634,1.2516453999851365,22
2Item10,2,Item10,match,Difficult,CORRECT,38.76917039998807,1675856998.6807551,"08/02/2023, 17:19:58",1675857037.4499254,1.5237430999986827,22
3spl1,3,spl1,match,Easy,INCORRECT,11.013248300005216,1675857111.708675,"08/02/2023, 17:21:51",1675857122.721923,0.0,22
3Item15,3,Item15,nomatch,Difficult,INCORRECT,10.354737799993018,1675857123.7803843,"08/02/2023, 17:22:03",1675857134.135122,0.0,22
3Item2,3,Item2,match,Easy,CORRECT,13.010021900001448,1675857134.1594598,"08/02/2023, 17:22:14",1675857147.1694818,0.0,22
3Item5,3,Item5,match,Easy,INCORRECT,17.660917200002586,1675857147.1943996,"08/02/2023, 17:22:27",1675857164.8553169,0.0,22
3Item12,3,Item12,match,Medium,SKIP,15.07051789999241,1675857164.8791962,"08/02/2023, 17:22:44",1675857179.9497142,0.0,22
3Item6,3,Item6,match,Easy,CORRECT,8.381644000008237,1675857179.973111,"08/02/2023, 17:22:59",1675857188.354755,0.0,22
3Item8,3,Item8,nomatch,Medium,INCORRECT,33.47795380000025,1675857188.3770866,"08/02/2023, 17:23:08",1675857221.8550406,0.0,22
3Item7,3,Item7,match,Medium,CORRECT,16.2627044999972,1675857221.8787515,"08/02/2023, 17:23:41",1675857238.141456,0.0,22
3Item9,3,Item9,0,0,0,6.0,1675857238.141456,"08/02/2023, 06:53:58",1675857244.141456,0.0,22
1spl1,1,spl1,match,Easy,CORRECT,54.85909050000009,1679919118.3285232,"27/03/2023, 17:41:58",1679919173.1876135,0.0,23
1Item1,1,Item1,match,Easy,CORRECT,31.58872640000027,1679919178.3957016,"27/03/2023, 17:42:58",1679919209.984428,0.0,23
1Item2,1,Item2,match,Easy,INCORRECT,30.179051000000072,1679919210.0097554,"27/03/2023, 17:43:30",1679919240.1888063,0.0,23
1Item3,1,Item3,match,Easy,CORRECT,10.964109100000314,1679919240.2104151,"27/03/2023, 17:44:00",1679919251.1745243,0.0,23
1Item4,1,Item4,match,Medium,CORRECT,22.072624099999302,1679919251.1940424,"27/03/2023, 17:44:11",1679919273.266667,0.0,23
1Item5,1,Item5,nomatch,Medium,CORRECT,40.97017239999968,1679919273.281375,"27/03/2023, 17:44:33",1679919314.251547,0.0,23
1Item6,1,Item6,match,Medium,INCORRECT,40.21328110000013,1679919314.2857482,"27/03/2023, 17:45:14",1679919354.4990294,0.0,23
1Item7,1,Item7,match,Difficult,CORRECT,7.295275500000571,1679919354.5176091,"27/03/2023, 17:45:54",1679919361.8128846,0.0,23
1Item8,1,Item8,nomatch,Difficult,CORRECT,51.163759400000345,1679919361.82864,"27/03/2023, 17:46:01",1679919412.9923997,0.0,23
1Item9,1,Item9,match,Difficult,INCORRECT,20.990251900000658,1679919413.016999,"27/03/2023, 17:46:53",1679919434.007251,0.0,23
1Item10,1,Item10,nomatch,Difficult,INCORRECT,28.880606599999737,1679919434.0219743,"27/03/2023, 17:47:14",1679919462.902581,0.0,23
2spl1,2,spl1,match,Easy,CORRECT,18.54501149999942,1679919624.2602189,"27/03/2023, 17:50:24",1679919642.8052304,0.0,23
2spl2,2,spl2,nomatch,Easy,INCORRECT,8.353409199999987,1679919646.779917,"27/03/2023, 17:50:46",1679919655.1333263,0.0,23
2Item1,2,Item1,match,Easy,CORRECT,24.06736869999986,1679919660.269217,"27/03/2023, 17:51:00",1679919684.3365858,2.298604399999931,23
2Item2,2,Item2,match,Easy,CORRECT,29.759250599999177,1679919686.6729617,"27/03/2023, 17:51:26",1679919716.4322124,3.461223599999357,23
2Item3,2,Item3,match,Easy,CORRECT,32.76846719999958,1679919719.9302485,"27/03/2023, 17:51:59",1679919752.6987157,1.8350357999997868,23
2Item4,2,Item4,nomatch,Medium,INCORRECT,36.27547609999965,1679919754.560271,"27/03/2023, 17:52:34",1679919790.8357472,2.492216099999496,23
2Item5,2,Item5,match,Medium,CORRECT,24.154993999999533,1679919793.360289,"27/03/2023, 17:53:13",1679919817.515283,1.37431529999958,23
2Item6,2,Item6,match,Medium,CORRECT,37.2813627000005,1679919818.9272838,"27/03/2023, 17:53:38",1679919856.2086463,1.5405996999998024,23
2Item7,2,Item7,match,Difficult,CORRECT,23.030061399999795,1679919857.7812805,"27/03/2023, 17:54:17",1679919880.811342,1.1549283000003925,23
2Item8,2,Item8,nomatch,Difficult,CORRECT,20.52851310000005,1679919881.9915304,"27/03/2023, 17:54:41",1679919902.5200436,1.8471911000006005,23
2Item9,2,Item9,nomatch,Difficult,CORRECT,14.74382069999956,1679919904.3933294,"27/03/2023, 17:55:04",1679919919.13715,1.6270637999996325,23
2Item10,2,Item10,match,Difficult,CORRECT,36.80607039999995,1679919920.791448,"27/03/2023, 17:55:20",1679919957.5975184,2.1576279999999315,23
3spl1,3,spl1,match,Easy,CORRECT,10.514847200000077,1679920065.1783926,"27/03/2023, 17:57:45",1679920075.69324,0.0,23
3Item15,3,Item15,nomatch,Difficult,CORRECT,23.227379799999653,1679920077.2497845,"27/03/2023, 17:57:57",1679920100.4771645,0.0,23
3Item2,3,Item2,match,Easy,CORRECT,46.05285529999946,1679920100.4965315,"27/03/2023, 17:58:20",1679920146.5493867,0.0,23
3Item5,3,Item5,match,Easy,CORRECT,18.26155649999964,1679920146.5730062,"27/03/2023, 17:59:06",1679920164.8345623,0.0,23
3Item12,3,Item12,match,Medium,CORRECT,22.90208369999982,1679920164.849934,"27/03/2023, 17:59:24",1679920187.7520175,0.0,23
3Item6,3,Item6,0,0,0,10.0,1679920187.7520175,"27/03/2023, 08:29:47",1679920197.7520175,0.0,23
1spl1,1,spl1,match,Easy,CORRECT,20.486520600039512,1676725739.810554,"18/02/2023, 18:38:59",1676725760.2970746,0.0,24
1spl2,1,spl2,nomatch,Easy,CORRECT,10.594420800101943,1676725760.3808513,"18/02/2023, 18:39:20",1676725770.9752722,0.0,24
1Item1,1,Item1,match,Easy,CORRECT,21.7855851999484,1676725771.0055366,"18/02/2023, 18:39:31",1676725792.7911215,0.0,24
1Item2,1,Item2,match,Easy,CORRECT,14.945826799958011,1676725792.8099792,"18/02/2023, 18:39:52",1676725807.755806,0.0,24
1Item3,1,Item3,match,Easy,CORRECT,33.862134400056675,1676725807.7733333,"18/02/2023, 18:40:07",1676725841.6354678,0.0,24
1Item4,1,Item4,match,Medium,CORRECT,36.438378599938005,1676725841.6512003,"18/02/2023, 18:40:41",1676725878.0895789,0.0,24
1Item5,1,Item5,nomatch,Medium,CORRECT,101.27487840002868,1676725878.1100976,"18/02/2023, 18:41:18",1676725979.384976,0.0,24
1Item6,1,Item6,match,Medium,CORRECT,69.10992720001377,1676725979.4037957,"18/02/2023, 18:42:59",1676726048.513723,0.0,24
1Item7,1,Item7,match,Difficult,CORRECT,13.169794799992816,1676726048.5308545,"18/02/2023, 18:44:08",1676726061.7006493,0.0,24
1Item8,1,Item8,nomatch,Difficult,CORRECT,8.063267300021835,1676726061.719185,"18/02/2023, 18:44:21",1676726069.7824523,0.0,24
1Item9,1,Item9,match,Difficult,INCORRECT,0.91974299994763,1676726069.8025882,"18/02/2023, 18:44:29",1676726070.7223313,0.0,24
2spl1,2,spl1,match,Easy,CORRECT,9.74057719996199,1676726221.9874268,"18/02/2023, 18:47:01",1676726231.728004,0.0,24
2spl2,2,spl2,nomatch,Easy,CORRECT,15.175616399967112,1676726236.438191,"18/02/2023, 18:47:16",1676726251.6138074,0.0,24
2Item1,2,Item1,match,Easy,CORRECT,10.956694600055926,1676726255.1577475,"18/02/2023, 18:47:35",1676726266.114442,1.7179335999535397,24
2Item2,2,Item2,match,Easy,CORRECT,27.41518250002992,1676726267.864049,"18/02/2023, 18:47:47",1676726295.2792315,2.632918299990706,24
2Item3,2,Item3,match,Easy,CORRECT,12.464724000077696,1676726297.9526153,"18/02/2023, 18:48:17",1676726310.417339,2.055308899958618,24
2Item4,2,Item4,nomatch,Medium,CORRECT,38.41240879998077,1676726312.5112116,"18/02/2023, 18:48:32",1676726350.9236205,1.0571693000383675,24
2Item5,2,Item5,match,Medium,CORRECT,7.47915400005877,1676726352.014236,"18/02/2023, 18:49:12",1676726359.49339,1.3846706000622362,24
2Item6,2,Item6,match,Medium,CORRECT,13.78562829992734,1676726360.9133804,"18/02/2023, 18:49:20",1676726374.6990087,0.9419543999247252,24
2Item7,2,Item7,match,Difficult,CORRECT,24.1177712000208,1676726375.6743343,"18/02/2023, 18:49:35",1676726399.7921054,0.8825471999589354,24
2Item8,2,Item8,nomatch,Difficult,CORRECT,27.06164139998145,1676726400.7133632,"18/02/2023, 18:50:00",1676726427.7750046,0.6993244999321178,24
2Item9,2,Item9,nomatch,Difficult,CORRECT,21.82825719995889,1676726428.5023146,"18/02/2023, 18:50:28",1676726450.3305717,0.6588418000610545,24
2Item10,2,Item10,match,Difficult,CORRECT,42.802737900055945,1676726451.0166948,"18/02/2023, 18:50:51",1676726493.8194327,0.6468508000252768,24
3spl1,3,spl1,match,Easy,CORRECT,6.466871100012213,1676726581.3052268,"18/02/2023, 18:53:01",1676726587.7720978,0.0,24
3Item15,3,Item15,nomatch,Difficult,CORRECT,0.4359308000421151,1676726593.3897102,"18/02/2023, 18:53:13",1676726593.825641,0.0,24
3Item2,3,Item2,match,Easy,CORRECT,10.710938100004569,1676726593.8389094,"18/02/2023, 18:53:13",1676726604.5498476,0.0,24
3Item5,3,Item5,match,Easy,CORRECT,3.7650012000231072,1676726604.567906,"18/02/2023, 18:53:24",1676726608.3329072,0.0,24
3Item12,3,Item12,match,Medium,CORRECT,3.890371700050309,1676726608.355219,"18/02/2023, 18:53:28",1676726612.2455907,0.0,24
3Item6,3,Item6,match,Easy,CORRECT,9.187812899937851,1676726612.2614124,"18/02/2023, 18:53:32",1676726621.4492252,0.0,24
3Item8,3,Item8,nomatch,Medium,CORRECT,16.709498499985784,1676726621.4680784,"18/02/2023, 18:53:41",1676726638.1775768,0.0,24
3Item7,3,Item7,match,Medium,CORRECT,9.161669500055725,1676726638.1997347,"18/02/2023, 18:53:58",1676726647.3614042,0.0,24
3Item9,3,Item9,nomatch,Medium,INCORRECT,4.8962452000705525,1676726647.385701,"18/02/2023, 18:54:07",1676726652.2819462,0.0,24
3Item17,3,Item17,match,Difficult,INCORRECT,4.134379199938849,1676726652.303538,"18/02/2023, 18:54:12",1676726656.4379172,0.0,24
3Item19,3,Item19,nomatch,Difficult,INCORRECT,2.480646900017746,1676726656.4612858,"18/02/2023, 18:54:16",1676726658.941933,0.0,24
3Item11,3,Item11,match,Medium,INCORRECT,10.535209099994972,1676726658.960876,"18/02/2023, 18:54:18",1676726669.4960852,0.0,24
3Item4,3,Item4,match,Easy,CORRECT,8.37132679997012,1676726669.5224557,"18/02/2023, 18:54:29",1676726677.8937824,0.0,24
3Item13,3,Item13,match,Difficult,CORRECT,12.50905170000624,1676726677.917269,"18/02/2023, 18:54:37",1676726690.4263208,0.0,24
3Item10,3,Item10,match,Medium,CORRECT,1.662324900040403,1676726690.4453025,"18/02/2023, 18:54:50",1676726692.1076274,0.0,24
3Item14,3,Item14,match,Difficult,CORRECT,3.769662500009872,1676726692.133315,"18/02/2023, 18:54:52",1676726695.9029777,0.0,24
3Item3,3,Item3,match,Easy,CORRECT,4.368500999989919,1676726695.915715,"18/02/2023, 18:54:55",1676726700.284216,0.0,24
3Item20,3,Item20,match,Difficult,CORRECT,2.6869400999275967,1676726700.3150628,"18/02/2023, 18:55:00",1676726703.002003,0.0,24
3Item18,3,Item18,nomatch,Difficult,CORRECT,4.498595200013369,1676726703.0239606,"18/02/2023, 18:55:03",1676726707.5225558,0.0,24
3Item16,3,Item16,nomatch,Difficult,CORRECT,2.322632499970496,1676726707.5412264,"18/02/2023, 18:55:07",1676726709.863859,0.0,24
3Item1,3,Item1,0,0,0,2.0,1676726709.863859,"18/02/2023, 08:25:09",1676726711.863859,0.0,24
3Item1,3,Item1,match,Easy,CORRECT,1.8778608000138768,1676726709.8803415,"18/02/2023, 18:55:09",1676726711.7582023,0.0,24
1spl1,1,spl1,match,Easy,CORRECT,11.336224099970424,1676812520.5648468,"19/02/2023, 18:45:20",1676812531.9010708,0.0,25
1spl2,1,spl2,nomatch,Easy,CORRECT,40.697094800067134,1676812531.984861,"19/02/2023, 18:45:31",1676812572.6819558,0.0,25
1Item1,1,Item1,match,Easy,CORRECT,17.5610514000291,1676812572.704643,"19/02/2023, 18:46:12",1676812590.2656944,0.0,25
1Item2,1,Item2,match,Easy,INCORRECT,18.92524240002968,1676812590.2836037,"19/02/2023, 18:46:30",1676812609.208846,0.0,25
1Item3,1,Item3,match,Easy,CORRECT,25.36390710005071,1676812609.2256222,"19/02/2023, 18:46:49",1676812634.5895293,0.0,25
1Item4,1,Item4,match,Medium,INCORRECT,31.225430299993604,1676812634.608643,"19/02/2023, 18:47:14",1676812665.8340733,0.0,25
1Item5,1,Item5,nomatch,Medium,SKIP,42.704845499945804,1676812665.8513632,"19/02/2023, 18:47:45",1676812708.5562086,0.0,25
1Item6,1,Item6,match,Medium,CORRECT,32.18701900006272,1676812708.5782368,"19/02/2023, 18:48:28",1676812740.765256,0.0,25
1Item7,1,Item7,match,Difficult,SKIP,36.34582779998891,1676812740.7829792,"19/02/2023, 18:49:00",1676812777.128807,0.0,25
1Item8,1,Item8,nomatch,Difficult,INCORRECT,66.3884208999807,1676812777.1475313,"19/02/2023, 18:49:37",1676812843.535952,0.0,25
1Item9,1,Item9,match,Difficult,SKIP,9.788014100049622,1676812843.5524888,"19/02/2023, 18:50:43",1676812853.340503,0.0,25
1Item10,1,Item10,nomatch,Difficult,SKIP,18.67264070000965,1676812853.3606496,"19/02/2023, 18:50:53",1676812872.0332904,0.0,25
2spl1,2,spl1,match,Easy,CORRECT,5.405101099982858,1676812970.1595292,"19/02/2023, 18:52:50",1676812975.5646305,0.0,25
2spl2,2,spl2,nomatch,Easy,INCORRECT,6.766583599965088,1676812977.6776755,"19/02/2023, 18:52:57",1676812984.4442592,0.0,25
2Item1,2,Item1,match,Easy,CORRECT,11.88015780004207,1676812988.0750575,"19/02/2023, 18:53:08",1676812999.9552152,1.4198477999307215,25
2Item2,2,Item2,match,Easy,INCORRECT,12.298707699985243,1676813001.4077826,"19/02/2023, 18:53:21",1676813013.7064905,1.302245800034143,25
2Item3,2,Item3,match,Easy,CORRECT,8.072753199958242,1676813015.0371237,"19/02/2023, 18:53:35",1676813023.1098769,0.8888094000285491,25
2Item4,2,Item4,nomatch,Medium,CORRECT,8.753143300069496,1676813024.0280552,"19/02/2023, 18:53:44",1676813032.7811985,0.9687990000238642,25
2Item5,2,Item5,match,Medium,INCORRECT,10.225506599992514,1676813033.776869,"19/02/2023, 18:53:53",1676813044.0023756,1.0057362000225112,25
2Item6,2,Item6,match,Medium,INCORRECT,12.087348800036125,1676813045.0419283,"19/02/2023, 18:54:05",1676813057.129277,8.433872100082226,25
2Item7,2,Item7,match,Difficult,INCORRECT,53.00064380001277,1676813065.591233,"19/02/2023, 18:54:25",1676813118.5918767,1.143205500091426,25
2Item8,2,Item8,nomatch,Difficult,CORRECT,13.548304099938832,1676813119.774084,"19/02/2023, 18:55:19",1676813133.3223882,0.8780598000157624,25
2Item9,2,Item9,nomatch,Difficult,INCORRECT,8.041340199997649,1676813134.2290092,"19/02/2023, 18:55:34",1676813142.2703493,1.783235299983062,25
2Item10,2,Item10,match,Difficult,INCORRECT,20.97712529997807,1676813144.089883,"19/02/2023, 18:55:44",1676813165.0670085,1.0734009000007063,25
3spl1,3,spl1,match,Easy,CORRECT,4.644959599943832,1676813236.5837958,"19/02/2023, 18:57:16",1676813241.2287557,0.0,25
3spl2,3,spl2,nomatch,Easy,CORRECT,5.945852499920875,1676813241.2483394,"19/02/2023, 18:57:21",1676813247.194192,0.0,25
3Item15,3,Item15,nomatch,Difficult,CORRECT,30.86528459994588,1676813247.2124965,"19/02/2023, 18:57:27",1676813278.0777812,0.0,25
3Item2,3,Item2,match,Easy,CORRECT,5.063539499999024,1676813278.096301,"19/02/2023, 18:57:58",1676813283.1598406,0.0,25
3Item5,3,Item5,match,Easy,CORRECT,14.433776700054295,1676813283.177927,"19/02/2023, 18:58:03",1676813297.6117036,0.0,25
3Item12,3,Item12,match,Medium,SKIP,8.956619799952023,1676813297.6257832,"19/02/2023, 18:58:17",1676813306.582403,0.0,25
3Item6,3,Item6,match,Easy,CORRECT,9.748892899951898,1676813306.599912,"19/02/2023, 18:58:26",1676813316.3488047,0.0,25
3Item8,3,Item8,nomatch,Medium,INCORRECT,29.212116500013508,1676813316.3706326,"19/02/2023, 18:58:36",1676813345.5827491,0.0,25
3Item7,3,Item7,match,Medium,CORRECT,15.651197899947874,1676813345.60079,"19/02/2023, 18:59:05",1676813361.251988,0.0,25
3Item9,3,Item9,0,0,0,6.0,1676813361.251988,"19/02/2023, 08:29:21",1676813367.251988,0.0,25
1spl1,1,spl1,match,Easy,INCORRECT,25.529187500000265,1678800976.0544868,"14/03/2023, 19:06:16",1678801001.5836742,0.0,26
1spl2,1,spl2,nomatch,Easy,INCORRECT,17.628165199999785,1678801001.7056215,"14/03/2023, 19:06:41",1678801019.3337867,0.0,26
1Item1,1,Item1,match,Easy,CORRECT,29.27143650000108,1678801019.3636713,"14/03/2023, 19:06:59",1678801048.6351078,0.0,26
1Item2,1,Item2,match,Easy,CORRECT,30.40804970000136,1678801048.6620605,"14/03/2023, 19:07:28",1678801079.07011,0.0,26
1Item3,1,Item3,match,Easy,CORRECT,23.919882700000016,1678801079.0964878,"14/03/2023, 19:07:59",1678801103.0163703,0.0,26
1Item4,1,Item4,match,Medium,CORRECT,40.53480529999979,1678801103.041159,"14/03/2023, 19:08:23",1678801143.5759642,0.0,26
1Item5,1,Item5,nomatch,Medium,CORRECT,48.156343200000265,1678801143.5960932,"14/03/2023, 19:09:03",1678801191.7524364,0.0,26
1Item6,1,Item6,match,Medium,INCORRECT,48.06995520000055,1678801191.779497,"14/03/2023, 19:09:51",1678801239.849452,0.0,26
1Item7,1,Item7,match,Difficult,CORRECT,32.45151540000006,1678801239.8774917,"14/03/2023, 19:10:39",1678801272.3290071,0.0,26
1Item8,1,Item8,nomatch,Difficult,CORRECT,19.498204699999405,1678801272.3538997,"14/03/2023, 19:11:12",1678801291.8521044,0.0,26
1Item9,1,Item9,match,Difficult,CORRECT,27.383135899999616,1678801291.8767917,"14/03/2023, 19:11:31",1678801319.2599275,0.0,26
2spl1,2,spl1,match,Easy,CORRECT,10.5577744000002,1678801409.16685,"14/03/2023, 19:13:29",1678801419.7246244,0.0,26
2spl2,2,spl2,nomatch,Easy,INCORRECT,7.081301100000928,1678801425.8561893,"14/03/2023, 19:13:45",1678801432.9374905,0.0,26
2Item1,2,Item1,match,Easy,CORRECT,18.536554799999067,1678801435.9164157,"14/03/2023, 19:13:55",1678801454.4529705,1.3417982000009945,26
2Item2,2,Item2,match,Easy,CORRECT,31.993848400001298,1678801455.8307607,"14/03/2023, 19:14:15",1678801487.824609,1.3455924999998388,26
2Item3,2,Item3,match,Easy,CORRECT,17.66566310000053,1678801489.2112582,"14/03/2023, 19:14:49",1678801506.8769212,1.586013099999036,26
2Item4,2,Item4,nomatch,Medium,CORRECT,38.67966889999843,1678801508.5057952,"14/03/2023, 19:15:08",1678801547.185464,1.427997900000264,26
2Item5,2,Item5,match,Medium,CORRECT,15.736404100000073,1678801548.6492288,"14/03/2023, 19:15:48",1678801564.385633,0.9934217000009083,26
2Item6,2,Item6,match,Medium,CORRECT,27.17442120000124,1678801565.4289775,"14/03/2023, 19:16:05",1678801592.6033988,1.5280089999996562,26
2Item7,2,Item7,match,Difficult,CORRECT,16.061533200001577,1678801594.1691904,"14/03/2023, 19:16:34",1678801610.2307236,1.7457256999987294,26
2Item8,2,Item8,nomatch,Difficult,INCORRECT,11.127812099999574,1678801612.0065544,"14/03/2023, 19:16:52",1678801623.1343665,1.363066500000059,26
2Item9,2,Item9,nomatch,Difficult,CORRECT,16.642959200000405,1678801624.54011,"14/03/2023, 19:17:04",1678801641.1830692,1.2580863999992289,26
2Item10,2,Item10,match,Difficult,INCORRECT,23.315244400000665,1678801642.4759574,"14/03/2023, 19:17:22",1678801665.7912018,1.824903099999574,26
3spl1,3,spl1,match,Easy,INCORRECT,5.925788300000932,1678801719.0470717,"14/03/2023, 19:18:39",1678801724.97286,0.0,26
3spl2,3,spl2,nomatch,Easy,INCORRECT,4.994967000000543,1678801724.9992237,"14/03/2023, 19:18:44",1678801729.9941907,0.0,26
3Item15,3,Item15,nomatch,Difficult,INCORRECT,4.252043099999355,1678801730.021897,"14/03/2023, 19:18:50",1678801734.27394,0.0,26
3Item2,3,Item2,match,Easy,CORRECT,4.91034690000015,1678801734.2934914,"14/03/2023, 19:18:54",1678801739.2038383,0.0,26
3Item5,3,Item5,match,Easy,CORRECT,17.619142999999895,1678801739.2331653,"14/03/2023, 19:18:59",1678801756.8523085,0.0,26
3Item12,3,Item12,match,Medium,INCORRECT,26.04594309999993,1678801756.876624,"14/03/2023, 19:19:16",1678801782.9225671,0.0,26
3Item6,3,Item6,match,Easy,CORRECT,13.654664200001209,1678801782.94146,"14/03/2023, 19:19:42",1678801796.5961242,0.0,26
3Item8,3,Item8,nomatch,Medium,CORRECT,30.05495450000126,1678801796.6178138,"14/03/2023, 19:19:56",1678801826.6727684,0.0,26
3Item7,3,Item7,match,Medium,CORRECT,10.70389989999967,1678801826.6916406,"14/03/2023, 19:20:26",1678801837.3955405,0.0,26
3Item9,3,Item9,nomatch,Medium,CORRECT,10.507898800000476,1678801837.4218812,"14/03/2023, 19:20:37",1678801847.92978,0.0,26
3Item17,3,Item17,0,0,0,2.0,1678801847.92978,"14/03/2023, 09:50:47",1678801849.92978,0.0,26
1spl1,1,spl1,match,Easy,CORRECT,9.6241849999642,1679831886.143709,"26/03/2023, 17:28:06",1679831895.767894,0.0,27
1spl2,1,spl2,nomatch,Easy,CORRECT,25.13988450006582,1679831895.8501668,"26/03/2023, 17:28:15",1679831920.9900513,0.0,27
1Item1,1,Item1,match,Easy,CORRECT,6.754081799997948,1679831921.017718,"26/03/2023, 17:28:41",1679831927.7717998,0.0,27
1Item2,1,Item2,match,Easy,CORRECT,16.59727779997047,1679831927.795595,"26/03/2023, 17:28:47",1679831944.3928728,0.0,27
1Item3,1,Item3,match,Easy,CORRECT,22.115557799930684,1679831944.4143116,"26/03/2023, 17:29:04",1679831966.5298696,0.0,27
1Item4,1,Item4,match,Medium,CORRECT,18.69504490005784,1679831966.5485888,"26/03/2023, 17:29:26",1679831985.2436335,0.0,27
1Item5,1,Item5,nomatch,Medium,INCORRECT,28.20550679997541,1679831985.262116,"26/03/2023, 17:29:45",1679832013.4676228,0.0,27
1Item6,1,Item6,match,Medium,CORRECT,65.4744896000484,1679832013.4961169,"26/03/2023, 17:30:13",1679832078.9706066,0.0,27
1Item7,1,Item7,match,Difficult,CORRECT,42.215995399979874,1679832078.988965,"26/03/2023, 17:31:18",1679832121.2049603,0.0,27
1Item8,1,Item8,nomatch,Difficult,INCORRECT,32.25333689991385,1679832121.229208,"26/03/2023, 17:32:01",1679832153.482545,0.0,27
1Item9,1,Item9,match,Difficult,INCORRECT,10.964451499981806,1679832153.5031052,"26/03/2023, 17:32:33",1679832164.4675567,0.0,27
1Item10,1,Item10,nomatch,Difficult,CORRECT,13.86047429998871,1679832164.4860678,"26/03/2023, 17:32:44",1679832178.346542,0.0,27
2spl1,2,spl1,match,Easy,CORRECT,7.562094699940644,1679832303.3265464,"26/03/2023, 17:35:03",1679832310.888641,0.0,27
2spl2,2,spl2,nomatch,Easy,CORRECT,15.461544599966146,1679832314.1930938,"26/03/2023, 17:35:14",1679832329.6546383,0.0,27
2Item1,2,Item1,match,Easy,CORRECT,4.926018900005147,1679832331.2107477,"26/03/2023, 17:35:31",1679832336.136767,1.4979295000666752,27
2Item2,2,Item2,match,Easy,CORRECT,11.095593799953347,1679832337.6650908,"26/03/2023, 17:35:37",1679832348.7606845,0.9737101999344304,27
2Item3,2,Item3,match,Easy,CORRECT,7.277587300050072,1679832349.7693949,"26/03/2023, 17:35:49",1679832357.0469823,0.8335038999794051,27
2Item4,2,Item4,nomatch,Medium,CORRECT,30.20373449998442,1679832357.9154649,"26/03/2023, 17:35:57",1679832388.1191993,1.0116602000780404,27
2Item5,2,Item5,match,Medium,CORRECT,12.93254429998342,1679832389.1600826,"26/03/2023, 17:36:29",1679832402.0926268,0.8355909999227151,27
2Item6,2,Item6,match,Medium,INCORRECT,33.825899800052866,1679832402.9593608,"26/03/2023, 17:36:42",1679832436.785261,0.9821018000366166,27
2Item7,2,Item7,match,Difficult,CORRECT,26.312848100089468,1679832437.8088174,"26/03/2023, 17:37:17",1679832464.1216657,0.9027554000495002,27
2Item8,2,Item8,nomatch,Difficult,INCORRECT,18.19755309994798,1679832465.0613844,"26/03/2023, 17:37:45",1679832483.2589376,0.827893799985759,27
2Item9,2,Item9,nomatch,Difficult,CORRECT,17.198505699983798,1679832484.1198835,"26/03/2023, 17:38:04",1679832501.3183892,0.7022540000034496,27
2Item10,2,Item10,match,Difficult,CORRECT,50.165762900025584,1679832502.0551229,"26/03/2023, 17:38:22",1679832552.2208858,1.754793000058271,27
3spl1,3,spl1,match,Easy,CORRECT,4.718037800048478,1679832616.4852247,"26/03/2023, 17:40:16",1679832621.2032626,0.0,27
3spl2,3,spl2,nomatch,Easy,CORRECT,5.931223800056614,1679832621.2193844,"26/03/2023, 17:40:21",1679832627.1506083,0.0,27
3Item15,3,Item15,nomatch,Difficult,INCORRECT,14.708690300001765,1679832627.1804247,"26/03/2023, 17:40:27",1679832641.889115,0.0,27
3Item2,3,Item2,match,Easy,CORRECT,4.725776899955235,1679832641.90694,"26/03/2023, 17:40:41",1679832646.632717,0.0,27
3Item5,3,Item5,match,Easy,CORRECT,10.67723280005157,1679832646.6510034,"26/03/2023, 17:40:46",1679832657.328236,0.0,27
3Item12,3,Item12,match,Medium,CORRECT,5.863409399986267,1679832657.3468325,"26/03/2023, 17:40:57",1679832663.2102418,0.0,27
3Item6,3,Item6,match,Easy,CORRECT,4.4886952000670135,1679832663.228287,"26/03/2023, 17:41:03",1679832667.716982,0.0,27
3Item8,3,Item8,nomatch,Medium,CORRECT,12.27637700003106,1679832667.7378254,"26/03/2023, 17:41:07",1679832680.0142024,0.0,27
3Item7,3,Item7,match,Medium,CORRECT,7.826378799974918,1679832680.0348885,"26/03/2023, 17:41:20",1679832687.861267,0.0,27
3Item9,3,Item9,nomatch,Medium,CORRECT,9.708164399955422,1679832687.8773177,"26/03/2023, 17:41:27",1679832697.585482,0.0,27
3Item17,3,Item17,match,Difficult,INCORRECT,7.716679100063629,1679832697.6043682,"26/03/2023, 17:41:37",1679832705.3210473,0.0,27
3Item19,3,Item19,nomatch,Difficult,CORRECT,13.616534700035118,1679832705.3394682,"26/03/2023, 17:41:45",1679832718.956003,0.0,27
3Item11,3,Item11,match,Medium,CORRECT,5.239289299934171,1679832718.973971,"26/03/2023, 17:41:58",1679832724.2132602,0.0,27
3Item4,3,Item4,match,Easy,CORRECT,5.464662000071257,1679832724.2352426,"26/03/2023, 17:42:04",1679832729.699905,0.0,27
3Item13,3,Item13,match,Difficult,CORRECT,13.22314210003242,1679832729.715571,"26/03/2023, 17:42:09",1679832742.938713,0.0,27
3Item10,3,Item10,0,0,0,4.0,1679832742.938713,"26/03/2023, 08:12:22",1679832746.938713,0.0,27
1spl1,1,spl1,match,Easy,CORRECT,8.716338199999882,1675510849.007774,"04/02/2023, 17:10:49",1675510857.7241125,0.0,28
1spl2,1,spl2,nomatch,Easy,CORRECT,20.584658799984027,1675510857.9067454,"04/02/2023, 17:10:57",1675510878.4914043,0.0,28
1Item1,1,Item1,match,Easy,CORRECT,12.90154129997245,1675510878.5405605,"04/02/2023, 17:11:18",1675510891.4421017,0.0,28
1Item2,1,Item2,match,Easy,CORRECT,30.28445860001375,1675510891.469663,"04/02/2023, 17:11:31",1675510921.7541215,0.0,28
1Item3,1,Item3,match,Easy,CORRECT,25.47052110001096,1675510921.8010566,"04/02/2023, 17:12:01",1675510947.2715778,0.0,28
1Item4,1,Item4,match,Medium,CORRECT,37.687748600001214,1675510947.322423,"04/02/2023, 17:12:27",1675510985.0101717,0.0,28
1Item5,1,Item5,nomatch,Medium,INCORRECT,47.36134619999211,1675510985.0462043,"04/02/2023, 17:13:05",1675511032.4075506,0.0,28
1Item6,1,Item6,match,Medium,CORRECT,8.846553600014886,1675511032.4419577,"04/02/2023, 17:13:52",1675511041.2885113,0.0,28
1Item7,1,Item7,match,Difficult,INCORRECT,18.16401059998316,1675511041.321956,"04/02/2023, 17:14:01",1675511059.4859664,0.0,28
1Item8,1,Item8,nomatch,Difficult,CORRECT,30.26199389999965,1675511059.5301125,"04/02/2023, 17:14:19",1675511089.7921064,0.0,28
1Item9,1,Item9,match,Difficult,INCORRECT,18.553004699992016,1675511089.8250031,"04/02/2023, 17:14:49",1675511108.378008,0.0,28
1Item10,1,Item10,nomatch,Difficult,CORRECT,36.85476240000571,1675511108.4078846,"04/02/2023, 17:15:08",1675511145.262647,0.0,28
2spl1,2,spl1,match,Easy,CORRECT,8.111390499980189,1675511346.3772562,"04/02/2023, 17:19:06",1675511354.4886467,0.0,28
2spl2,2,spl2,nomatch,Easy,CORRECT,14.243486599996686,1675511357.4804616,"04/02/2023, 17:19:17",1675511371.7239482,0.0,28
2Item1,2,Item1,match,Easy,CORRECT,10.182794499996817,1675511373.851056,"04/02/2023, 17:19:33",1675511384.033851,1.6003260999859776,28
2Item2,2,Item2,match,Easy,CORRECT,5.891963500005659,1675511385.707557,"04/02/2023, 17:19:45",1675511391.5995204,1.8144888999813704,28
2Item3,2,Item3,match,Easy,CORRECT,20.051121199998303,1675511393.4777937,"04/02/2023, 17:19:53",1675511413.528915,1.3927315000037197,28
2Item4,2,Item4,nomatch,Medium,INCORRECT,27.39172470002086,1675511415.0023396,"04/02/2023, 17:20:15",1675511442.3940642,1.3923825999954715,28
2Item5,2,Item5,match,Medium,INCORRECT,16.006828699988546,1675511443.8725696,"04/02/2023, 17:20:43",1675511459.8793983,1.4412329000188038,28
2Item6,2,Item6,match,Medium,INCORRECT,33.05610360001447,1675511461.3845675,"04/02/2023, 17:21:01",1675511494.4406712,1.4502716999850236,28
2Item7,2,Item7,match,Difficult,INCORRECT,51.72878989999299,1675511495.9584365,"04/02/2023, 17:21:35",1675511547.6872263,1.3546651999931782,28
2Item8,2,Item8,nomatch,Difficult,INCORRECT,37.64998270000797,1675511549.1082048,"04/02/2023, 17:22:29",1675511586.7581875,2.179689100012183,28
2Item9,2,Item9,nomatch,Difficult,CORRECT,27.91608520000591,1675511588.999393,"04/02/2023, 17:23:08",1675511616.9154782,2.1841734999907203,28
2Item10,2,Item10,match,Difficult,CORRECT,47.46590139999171,1675511619.165749,"04/02/2023, 17:23:39",1675511666.6316504,1.6512278000009246,28
3spl1,3,spl1,match,Easy,CORRECT,4.136180900008185,1675511769.9187765,"04/02/2023, 17:26:09",1675511774.0549574,0.0,28
3spl2,3,spl2,nomatch,Easy,INCORRECT,2.88298280001618,1675511774.100096,"04/02/2023, 17:26:14",1675511776.9830787,0.0,28
3Item15,3,Item15,nomatch,Difficult,INCORRECT,9.148277999978744,1675511777.0249388,"04/02/2023, 17:26:17",1675511786.1732168,0.0,28
3Item2,3,Item2,match,Easy,CORRECT,4.210165299999062,1675511786.2213426,"04/02/2023, 17:26:26",1675511790.4315078,0.0,28
3Item5,3,Item5,match,Easy,CORRECT,8.3330720999802,1675511790.465747,"04/02/2023, 17:26:30",1675511798.7988193,0.0,28
3Item12,3,Item12,match,Medium,CORRECT,8.732115499995416,1675511798.8272731,"04/02/2023, 17:26:38",1675511807.5593886,0.0,28
3Item6,3,Item6,match,Easy,CORRECT,4.216803499992238,1675511807.5994568,"04/02/2023, 17:26:47",1675511811.8162603,0.0,28
3Item8,3,Item8,nomatch,Medium,CORRECT,6.155366999999387,1675511811.8441296,"04/02/2023, 17:26:51",1675511817.9994965,0.0,28
3Item7,3,Item7,match,Medium,CORRECT,15.828299199987669,1675511818.03125,"04/02/2023, 17:26:58",1675511833.8595493,0.0,28
3Item9,3,Item9,nomatch,Medium,INCORRECT,14.920957499998622,1675511833.9027984,"04/02/2023, 17:27:13",1675511848.823756,0.0,28
3Item17,3,Item17,match,Difficult,INCORRECT,17.724156700016465,1675511848.8649726,"04/02/2023, 17:27:28",1675511866.5891292,0.0,28
3Item19,3,Item19,nomatch,Difficult,CORRECT,13.371536899998318,1675511866.6357198,"04/02/2023, 17:27:46",1675511880.0072567,0.0,28
3Item11,3,Item11,match,Medium,CORRECT,5.675925699993968,1675511880.037514,"04/02/2023, 17:28:00",1675511885.7134397,0.0,28
3Item4,3,Item4,match,Easy,CORRECT,2.795787599985488,1675511885.747272,"04/02/2023, 17:28:05",1675511888.5430596,0.0,28
3Item13,3,Item13,match,Difficult,CORRECT,6.245173000002978,1675511888.5740042,"04/02/2023, 17:28:08",1675511894.8191772,0.0,28
3Item10,3,Item10,0,0,0,3.0,1675511894.8191772,"04/02/2023, 06:58:14",1675511897.8191772,0.0,28
1spl1,1,spl1,match,Easy,INCORRECT,8.596698100001959,1675340736.888337,"02/02/2023, 17:55:36",1675340745.485035,0.0,29
1spl2,1,spl2,nomatch,Easy,CORRECT,8.827123499999288,1675340745.614,"02/02/2023, 17:55:45",1675340754.4411235,0.0,29
1Item1,1,Item1,match,Easy,CORRECT,9.79991280000104,1675340754.4704986,"02/02/2023, 17:55:54",1675340764.2704113,0.0,29
1Item2,1,Item2,match,Easy,SKIP,15.060303499994916,1675340764.300527,"02/02/2023, 17:56:04",1675340779.3608303,0.0,29
1Item3,1,Item3,match,Easy,CORRECT,10.077625400001123,1675340779.3795602,"02/02/2023, 17:56:19",1675340789.4571855,0.0,29
1Item4,1,Item4,match,Medium,CORRECT,26.244536999998672,1675340789.4780471,"02/02/2023, 17:56:29",1675340815.7225842,0.0,29
1Item5,1,Item5,nomatch,Medium,CORRECT,45.77054260000296,1675340815.753611,"02/02/2023, 17:56:55",1675340861.5241537,0.0,29
1Item6,1,Item6,match,Medium,CORRECT,42.58562389999861,1675340861.5515468,"02/02/2023, 17:57:41",1675340904.1371708,0.0,29
1Item7,1,Item7,match,Difficult,CORRECT,32.439568699999654,1675340904.1638436,"02/02/2023, 17:58:24",1675340936.6034124,0.0,29
1Item8,1,Item8,nomatch,Difficult,CORRECT,52.85019530000136,1675340936.620653,"02/02/2023, 17:58:56",1675340989.4708483,0.0,29
1Item9,1,Item9,match,Difficult,INCORRECT,28.703764899997623,1675340989.4991758,"02/02/2023, 17:59:49",1675341018.2029407,0.0,29
1Item10,1,Item10,nomatch,Difficult,SKIP,32.62834089999524,1675341018.2276237,"02/02/2023, 18:00:18",1675341050.855965,0.0,29
2spl1,2,spl1,match,Easy,CORRECT,6.9300729999959,1675341144.5713325,"02/02/2023, 18:02:24",1675341151.5014057,0.0,29
2spl2,2,spl2,nomatch,Easy,CORRECT,7.465137799998047,1675341153.679578,"02/02/2023, 18:02:33",1675341161.1447158,0.0,29
2Item1,2,Item1,match,Easy,CORRECT,5.551417200003925,1675341162.2340162,"02/02/2023, 18:02:42",1675341167.7854333,0.9360356999968644,29
2Item2,2,Item2,match,Easy,CORRECT,6.320551899996644,1675341168.759206,"02/02/2023, 18:02:48",1675341175.079758,0.8081774000020232,29
2Item3,2,Item3,match,Easy,CORRECT,7.355928999997559,1675341175.9210398,"02/02/2023, 18:02:55",1675341183.2769687,0.8271662000042852,29
2Item4,2,Item4,nomatch,Medium,CORRECT,19.452546900000016,1675341184.1398983,"02/02/2023, 18:03:04",1675341203.5924451,1.0508603000052972,29
2Item5,2,Item5,match,Medium,CORRECT,13.44397570000001,1675341204.676237,"02/02/2023, 18:03:24",1675341218.1202128,0.8727912999966065,29
2Item6,2,Item6,match,Medium,CORRECT,19.10426230000303,1675341219.028682,"02/02/2023, 18:03:39",1675341238.1329443,0.901735400002508,29
2Item7,2,Item7,match,Difficult,CORRECT,77.73782740000024,1675341239.065583,"02/02/2023, 18:03:59",1675341316.8034103,0.9004385999942315,29
2Item8,2,Item8,nomatch,Difficult,INCORRECT,26.588983399997232,1675341317.7464654,"02/02/2023, 18:05:17",1675341344.3354487,1.0574683000013465,29
2Item9,2,Item9,nomatch,Difficult,CORRECT,25.492838400001347,1675341345.4346316,"02/02/2023, 18:05:45",1675341370.92747,1.2122642000031192,29
2Item10,2,Item10,match,Difficult,CORRECT,63.738461000000825,1675341372.1813562,"02/02/2023, 18:06:12",1675341435.9198172,1.0001579000017955,29
3spl1,3,spl1,match,Easy,CORRECT,6.69834119999723,1675341525.4650717,"02/02/2023, 18:08:45",1675341532.1634128,0.0,29
3Item15,3,Item15,nomatch,Difficult,INCORRECT,11.408544900004928,1675341537.538056,"02/02/2023, 18:08:57",1675341548.946601,0.0,29
3Item2,3,Item2,match,Easy,CORRECT,5.677832400004263,1675341548.9649646,"02/02/2023, 18:09:08",1675341554.642797,0.0,29
3Item5,3,Item5,match,Easy,CORRECT,6.909649900000659,1675341554.6675491,"02/02/2023, 18:09:14",1675341561.577199,0.0,29
3Item12,3,Item12,match,Medium,CORRECT,7.162401099994895,1675341561.5980651,"02/02/2023, 18:09:21",1675341568.7604663,0.0,29
3Item6,3,Item6,match,Easy,CORRECT,5.751210100002936,1675341568.7774928,"02/02/2023, 18:09:28",1675341574.528703,0.0,29
3Item8,3,Item8,nomatch,Medium,CORRECT,15.278758599997673,1675341574.5431156,"02/02/2023, 18:09:34",1675341589.821874,0.0,29
3Item7,3,Item7,match,Medium,CORRECT,16.30919150000409,1675341589.8459811,"02/02/2023, 18:09:49",1675341606.1551726,0.0,29
3Item9,3,Item9,nomatch,Medium,SKIP,25.772808800000348,1675341606.1727514,"02/02/2023, 18:10:06",1675341631.9455602,0.0,29
3Item17,3,Item17,match,Difficult,CORRECT,7.247511599998688,1675341631.9642246,"02/02/2023, 18:10:31",1675341639.2117362,0.0,29
3Item19,3,Item19,0,0,0,19.0,1675341639.2117362,"02/02/2023, 07:40:39",1675341658.2117362,0.0,29
1spl1,1,spl1,match,Easy,CORRECT,8.240369100007229,1676721782.8067105,"18/02/2023, 17:33:02",1676721791.0470796,0.0,30
1spl2,1,spl2,nomatch,Easy,INCORRECT,11.988556899945252,1676721791.1877458,"18/02/2023, 17:33:11",1676721803.176303,0.0,30
1Item1,1,Item1,match,Easy,CORRECT,10.730317700072192,1676721803.2040734,"18/02/2023, 17:33:23",1676721813.934391,0.0,30
1Item2,1,Item2,match,Easy,INCORRECT,4.383897199993953,1676721813.963936,"18/02/2023, 17:33:33",1676721818.3478334,0.0,30
1Item3,1,Item3,match,Easy,INCORRECT,11.557091199909337,1676721818.3789454,"18/02/2023, 17:33:38",1676721829.9360366,0.0,30
1Item4,1,Item4,match,Medium,CORRECT,27.92629420000594,1676721829.9555752,"18/02/2023, 17:33:49",1676721857.8818693,0.0,30
1Item5,1,Item5,nomatch,Medium,INCORRECT,20.12523670005612,1676721857.9070337,"18/02/2023, 17:34:17",1676721878.0322704,0.0,30
1Item6,1,Item6,match,Medium,CORRECT,15.36621740006376,1676721878.0583904,"18/02/2023, 17:34:38",1676721893.4246078,0.0,30
1Item7,1,Item7,match,Difficult,INCORRECT,51.2914719999535,1676721893.4455452,"18/02/2023, 17:34:53",1676721944.7370172,0.0,30
1Item8,1,Item8,nomatch,Difficult,INCORRECT,29.129766300087795,1676721944.765151,"18/02/2023, 17:35:44",1676721973.8949172,0.0,30
1Item9,1,Item9,match,Difficult,CORRECT,31.2715426000068,1676721973.9155638,"18/02/2023, 17:36:13",1676722005.1871064,0.0,30
1Item10,1,Item10,nomatch,Difficult,CORRECT,22.4786247999873,1676722005.216208,"18/02/2023, 17:36:45",1676722027.6948328,0.0,30
2spl1,2,spl1,match,Easy,CORRECT,7.760136600001715,1676722090.315102,"18/02/2023, 17:38:10",1676722098.0752387,0.0,30
2spl2,2,spl2,nomatch,Easy,INCORRECT,9.875112900044767,1676722099.951695,"18/02/2023, 17:38:19",1676722109.826808,0.0,30
2Item1,2,Item1,match,Easy,CORRECT,13.704423999995925,1676722111.603063,"18/02/2023, 17:38:31",1676722125.307487,1.1822187000652775,30
2Item2,2,Item2,match,Easy,CORRECT,13.235493800020777,1676722126.5290246,"18/02/2023, 17:38:46",1676722139.7645185,1.0018174999859184,30
2Item3,2,Item3,match,Easy,CORRECT,15.35566550004296,1676722140.7947848,"18/02/2023, 17:39:00",1676722156.1504502,1.0051173999672756,30
2Item4,2,Item4,nomatch,Medium,INCORRECT,46.83437480009161,1676722157.1936004,"18/02/2023, 17:39:17",1676722204.027975,1.0078769999090582,30
2Item5,2,Item5,match,Medium,CORRECT,18.387202099896967,1676722205.0744357,"18/02/2023, 17:40:05",1676722223.4616375,0.9534836000530048,30
2Item6,2,Item6,match,Medium,CORRECT,46.48775169998408,1676722224.4485514,"18/02/2023, 17:40:24",1676722270.9363031,1.1788245000643656,30
2Item7,2,Item7,match,Difficult,INCORRECT,69.58157549996395,1676722272.1547446,"18/02/2023, 17:41:12",1676722341.73632,0.9022500000428408,30
2Item8,2,Item8,nomatch,Difficult,INCORRECT,20.521347500034608,1676722342.6828096,"18/02/2023, 17:42:22",1676722363.204157,1.0782151999883354,30
2Item9,2,Item9,nomatch,Difficult,INCORRECT,19.838737500016578,1676722364.3150744,"18/02/2023, 17:42:44",1676722384.153812,0.9890144999371842,30
2Item10,2,Item10,match,Difficult,CORRECT,30.380158299929462,1676722385.177632,"18/02/2023, 17:43:05",1676722415.5577905,1.1702977999811992,30
3spl1,3,spl1,match,Easy,CORRECT,4.6056989000644535,1676722473.6853783,"18/02/2023, 17:44:33",1676722478.2910771,0.0,30
3Item15,3,Item15,nomatch,Difficult,CORRECT,5.706607200088911,1676722485.7356806,"18/02/2023, 17:44:45",1676722491.4422877,0.0,30
3Item2,3,Item2,match,Easy,CORRECT,10.421022000024095,1676722491.460466,"18/02/2023, 17:44:51",1676722501.8814878,0.0,30
3Item5,3,Item5,match,Easy,CORRECT,6.689098700066097,1676722501.9043298,"18/02/2023, 17:45:01",1676722508.5934284,0.0,30
3Item12,3,Item12,match,Medium,CORRECT,10.438718999968842,1676722508.617285,"18/02/2023, 17:45:08",1676722519.056004,0.0,30
3Item6,3,Item6,match,Easy,CORRECT,5.237080299993977,1676722519.0736308,"18/02/2023, 17:45:19",1676722524.3107111,0.0,30
3Item8,3,Item8,nomatch,Medium,INCORRECT,39.82540520001203,1676722524.3283088,"18/02/2023, 17:45:24",1676722564.153714,0.0,30
3Item7,3,Item7,match,Medium,CORRECT,22.00146629998926,1676722564.1753397,"18/02/2023, 17:46:04",1676722586.176806,0.0,30
3Item9,3,Item9,nomatch,Medium,CORRECT,5.7938554000575095,1676722586.1975472,"18/02/2023, 17:46:26",1676722591.9914026,0.0,30
3Item17,3,Item17,match,Difficult,INCORRECT,11.355251400033012,1676722592.0077727,"18/02/2023, 17:46:32",1676722603.363024,0.0,30
3Item19,3,Item19,0,0,0,3.0,1676722603.363024,"18/02/2023, 07:16:43",1676722606.363024,0.0,30
1spl1,1,spl1,match,Easy,CORRECT,14.06755290000001,1677158460.5399504,"23/02/2023, 18:51:00",1677158474.6075032,0.0,31
1spl2,1,spl2,nomatch,Easy,CORRECT,7.492091499996604,1677158474.702446,"23/02/2023, 18:51:14",1677158482.1945374,0.0,31
1Item1,1,Item1,match,Easy,CORRECT,10.212465400007204,1677158482.222538,"23/02/2023, 18:51:22",1677158492.4350033,0.0,31
1Item2,1,Item2,match,Easy,CORRECT,24.36000570000033,1677158492.4525883,"23/02/2023, 18:51:32",1677158516.812594,0.0,31
1Item3,1,Item3,match,Easy,CORRECT,16.280141499999445,1677158516.8322742,"23/02/2023, 18:51:56",1677158533.1124158,0.0,31
1Item4,1,Item4,match,Medium,CORRECT,10.467150199998288,1677158533.1304815,"23/02/2023, 18:52:13",1677158543.5976317,0.0,31
1Item5,1,Item5,nomatch,Medium,CORRECT,24.54763079999248,1677158543.615502,"23/02/2023, 18:52:23",1677158568.163133,0.0,31
1Item6,1,Item6,match,Medium,CORRECT,33.19971889999579,1677158568.181828,"23/02/2023, 18:52:48",1677158601.381547,0.0,31
1Item7,1,Item7,match,Difficult,CORRECT,33.097171000001254,1677158601.3991258,"23/02/2023, 18:53:21",1677158634.496297,0.0,31
1Item8,1,Item8,nomatch,Difficult,CORRECT,35.18854839999403,1677158634.5163157,"23/02/2023, 18:53:54",1677158669.704864,0.0,31
1Item9,1,Item9,match,Difficult,INCORRECT,43.92167280000285,1677158669.723215,"23/02/2023, 18:54:29",1677158713.644888,0.0,31
1Item10,1,Item10,nomatch,Difficult,CORRECT,15.573949199999332,1677158713.6654332,"23/02/2023, 18:55:13",1677158729.2393825,0.0,31
2spl1,2,spl1,match,Easy,CORRECT,7.640613599985954,1677158911.5427077,"23/02/2023, 18:58:31",1677158919.1833212,0.0,31
2spl2,2,spl2,nomatch,Easy,CORRECT,38.80914339999436,1677158922.6658647,"23/02/2023, 18:58:42",1677158961.475008,0.0,31
2Item1,2,Item1,match,Easy,CORRECT,10.818895500007784,1677158963.201059,"23/02/2023, 18:59:23",1677158974.0199547,0.9755521999904886,31
2Item2,2,Item2,match,Easy,CORRECT,33.019359600002645,1677158975.0344474,"23/02/2023, 18:59:35",1677159008.053807,1.03540979999525,31
2Item3,2,Item3,match,Easy,CORRECT,15.273060000006808,1677159009.1210113,"23/02/2023, 19:00:09",1677159024.394071,0.8484749000053853,31
2Item4,2,Item4,nomatch,Medium,CORRECT,58.38252349999675,1677159025.2858007,"23/02/2023, 19:00:25",1677159083.6683242,0.7565659999963827,31
2Item5,2,Item5,match,Medium,CORRECT,7.495376799997757,1677159084.4586897,"23/02/2023, 19:01:24",1677159091.9540665,1.0147894999972775,31
2Item6,2,Item6,match,Medium,CORRECT,27.818863000007696,1677159092.9967542,"23/02/2023, 19:01:32",1677159120.815617,0.8676754000043729,31
2Item7,2,Item7,match,Difficult,CORRECT,43.41469900000084,1677159121.7151418,"23/02/2023, 19:02:01",1677159165.1298409,0.8604292000090936,31
2Item8,2,Item8,nomatch,Difficult,INCORRECT,35.38562399998773,1677159166.026183,"23/02/2023, 19:02:46",1677159201.4118068,1.8034882999927504,31
2Item9,2,Item9,nomatch,Difficult,CORRECT,27.101946099995985,1677159203.255905,"23/02/2023, 19:03:23",1677159230.357851,1.0707920999993803,31
2Item10,2,Item10,match,Difficult,CORRECT,9.61457469999732,1677159231.467627,"23/02/2023, 19:03:51",1677159241.0822015,0.860488999998779,31
3spl1,3,spl1,match,Easy,CORRECT,7.541268999993917,1677159358.2462282,"23/02/2023, 19:05:58",1677159365.7874973,0.0,31
3Item15,3,Item15,nomatch,Difficult,INCORRECT,16.02275560000271,1677159370.316898,"23/02/2023, 19:06:10",1677159386.3396535,0.0,31
3Item2,3,Item2,match,Easy,CORRECT,7.135222800003248,1677159386.3581538,"23/02/2023, 19:06:26",1677159393.4933767,0.0,31
3Item5,3,Item5,match,Easy,CORRECT,6.055406300001778,1677159393.5108907,"23/02/2023, 19:06:33",1677159399.566297,0.0,31
3Item12,3,Item12,match,Medium,CORRECT,8.13360709999688,1677159399.5778248,"23/02/2023, 19:06:39",1677159407.711432,0.0,31
3Item6,3,Item6,match,Easy,CORRECT,5.641783699989901,1677159407.727918,"23/02/2023, 19:06:47",1677159413.3697016,0.0,31
3Item8,3,Item8,nomatch,Medium,CORRECT,17.544880899993586,1677159413.390118,"23/02/2023, 19:06:53",1677159430.9349988,0.0,31
3Item7,3,Item7,match,Medium,CORRECT,9.322561000008136,1677159430.9515383,"23/02/2023, 19:07:10",1677159440.274099,0.0,31
3Item9,3,Item9,nomatch,Medium,INCORRECT,18.86613059999945,1677159440.2914915,"23/02/2023, 19:07:20",1677159459.157622,0.0,31
3Item17,3,Item17,0,0,0,31.0,1677159459.157622,"23/02/2023, 08:37:39",1677159490.157622,0.0,31
1spl1,1,spl1,match,Easy,CORRECT,7.235870500007877,1677243752.61373,"24/02/2023, 18:32:32",1677243759.8496006,0.0,32
1spl2,1,spl2,nomatch,Easy,INCORRECT,5.012822500022594,1677243759.9746733,"24/02/2023, 18:32:39",1677243764.9874957,0.0,32
1Item1,1,Item1,match,Easy,CORRECT,11.640511200006586,1677243765.0189471,"24/02/2023, 18:32:45",1677243776.6594584,0.0,32
1Item2,1,Item2,match,Easy,CORRECT,13.798746299988125,1677243776.6755996,"24/02/2023, 18:32:56",1677243790.474346,0.0,32
1Item3,1,Item3,match,Easy,CORRECT,27.082179899996845,1677243790.490722,"24/02/2023, 18:33:10",1677243817.5729015,0.0,32
1Item4,1,Item4,match,Medium,CORRECT,25.109439699997893,1677243817.5885894,"24/02/2023, 18:33:37",1677243842.698029,0.0,32
1Item5,1,Item5,nomatch,Medium,CORRECT,34.925945499999216,1677243842.7138872,"24/02/2023, 18:34:02",1677243877.6398327,0.0,32
1Item6,1,Item6,match,Medium,INCORRECT,17.251038299989887,1677243877.655722,"24/02/2023, 18:34:37",1677243894.9067602,0.0,32
1Item7,1,Item7,match,Difficult,CORRECT,15.183967999997549,1677243894.920792,"24/02/2023, 18:34:54",1677243910.1047602,0.0,32
1Item8,1,Item8,nomatch,Difficult,INCORRECT,32.213256499991985,1677243910.1230023,"24/02/2023, 18:35:10",1677243942.336259,0.0,32
1Item9,1,Item9,match,Difficult,CORRECT,49.965102099988144,1677243942.3512945,"24/02/2023, 18:35:42",1677243992.3163967,0.0,32
1Item10,1,Item10,nomatch,Difficult,SKIP,43.383268000005046,1677243992.3309448,"24/02/2023, 18:36:32",1677244035.714213,0.0,32
2spl1,2,spl1,match,Easy,CORRECT,12.955149199988227,1677244104.917339,"24/02/2023, 18:38:24",1677244117.8724885,0.0,32
2spl2,2,spl2,nomatch,Easy,CORRECT,5.599657899991144,1677244122.9959354,"24/02/2023, 18:38:42",1677244128.5955937,0.0,32
2Item1,2,Item1,match,Easy,CORRECT,6.918041099997936,1677244129.7872334,"24/02/2023, 18:38:49",1677244136.7052743,1.091042300016852,32
2Item2,2,Item2,match,Easy,CORRECT,4.030515700025717,1677244137.8263657,"24/02/2023, 18:38:57",1677244141.8568814,1.0752558000094723,32
2Item3,2,Item3,match,Easy,CORRECT,28.47171199999866,1677244142.9605672,"24/02/2023, 18:39:02",1677244171.432279,1.0437043999845628,32
2Item4,2,Item4,nomatch,Medium,CORRECT,32.370923099981155,1677244172.5058737,"24/02/2023, 18:39:32",1677244204.8767967,1.0006212999869604,32
2Item5,2,Item5,match,Medium,CORRECT,26.17965189999086,1677244205.9042163,"24/02/2023, 18:40:05",1677244232.0838685,0.8862734999856912,32
2Item6,2,Item6,match,Medium,CORRECT,27.040669700014405,1677244233.0011084,"24/02/2023, 18:40:33",1677244260.041778,0.9038548000098672,32
2Item7,2,Item7,match,Difficult,INCORRECT,27.27078330001677,1677244260.9811113,"24/02/2023, 18:41:00",1677244288.2518945,1.215313900000183,32
2Item8,2,Item8,nomatch,Difficult,INCORRECT,40.15399089999846,1677244289.4949744,"24/02/2023, 18:41:29",1677244329.6489654,1.5057214999978896,32
2Item9,2,Item9,nomatch,Difficult,CORRECT,35.07113189998199,1677244331.179272,"24/02/2023, 18:42:11",1677244366.250404,0.7941017000121064,32
2Item10,2,Item10,match,Difficult,CORRECT,24.37868160000653,1677244367.0805714,"24/02/2023, 18:42:47",1677244391.459253,0.907938499993179,32
3spl1,3,spl1,match,Easy,CORRECT,8.4980668000062,1677244457.1130276,"24/02/2023, 18:44:17",1677244465.6110945,0.0,32
3Item15,3,Item15,nomatch,Difficult,INCORRECT,25.538395500014303,1677244469.168401,"24/02/2023, 18:44:29",1677244494.7067964,0.0,32
3Item2,3,Item2,match,Easy,CORRECT,12.105390500015346,1677244494.7217765,"24/02/2023, 18:44:54",1677244506.827167,0.0,32
3Item5,3,Item5,match,Easy,CORRECT,14.75257939999574,1677244506.8494487,"24/02/2023, 18:45:06",1677244521.602028,0.0,32
3Item12,3,Item12,match,Medium,INCORRECT,16.76247639997746,1677244521.6186483,"24/02/2023, 18:45:21",1677244538.3811247,0.0,32
3Item6,3,Item6,match,Easy,CORRECT,9.812888700020268,1677244538.3977742,"24/02/2023, 18:45:38",1677244548.2106628,0.0,32
3Item8,3,Item8,nomatch,Medium,CORRECT,10.17610019998392,1677244548.2359514,"24/02/2023, 18:45:48",1677244558.4120517,0.0,32
3Item7,3,Item7,match,Medium,CORRECT,19.736573400005,1677244558.4267232,"24/02/2023, 18:45:58",1677244578.1632967,0.0,32
3Item9,3,Item9,nomatch,Medium,INCORRECT,8.295660500007216,1677244578.1771295,"24/02/2023, 18:46:18",1677244586.47279,0.0,32
3Item17,3,Item17,0,0,0,2.0,1677244586.47279,"24/02/2023, 08:16:26",1677244588.47279,0.0,32
1spl1,1,spl1,match,Easy,CORRECT,20.166847300017253,1675945360.9262147,"09/02/2023, 17:52:41",1675945381.093062,0.0,33
1Item1,1,Item1,match,Easy,CORRECT,7.917779100011103,1675945421.018663,"09/02/2023, 17:53:41",1675945428.936442,0.0,33
1Item2,1,Item2,match,Easy,CORRECT,14.401597199990649,1675945428.9728336,"09/02/2023, 17:53:48",1675945443.374431,0.0,33
1Item3,1,Item3,match,Easy,CORRECT,32.624934499996016,1675945443.4094532,"09/02/2023, 17:54:03",1675945476.0343876,0.0,33
1Item4,1,Item4,match,Medium,CORRECT,27.27565060000052,1675945476.0729878,"09/02/2023, 17:54:36",1675945503.3486383,0.0,33
1Item5,1,Item5,nomatch,Medium,INCORRECT,39.73864870000398,1675945503.379984,"09/02/2023, 17:55:03",1675945543.1186326,0.0,33
1Item6,1,Item6,match,Medium,CORRECT,27.82802020001691,1675945543.1558652,"09/02/2023, 17:55:43",1675945570.9838853,0.0,33
1Item7,1,Item7,match,Difficult,INCORRECT,73.83352939999895,1675945571.0179653,"09/02/2023, 17:56:11",1675945644.8514948,0.0,33
1Item8,1,Item8,nomatch,Difficult,CORRECT,45.829385599994566,1675945644.8846843,"09/02/2023, 17:57:24",1675945690.7140698,0.0,33
1Item9,1,Item9,match,Difficult,INCORRECT,9.914739800005918,1675945690.7474062,"09/02/2023, 17:58:10",1675945700.662146,0.0,33
1Item10,1,Item10,0,0,0,20.0,1675945700.662146,"09/02/2023, 07:28:20",1675945720.662146,0.0,33
2spl1,2,spl1,match,Easy,CORRECT,4.906120200001169,1675945788.555347,"09/02/2023, 17:59:48",1675945793.4614673,0.0,33
2spl2,2,spl2,nomatch,Easy,CORRECT,22.785711199976504,1675945795.2067084,"09/02/2023, 17:59:55",1675945817.9924195,0.0,33
2Item1,2,Item1,match,Easy,CORRECT,5.59716330000083,1675945819.5365925,"09/02/2023, 18:00:19",1675945825.1337557,1.0049017000128515,33
2Item2,2,Item2,match,Easy,CORRECT,12.460655000002587,1675945826.184944,"09/02/2023, 18:00:26",1675945838.645599,0.9722513000015168,33
2Item3,2,Item3,match,Easy,CORRECT,25.083128800004488,1675945839.6674962,"09/02/2023, 18:00:39",1675945864.750625,0.9860968999855686,33
2Item4,2,Item4,nomatch,Medium,CORRECT,45.7797273999895,1675945865.78966,"09/02/2023, 18:01:05",1675945911.5693874,0.6730136999976821,33
2Item5,2,Item5,match,Medium,CORRECT,40.18555940000806,1675945912.2875535,"09/02/2023, 18:01:52",1675945952.473113,0.8314381999953184,33
2Item6,2,Item6,match,Medium,INCORRECT,12.67781880000257,1675945953.369567,"09/02/2023, 18:02:33",1675945966.0473857,18.470142200007103,33
2Item7,2,Item7,match,Difficult,CORRECT,34.846048100007465,1675945984.59202,"09/02/2023, 18:03:04",1675946019.4380682,0.7198004999954719,33
2Item8,2,Item8,nomatch,Difficult,INCORRECT,29.339423199999143,1675946020.1999393,"09/02/2023, 18:03:40",1675946049.5393624,22.991412700008368,33
2Item9,2,Item9,nomatch,Difficult,CORRECT,12.497997800004669,1675946072.601653,"09/02/2023, 18:04:32",1675946085.0996509,0.7930003000074066,33
2Item10,2,Item10,match,Difficult,INCORRECT,54.51891980000073,1675946085.9455986,"09/02/2023, 18:04:45",1675946140.4645183,1.0444863000011535,33
3spl1,3,spl1,match,Easy,CORRECT,6.081576700002188,1675946191.226425,"09/02/2023, 18:06:31",1675946197.3080015,0.0,33
3Item15,3,Item15,nomatch,Difficult,SKIP,15.712770299986005,1675946203.294629,"09/02/2023, 18:06:43",1675946219.007399,0.0,33
3Item2,3,Item2,match,Easy,CORRECT,5.512495700008003,1675946219.034617,"09/02/2023, 18:06:59",1675946224.5471127,0.0,33
3Item5,3,Item5,match,Easy,CORRECT,8.146543699986069,1675946224.5736065,"09/02/2023, 18:07:04",1675946232.7201502,0.0,33
3Item12,3,Item12,match,Medium,INCORRECT,12.362167799990855,1675946232.751362,"09/02/2023, 18:07:12",1675946245.11353,0.0,33
3Item6,3,Item6,match,Easy,CORRECT,7.492692900006659,1675946245.1443796,"09/02/2023, 18:07:25",1675946252.6370726,0.0,33
3Item8,3,Item8,nomatch,Medium,CORRECT,13.036697400006233,1675946252.6699214,"09/02/2023, 18:07:32",1675946265.7066188,0.0,33
3Item7,3,Item7,match,Medium,CORRECT,14.705168100015726,1675946265.7357564,"09/02/2023, 18:07:45",1675946280.4409244,0.0,33
3Item9,3,Item9,nomatch,Medium,CORRECT,25.664657399989665,1675946280.47341,"09/02/2023, 18:08:00",1675946306.1380672,0.0,33
3Item17,3,Item17,match,Difficult,INCORRECT,8.231893599993782,1675946306.1743135,"09/02/2023, 18:08:26",1675946314.406207,0.0,33
3Item19,3,Item19,0,0,0,10.0,1675946314.406207,"09/02/2023, 07:38:34",1675946324.406207,0.0,33
1spl1,1,spl1,match,Easy,CORRECT,19.33838339999784,1677066953.394785,"22/02/2023, 17:25:53",1677066972.7331684,0.0,34
1spl2,1,spl2,nomatch,Easy,CORRECT,29.443680899916217,1677066972.853205,"22/02/2023, 17:26:12",1677067002.296886,0.0,34
1Item1,1,Item1,match,Easy,CORRECT,7.007279300014488,1677067002.3275082,"22/02/2023, 17:26:42",1677067009.3347876,0.0,34
1Item2,1,Item2,match,Easy,CORRECT,17.238152899895795,1677067009.3570085,"22/02/2023, 17:26:49",1677067026.5951614,0.0,34
1Item3,1,Item3,match,Easy,CORRECT,0.0390503000235185,1677067026.6276438,"22/02/2023, 17:27:06",1677067026.6666942,0.0,34
1Item4,1,Item4,match,Medium,CORRECT,31.372320299968123,1677067026.6786337,"22/02/2023, 17:27:06",1677067058.050954,0.0,34
1Item5,1,Item5,nomatch,Medium,CORRECT,57.10157509997953,1677067058.0776963,"22/02/2023, 17:27:38",1677067115.1792717,0.0,34
1Item6,1,Item6,match,Medium,CORRECT,27.77210850000847,1677067115.2009058,"22/02/2023, 17:28:35",1677067142.9730144,0.0,34
1Item7,1,Item7,match,Difficult,CORRECT,16.890826499904506,1677067142.9991372,"22/02/2023, 17:29:02",1677067159.8899636,0.0,34
1Item8,1,Item8,nomatch,Difficult,CORRECT,95.91196199995466,1677067159.9148986,"22/02/2023, 17:29:19",1677067255.826861,0.0,34
1Item9,1,Item9,match,Difficult,INCORRECT,23.697866500006057,1677067255.8484282,"22/02/2023, 17:30:55",1677067279.5462947,0.0,34
1Item10,1,Item10,nomatch,Difficult,CORRECT,21.73576630000025,1677067279.5688305,"22/02/2023, 17:31:19",1677067301.304597,0.0,34
2spl1,2,spl1,match,Easy,CORRECT,10.063212000066414,1677067402.0253053,"22/02/2023, 17:33:22",1677067412.0885172,0.0,34
2spl2,2,spl2,nomatch,Easy,INCORRECT,17.257304800092243,1677067414.5079348,"22/02/2023, 17:33:34",1677067431.7652397,0.0,34
2Item1,2,Item1,match,Easy,CORRECT,8.20820019999519,1677067433.6064696,"22/02/2023, 17:33:53",1677067441.8146698,8.524986900039949,34
2Item2,2,Item2,match,Easy,CORRECT,8.901654500048608,1677067450.3836854,"22/02/2023, 17:34:10",1677067459.2853398,1.1040821999777108,34
2Item3,2,Item3,match,Easy,CORRECT,9.432751600048505,1677067460.4287858,"22/02/2023, 17:34:20",1677067469.8615377,1.2102097000461072,34
2Item4,2,Item4,nomatch,Medium,CORRECT,49.73090169997886,1677067471.107375,"22/02/2023, 17:34:31",1677067520.8382766,1.3507854000199586,34
2Item5,2,Item5,match,Medium,CORRECT,26.377760999952443,1677067522.2207887,"22/02/2023, 17:35:22",1677067548.5985496,0.9163426000159234,34
2Item6,2,Item6,match,Medium,CORRECT,12.485067299916407,1677067549.5616035,"22/02/2023, 17:35:49",1677067562.046671,1.9951442999299616,34
2Item7,2,Item7,match,Difficult,CORRECT,25.6479682000354,1677067564.0785036,"22/02/2023, 17:36:04",1677067589.726472,0.8846446999814361,34
2Item8,2,Item8,nomatch,Difficult,INCORRECT,24.534112700028345,1677067590.6387713,"22/02/2023, 17:36:30",1677067615.172884,3.1380329000530764,34
2Item9,2,Item9,nomatch,Difficult,CORRECT,23.15369239996653,1677067618.3448226,"22/02/2023, 17:36:58",1677067641.4985151,0.9151399000547826,34
2Item10,2,Item10,match,Difficult,CORRECT,17.20780279999599,1677067642.4528975,"22/02/2023, 17:37:22",1677067659.6607003,1.2361312001012266,34
3spl1,3,spl1,match,Easy,CORRECT,8.228338599903509,1677067734.9140122,"22/02/2023, 17:38:54",1677067743.142351,0.0,34
3Item15,3,Item15,nomatch,Difficult,CORRECT,11.876804400002584,1677067747.0023503,"22/02/2023, 17:39:07",1677067758.8791547,0.0,34
3Item2,3,Item2,match,Easy,CORRECT,7.890086200088263,1677067758.901229,"22/02/2023, 17:39:18",1677067766.791315,0.0,34
3Item5,3,Item5,match,Easy,CORRECT,11.329936900059693,1677067766.813661,"22/02/2023, 17:39:26",1677067778.143598,0.0,34
3Item12,3,Item12,match,Medium,SKIP,8.87920809991192,1677067778.1693146,"22/02/2023, 17:39:38",1677067787.0485227,0.0,34
3Item6,3,Item6,match,Easy,CORRECT,9.04520360007882,1677067787.0731044,"22/02/2023, 17:39:47",1677067796.118308,0.0,34
3Item8,3,Item8,nomatch,Medium,INCORRECT,13.19982009998057,1677067796.1430297,"22/02/2023, 17:39:56",1677067809.3428495,0.0,34
3Item7,3,Item7,match,Medium,CORRECT,11.287342900061049,1677067809.3661976,"22/02/2023, 17:40:09",1677067820.6535404,0.0,34
3Item9,3,Item9,nomatch,Medium,CORRECT,9.915261399932206,1677067820.6843626,"22/02/2023, 17:40:20",1677067830.5996242,0.0,34
3Item17,3,Item17,match,Difficult,CORRECT,8.066289300099015,1677067830.6190872,"22/02/2023, 17:40:30",1677067838.6853764,0.0,34
3Item19,3,Item19,nomatch,Difficult,INCORRECT,7.006653900025412,1677067838.712668,"22/02/2023, 17:40:38",1677067845.7193215,0.0,34
3Item11,3,Item11,match,Medium,SKIP,3.6692601999966414,1677067845.737849,"22/02/2023, 17:40:45",1677067849.4071093,0.0,34
3Item4,3,Item4,match,Easy,CORRECT,1.9583951000822708,1677067849.4318457,"22/02/2023, 17:40:49",1677067851.390241,0.0,34
3Item13,3,Item13,match,Difficult,SKIP,1.4869608000153676,1677067851.4112716,"22/02/2023, 17:40:51",1677067852.8982325,0.0,34
3Item10,3,Item10,match,Medium,CORRECT,1.980472299968824,1677067852.9196956,"22/02/2023, 17:40:52",1677067854.900168,0.0,34
3Item14,3,Item14,match,Difficult,CORRECT,2.0206689999904484,1677067854.9238284,"22/02/2023, 17:40:54",1677067856.944497,0.0,34
3Item3,3,Item3,match,Easy,CORRECT,5.166264500003308,1677067856.968137,"22/02/2023, 17:40:56",1677067862.1344016,0.0,34
3Item20,3,Item20,match,Difficult,CORRECT,1.7181134999264032,1677067862.1527836,"22/02/2023, 17:41:02",1677067863.870897,0.0,34
3Item18,3,Item18,nomatch,Difficult,CORRECT,2.2976918999338523,1677067863.886114,"22/02/2023, 17:41:03",1677067866.1838057,0.0,34
3Item16,3,Item16,nomatch,Difficult,CORRECT,1.1275175000773745,1677067866.2008898,"22/02/2023, 17:41:06",1677067867.3284073,0.0,34
1spl1,1,spl1,match,Easy,CORRECT,10.921644000000017,1678712056.2241728,"13/03/2023, 18:24:16",1678712067.1458168,0.0,35
1spl2,1,spl2,nomatch,Easy,CORRECT,8.756087299999763,1678712067.245518,"13/03/2023, 18:24:27",1678712076.0016053,0.0,35
1Item1,1,Item1,match,Easy,CORRECT,13.077469600000311,1678712076.043074,"13/03/2023, 18:24:36",1678712089.1205437,0.0,35
1Item2,1,Item2,match,Easy,CORRECT,11.16621699999996,1678712089.141879,"13/03/2023, 18:24:49",1678712100.3080962,0.0,35
1Item3,1,Item3,match,Easy,CORRECT,21.966550899999675,1678712100.3392038,"13/03/2023, 18:25:00",1678712122.305755,0.0,35
1Item4,1,Item4,match,Medium,CORRECT,24.68780250000009,1678712122.332456,"13/03/2023, 18:25:22",1678712147.020259,0.0,35
1Item5,1,Item5,nomatch,Medium,INCORRECT,44.53068480000002,1678712147.0477192,"13/03/2023, 18:25:47",1678712191.578404,0.0,35
1Item6,1,Item6,match,Medium,CORRECT,18.648239199999807,1678712191.6049943,"13/03/2023, 18:26:31",1678712210.2532334,0.0,35
1Item7,1,Item7,match,Difficult,CORRECT,28.365789400000267,1678712210.2746055,"13/03/2023, 18:26:50",1678712238.640395,0.0,35
1Item8,1,Item8,nomatch,Difficult,CORRECT,26.874237300000004,1678712238.6642294,"13/03/2023, 18:27:18",1678712265.5384667,0.0,35
1Item9,1,Item9,match,Difficult,INCORRECT,26.712653800000226,1678712265.5557537,"13/03/2023, 18:27:45",1678712292.2684076,0.0,35
1Item10,1,Item10,nomatch,Difficult,CORRECT,28.01459419999992,1678712292.286271,"13/03/2023, 18:28:12",1678712320.3008654,0.0,35
2spl1,2,spl1,match,Easy,CORRECT,6.521015299999817,1678712410.191775,"13/03/2023, 18:30:10",1678712416.7127905,0.0,35
2spl2,2,spl2,nomatch,Easy,CORRECT,8.337806300000011,1678712418.9823012,"13/03/2023, 18:30:18",1678712427.3201077,0.0,35
2Item1,2,Item1,match,Easy,CORRECT,7.895921000000271,1678712429.096856,"13/03/2023, 18:30:29",1678712436.992777,1.495067199999994,35
2Item2,2,Item2,match,Easy,CORRECT,7.70746169999984,1678712438.530268,"13/03/2023, 18:30:38",1678712446.2377295,1.1065620999997918,35
2Item3,2,Item3,match,Easy,CORRECT,6.950031899999885,1678712447.386299,"13/03/2023, 18:30:47",1678712454.336331,1.0370740000003025,35
2Item4,2,Item4,nomatch,Medium,INCORRECT,11.409975600000053,1678712455.410485,"13/03/2023, 18:30:55",1678712466.8204606,3.621551100000033,35
2Item5,2,Item5,match,Medium,CORRECT,11.059298300000137,1678712470.482041,"13/03/2023, 18:31:10",1678712481.5413392,1.0434031999998297,35
2Item6,2,Item6,match,Medium,CORRECT,17.7650778000002,1678712482.6195166,"13/03/2023, 18:31:22",1678712500.3845944,1.2145267999999303,35
2Item7,2,Item7,match,Difficult,CORRECT,30.66804050000019,1678712501.6335506,"13/03/2023, 18:31:41",1678712532.3015912,1.4652446000000054,35
2Item8,2,Item8,nomatch,Difficult,INCORRECT,13.528126800000337,1678712533.8005166,"13/03/2023, 18:32:13",1678712547.328643,1.2414913000002343,35
2Item9,2,Item9,nomatch,Difficult,CORRECT,11.057272999999896,1678712548.6076524,"13/03/2023, 18:32:28",1678712559.664925,1.0661134000001766,35
2Item10,2,Item10,match,Difficult,INCORRECT,23.09561010000016,1678712560.7682335,"13/03/2023, 18:32:40",1678712583.8638437,1.3293444000000818,35
3spl1,3,spl1,match,Easy,CORRECT,5.556241100000079,1678712647.8126774,"13/03/2023, 18:34:07",1678712653.3689184,0.0,35
3spl2,3,spl2,nomatch,Easy,CORRECT,3.604095500000312,1678712653.396123,"13/03/2023, 18:34:13",1678712657.0002184,0.0,35
3Item15,3,Item15,nomatch,Difficult,INCORRECT,10.50068020000026,1678712657.0199442,"13/03/2023, 18:34:17",1678712667.5206244,0.0,35
3Item2,3,Item2,match,Easy,CORRECT,4.015874599999734,1678712667.5440211,"13/03/2023, 18:34:27",1678712671.5598958,0.0,35
3Item5,3,Item5,match,Easy,CORRECT,3.264534199999616,1678712671.5853708,"13/03/2023, 18:34:31",1678712674.849905,0.0,35
3Item12,3,Item12,match,Medium,CORRECT,6.697119999999813,1678712674.8757465,"13/03/2023, 18:34:34",1678712681.5728664,0.0,35
3Item6,3,Item6,match,Easy,CORRECT,2.6436979000000065,1678712681.5961237,"13/03/2023, 18:34:41",1678712684.2398217,0.0,35
3Item8,3,Item8,nomatch,Medium,INCORRECT,9.313765899999908,1678712684.2631748,"13/03/2023, 18:34:44",1678712693.5769408,0.0,35
3Item7,3,Item7,match,Medium,CORRECT,11.701664600000186,1678712693.601086,"13/03/2023, 18:34:53",1678712705.3027506,0.0,35
3Item9,3,Item9,nomatch,Medium,INCORRECT,9.032180400000016,1678712705.3206491,"13/03/2023, 18:35:05",1678712714.3528297,0.0,35
3Item17,3,Item17,match,Difficult,INCORRECT,13.30826829999978,1678712714.3722804,"13/03/2023, 18:35:14",1678712727.680549,0.0,35
3Item19,3,Item19,nomatch,Difficult,INCORRECT,17.663503799999944,1678712727.6987894,"13/03/2023, 18:35:27",1678712745.3622932,0.0,35
3Item11,3,Item11,match,Medium,INCORRECT,13.15117629999986,1678712745.3909934,"13/03/2023, 18:35:45",1678712758.5421696,0.0,35
3Item4,3,Item4,match,Easy,CORRECT,5.082134699999642,1678712758.5642886,"13/03/2023, 18:35:58",1678712763.646423,0.0,35
3Item13,3,Item13,match,Difficult,CORRECT,5.073703000000023,1678712763.6713574,"13/03/2023, 18:36:03",1678712768.7450604,0.0,35
3Item10,3,Item10,match,Medium,CORRECT,6.926343500000257,1678712768.7678258,"13/03/2023, 18:36:08",1678712775.6941693,0.0,35
3Item14,3,Item14,0,0,0,2.0,1678712775.6941693,"13/03/2023, 09:06:15",1678712777.6941693,0.0,35
1spl1,1,spl1,match,Easy,CORRECT,21.65882650000276,1676547666.0619931,"16/02/2023, 17:11:06",1676547687.7208197,0.0,36
1spl2,1,spl2,nomatch,Easy,CORRECT,19.895447800052352,1676547687.838626,"16/02/2023, 17:11:27",1676547707.7340736,0.0,36
1Item1,1,Item1,match,Easy,CORRECT,16.446395899984054,1676547707.7747843,"16/02/2023, 17:11:47",1676547724.2211802,0.0,36
1Item2,1,Item2,match,Easy,CORRECT,22.580389000009745,1676547724.2503257,"16/02/2023, 17:12:04",1676547746.8307147,0.0,36
1Item3,1,Item3,match,Easy,CORRECT,36.709894000028726,1676547746.8612456,"16/02/2023, 17:12:26",1676547783.5711396,0.0,36
1Item4,1,Item4,match,Medium,CORRECT,24.84793469996657,1676547783.5976546,"16/02/2023, 17:13:03",1676547808.4455893,0.0,36
1Item5,1,Item5,nomatch,Medium,CORRECT,57.72870199999306,1676547808.4882474,"16/02/2023, 17:13:28",1676547866.2169497,0.0,36
1Item6,1,Item6,match,Medium,CORRECT,31.988669899990786,1676547866.2549636,"16/02/2023, 17:14:26",1676547898.2436335,0.0,36
1Item7,1,Item7,match,Difficult,CORRECT,59.1231901999563,1676547898.280372,"16/02/2023, 17:14:58",1676547957.403562,0.0,36
1Item8,1,Item8,nomatch,Difficult,INCORRECT,18.891876100038644,1676547957.4420254,"16/02/2023, 17:15:57",1676547976.3339014,0.0,36
1Item9,1,Item9,0,0,0,31.0,1676547976.3339014,"16/02/2023, 06:46:16",1676548007.3339014,0.0,36
2spl1,2,spl1,match,Easy,CORRECT,9.901487700000873,1676548155.685783,"16/02/2023, 17:19:15",1676548165.5872705,0.0,36
2spl2,2,spl2,nomatch,Easy,CORRECT,10.741021800029555,1676548167.3503208,"16/02/2023, 17:19:27",1676548178.0913427,0.0,36
2Item1,2,Item1,match,Easy,CORRECT,8.553143900004216,1676548179.3173954,"16/02/2023, 17:19:39",1676548187.8705394,1.20829020004021,36
2Item2,2,Item2,match,Easy,CORRECT,8.977928999986034,1676548189.1188,"16/02/2023, 17:19:49",1676548198.096729,1.0466064000502229,36
2Item3,2,Item3,match,Easy,CORRECT,7.062021899968386,1676548199.183992,"16/02/2023, 17:19:59",1676548206.246014,1.0263559000450186,36
2Item4,2,Item4,nomatch,Medium,CORRECT,23.190088899980765,1676548207.3227594,"16/02/2023, 17:20:07",1676548230.5128484,1.0421393000287935,36
2Item5,2,Item5,match,Medium,CORRECT,16.106598199985456,1676548231.611122,"16/02/2023, 17:20:31",1676548247.71772,0.9960331000038424,36
2Item6,2,Item6,match,Medium,CORRECT,22.033332299964968,1676548248.759976,"16/02/2023, 17:20:48",1676548270.7933085,1.0684614999918267,36
2Item7,2,Item7,match,Difficult,INCORRECT,27.165884999965783,1676548271.9177072,"16/02/2023, 17:21:11",1676548299.0835922,15.357318700000178,36
2Item8,2,Item8,nomatch,Difficult,INCORRECT,43.71240959997522,1676548314.5101953,"16/02/2023, 17:21:54",1676548358.2226048,1.749294099980034,36
2Item9,2,Item9,nomatch,Difficult,INCORRECT,25.33839629997965,1676548360.0074582,"16/02/2023, 17:22:40",1676548385.3458543,1.632273500028532,36
2Item10,2,Item10,match,Difficult,INCORRECT,22.145969400007743,1676548387.0243309,"16/02/2023, 17:23:07",1676548409.1703002,1.4913546000025235,36
3spl1,3,spl1,match,Easy,CORRECT,7.031947299954481,1676548499.762546,"16/02/2023, 17:24:59",1676548506.7944934,0.0,36
3Item15,3,Item15,nomatch,Difficult,INCORRECT,6.260559899965301,1676548511.8322656,"16/02/2023, 17:25:11",1676548518.0928254,0.0,36
3Item2,3,Item2,match,Easy,CORRECT,10.836542900011407,1676548518.1171434,"16/02/2023, 17:25:18",1676548528.9536862,0.0,36
3Item5,3,Item5,match,Easy,CORRECT,7.405727899982594,1676548528.983178,"16/02/2023, 17:25:28",1676548536.3889058,0.0,36
3Item12,3,Item12,match,Medium,SKIP,6.175273799977731,1676548536.4213924,"16/02/2023, 17:25:36",1676548542.5966663,0.0,36
3Item6,3,Item6,match,Easy,CORRECT,8.395301899989136,1676548542.621797,"16/02/2023, 17:25:42",1676548551.017099,0.0,36
3Item8,3,Item8,nomatch,Medium,SKIP,10.399893800029531,1676548551.051438,"16/02/2023, 17:25:51",1676548561.451332,0.0,36
3Item7,3,Item7,match,Medium,CORRECT,20.303863500012085,1676548561.4883144,"16/02/2023, 17:26:01",1676548581.792178,0.0,36
3Item9,3,Item9,nomatch,Medium,SKIP,24.325016499962658,1676548581.8340948,"16/02/2023, 17:26:21",1676548606.1591113,0.0,36
3Item17,3,Item17,match,Difficult,SKIP,10.915971499984153,1676548606.1908014,"16/02/2023, 17:26:46",1676548617.106773,0.0,36
3Item19,3,Item19,nomatch,Difficult,INCORRECT,13.461763600003906,1676548617.141123,"16/02/2023, 17:26:57",1676548630.602887,0.0,36
3Item11,3,Item11,0,0,0,2.0,1676548630.602887,"16/02/2023, 06:57:10",1676548632.602887,0.0,36
1spl1,1,spl1,match,Easy,CORRECT,18.195022600000016,1676030454.5388882,"10/02/2023, 17:30:54",1676030472.7339108,0.0,37
1spl2,1,spl2,nomatch,Easy,CORRECT,21.25541609999993,1676030472.8589506,"10/02/2023, 17:31:12",1676030494.1143668,0.0,37
1Item1,1,Item1,match,Easy,CORRECT,10.80821370000001,1676030494.1486075,"10/02/2023, 17:31:34",1676030504.9568212,0.0,37
1Item2,1,Item2,match,Easy,CORRECT,12.991722200000028,1676030504.9802668,"10/02/2023, 17:31:44",1676030517.971989,0.0,37
1Item3,1,Item3,match,Easy,CORRECT,14.417585099999997,1676030517.996229,"10/02/2023, 17:31:57",1676030532.413814,0.0,37
1Item4,1,Item4,match,Medium,CORRECT,15.793671300000028,1676030532.4392014,"10/02/2023, 17:32:12",1676030548.2328727,0.0,37
1Item5,1,Item5,nomatch,Medium,CORRECT,50.17515100000003,1676030548.259025,"10/02/2023, 17:32:28",1676030598.4341762,0.0,37
1Item6,1,Item6,match,Medium,CORRECT,63.466965800000025,1676030598.459951,"10/02/2023, 17:33:18",1676030661.9269168,0.0,37
1Item7,1,Item7,match,Difficult,CORRECT,34.30326930000001,1676030661.9492407,"10/02/2023, 17:34:21",1676030696.25251,0.0,37
1Item8,1,Item8,nomatch,Difficult,CORRECT,19.424370200000112,1676030696.2774374,"10/02/2023, 17:34:56",1676030715.7018075,0.0,37
1Item9,1,Item9,match,Difficult,SKIP,8.398458399999981,1676030715.7251885,"10/02/2023, 17:35:15",1676030724.123647,0.0,37
1Item10,1,Item10,nomatch,Difficult,CORRECT,49.25153249999994,1676030724.1436942,"10/02/2023, 17:35:24",1676030773.3952267,0.0,37
2spl1,2,spl1,match,Easy,CORRECT,7.984480200000007,1676030885.9897497,"10/02/2023, 17:38:05",1676030893.9742298,0.0,37
2spl2,2,spl2,nomatch,Easy,CORRECT,8.376939700000094,1676030896.7127335,"10/02/2023, 17:38:16",1676030905.0896733,0.0,37
2Item1,2,Item1,match,Easy,CORRECT,9.994966200000135,1676030907.56485,"10/02/2023, 17:38:27",1676030917.5598164,1.7564746999998988,37
2Item2,2,Item2,match,Easy,CORRECT,6.573889100000088,1676030919.3482144,"10/02/2023, 17:38:39",1676030925.9221034,3.674948000000086,37
2Item3,2,Item3,match,Easy,CORRECT,5.927661700000044,1676030929.6453395,"10/02/2023, 17:38:49",1676030935.5730011,1.4550438999999642,37
2Item4,2,Item4,nomatch,Medium,INCORRECT,23.732152499999984,1676030937.0691836,"10/02/2023, 17:38:57",1676030960.801336,4.080238699999882,37
2Item5,2,Item5,match,Medium,CORRECT,12.344397700000172,1676030964.9227664,"10/02/2023, 17:39:24",1676030977.2671642,1.36893259999988,37
2Item6,2,Item6,match,Medium,CORRECT,18.195788400000083,1676030978.6725836,"10/02/2023, 17:39:38",1676030996.868372,1.405647899999849,37
2Item7,2,Item7,match,Difficult,INCORRECT,18.043300000000045,1676030998.3091722,"10/02/2023, 17:39:58",1676031016.352472,1.1555031999998846,37
2Item8,2,Item8,nomatch,Difficult,CORRECT,34.26572190000002,1676031017.5376482,"10/02/2023, 17:40:17",1676031051.80337,1.0721748000000844,37
2Item9,2,Item9,nomatch,Difficult,CORRECT,25.048603800000137,1676031052.9099033,"10/02/2023, 17:40:52",1676031077.958507,1.7052886999999828,37
2Item10,2,Item10,match,Difficult,INCORRECT,26.751413700000057,1676031079.6984544,"10/02/2023, 17:41:19",1676031106.449868,1.578026900000168,37
3spl1,3,spl1,match,Easy,CORRECT,8.09063950000018,1676031234.4660056,"10/02/2023, 17:43:54",1676031242.5566452,0.0,37
3spl2,3,spl2,nomatch,Easy,SKIP,2.720044400000006,1676031242.5967526,"10/02/2023, 17:44:02",1676031245.316797,0.0,37
3Item15,3,Item15,nomatch,Difficult,INCORRECT,9.042675400000007,1676031245.3424346,"10/02/2023, 17:44:05",1676031254.38511,0.0,37
3Item2,3,Item2,match,Easy,CORRECT,4.897751700000072,1676031254.4095192,"10/02/2023, 17:44:14",1676031259.307271,0.0,37
3Item5,3,Item5,match,Easy,CORRECT,3.534861800000044,1676031259.3317678,"10/02/2023, 17:44:19",1676031262.8666296,0.0,37
3Item12,3,Item12,match,Medium,SKIP,1.9228749999999764,1676031262.878724,"10/02/2023, 17:44:22",1676031264.801599,0.0,37
3Item6,3,Item6,match,Easy,CORRECT,3.899294600000076,1676031264.814926,"10/02/2023, 17:44:24",1676031268.7142203,0.0,37
3Item8,3,Item8,nomatch,Medium,INCORRECT,12.10858159999998,1676031268.7326837,"10/02/2023, 17:44:28",1676031280.8412652,0.0,37
3Item7,3,Item7,match,Medium,CORRECT,20.349140699999907,1676031280.859512,"10/02/2023, 17:44:40",1676031301.2086527,0.0,37
3Item9,3,Item9,nomatch,Medium,SKIP,17.233823699999903,1676031301.233285,"10/02/2023, 17:45:01",1676031318.4671087,0.0,37
3Item17,3,Item17,match,Difficult,CORRECT,15.37112749999983,1676031318.490782,"10/02/2023, 17:45:18",1676031333.8619096,0.0,37
3Item19,3,Item19,nomatch,Difficult,CORRECT,18.63245400000005,1676031333.8867073,"10/02/2023, 17:45:33",1676031352.5191612,0.0,37
3Item11,3,Item11,match,Medium,SKIP,9.380643899999995,1676031352.542658,"10/02/2023, 17:45:52",1676031361.923302,0.0,37
3Item4,3,Item4,match,Easy,CORRECT,2.4246365999999853,1676031361.9491334,"10/02/2023, 17:46:01",1676031364.37377,0.0,37
3Item13,3,Item13,0,0,0,2.0,1676031364.37377,"10/02/2023, 07:16:04",1676031366.37377,0.0,37
1spl1,1,spl1,match,Easy,CORRECT,8.138188899960369,1676982762.4858694,"21/02/2023, 18:02:42",1676982770.6240582,0.0,38
1spl2,1,spl2,nomatch,Easy,CORRECT,7.932416299940087,1676982770.7291362,"21/02/2023, 18:02:50",1676982778.6615524,0.0,38
1Item1,1,Item1,match,Easy,CORRECT,5.371871900046244,1676982778.6942842,"21/02/2023, 18:02:58",1676982784.066156,0.0,38
1Item2,1,Item2,match,Easy,INCORRECT,27.11969580000732,1676982784.0809083,"21/02/2023, 18:03:04",1676982811.2006042,0.0,38
1Item3,1,Item3,match,Easy,CORRECT,6.499669900047593,1676982811.2324011,"21/02/2023, 18:03:31",1676982817.732071,0.0,38
1Item4,1,Item4,match,Medium,CORRECT,8.360629300004803,1676982817.758351,"21/02/2023, 18:03:37",1676982826.1189804,0.0,38
1Item5,1,Item5,nomatch,Medium,CORRECT,36.91112359997351,1676982826.1507378,"21/02/2023, 18:03:46",1676982863.0618613,0.0,38
1Item6,1,Item6,match,Medium,CORRECT,23.03639330004808,1676982863.0914052,"21/02/2023, 18:04:23",1676982886.1277986,0.0,38
1Item7,1,Item7,match,Difficult,CORRECT,31.375596400001086,1676982886.1525834,"21/02/2023, 18:04:46",1676982917.5281796,0.0,38
1Item8,1,Item8,nomatch,Difficult,INCORRECT,65.5705072999699,1676982917.545992,"21/02/2023, 18:05:17",1676982983.1164992,0.0,38
1Item9,1,Item9,match,Difficult,CORRECT,60.93263419996947,1676982983.1341026,"21/02/2023, 18:06:23",1676983044.0667367,0.0,38
1Item10,1,Item10,0,0,0,34.0,1676983044.0667367,"21/02/2023, 07:37:24",1676983078.0667367,0.0,38
2spl1,2,spl1,match,Easy,CORRECT,6.9621841999469325,1676983200.4008956,"21/02/2023, 18:10:00",1676983207.3630798,0.0,38
2spl2,2,spl2,nomatch,Easy,INCORRECT,4.746099599986337,1676983210.6708982,"21/02/2023, 18:10:10",1676983215.416998,0.0,38
2Item1,2,Item1,match,Easy,INCORRECT,4.925089199910872,1676983221.8547342,"21/02/2023, 18:10:21",1676983226.7798233,3.942968300078064,38
2Item2,2,Item2,match,Easy,CORRECT,4.821946399984881,1676983230.764499,"21/02/2023, 18:10:30",1676983235.586445,1.518566400045529,38
2Item3,2,Item3,match,Easy,CORRECT,7.238524899934418,1676983237.1501462,"21/02/2023, 18:10:37",1676983244.3886712,1.2671832999913022,38
2Item4,2,Item4,nomatch,Medium,INCORRECT,14.762336199986748,1676983245.691501,"21/02/2023, 18:10:45",1676983260.4538372,1.9114177000010384,38
2Item5,2,Item5,match,Medium,CORRECT,14.016339499969035,1676983262.4126167,"21/02/2023, 18:11:02",1676983276.4289565,1.4039886998943985,38
2Item6,2,Item6,match,Medium,CORRECT,10.096397999906912,1676983277.8775527,"21/02/2023, 18:11:17",1676983287.9739509,0.9248798000626266,38
2Item7,2,Item7,match,Difficult,CORRECT,43.05735210003331,1676983288.9348586,"21/02/2023, 18:11:28",1676983331.9922106,0.9528897000709547,38
2Item8,2,Item8,nomatch,Difficult,CORRECT,54.913318400038406,1676983332.9866333,"21/02/2023, 18:12:12",1676983387.8999517,0.9754428000887856,38
2Item9,2,Item9,nomatch,Difficult,INCORRECT,6.840318099944852,1676983388.9113874,"21/02/2023, 18:13:08",1676983395.7517056,7.386789400014095,38
2Item10,2,Item10,match,Difficult,CORRECT,40.765947600011714,1676983403.168265,"21/02/2023, 18:13:23",1676983443.9342127,1.1311389000620693,38
3spl1,3,spl1,match,Easy,CORRECT,7.452023699996062,1676983483.279815,"21/02/2023, 18:14:43",1676983490.7318387,0.0,38
3Item15,3,Item15,nomatch,Difficult,CORRECT,11.682001000037417,1676983495.359334,"21/02/2023, 18:14:55",1676983507.041335,0.0,38
3Item2,3,Item2,match,Easy,CORRECT,5.325550799956545,1676983507.0614688,"21/02/2023, 18:15:07",1676983512.3870196,0.0,38
3Item5,3,Item5,match,Easy,CORRECT,6.118358200066723,1676983512.4078531,"21/02/2023, 18:15:12",1676983518.5262113,0.0,38
3Item12,3,Item12,match,Medium,CORRECT,13.64974380005151,1676983518.547897,"21/02/2023, 18:15:18",1676983532.197641,0.0,38
3Item6,3,Item6,match,Easy,CORRECT,5.570295899990015,1676983532.2214885,"21/02/2023, 18:15:32",1676983537.7917843,0.0,38
3Item8,3,Item8,nomatch,Medium,INCORRECT,29.519288799958304,1676983537.8121686,"21/02/2023, 18:15:37",1676983567.3314574,0.0,38
3Item7,3,Item7,match,Medium,CORRECT,18.65077780000865,1676983567.3548338,"21/02/2023, 18:16:07",1676983586.0056117,0.0,38
3Item9,3,Item9,0,0,0,29.0,1676983586.0056117,"21/02/2023, 07:46:26",1676983615.0056117,0.0,38
